preset	category	script	title
audio-enhance-001	audio-enhance	audio-enhance/audio_enhance_001.sh	音频增强
audio-enhance-002	audio-enhance	audio-enhance/audio_enhance_002.sh	音频增强
audio-enhance-003	audio-enhance	audio-enhance/audio_enhance_003.sh	音频增强
audio-enhance-004	audio-enhance	audio-enhance/audio_enhance_004.sh	音频增强
audio-enhance-005	audio-enhance	audio-enhance/audio_enhance_005.sh	音频增强
audio-enhance-006	audio-enhance	audio-enhance/audio_enhance_006.sh	音频增强
audio-enhance-007	audio-enhance	audio-enhance/audio_enhance_007.sh	音频增强
audio-enhance-008	audio-enhance	audio-enhance/audio_enhance_008.sh	音频增强
audio-enhance-009	audio-enhance	audio-enhance/audio_enhance_009.sh	音频增强
audio-enhance-010	audio-enhance	audio-enhance/audio_enhance_010.sh	音频增强
audio-enhance-011	audio-enhance	audio-enhance/audio_enhance_011.sh	音频增强
audio-enhance-012	audio-enhance	audio-enhance/audio_enhance_012.sh	音频增强
audio-enhance-013	audio-enhance	audio-enhance/audio_enhance_013.sh	音频增强
audio-enhance-014	audio-enhance	audio-enhance/audio_enhance_014.sh	音频增强
audio-enhance-015	audio-enhance	audio-enhance/audio_enhance_015.sh	音频增强
audio-enhance-016	audio-enhance	audio-enhance/audio_enhance_016.sh	音频增强
audio-enhance-017	audio-enhance	audio-enhance/audio_enhance_017.sh	音频增强
audio-enhance-018	audio-enhance	audio-enhance/audio_enhance_018.sh	音频增强
audio-enhance-019	audio-enhance	audio-enhance/audio_enhance_019.sh	音频增强
audio-enhance-020	audio-enhance	audio-enhance/audio_enhance_020.sh	音频增强
audio-enhance-021	audio-enhance	audio-enhance/audio_enhance_021.sh	音频增强
audio-enhance-022	audio-enhance	audio-enhance/audio_enhance_022.sh	音频增强
audio-enhance-023	audio-enhance	audio-enhance/audio_enhance_023.sh	音频增强
audio-enhance-024	audio-enhance	audio-enhance/audio_enhance_024.sh	音频增强
audio-enhance-025	audio-enhance	audio-enhance/audio_enhance_025.sh	音频增强
audio-enhance-026	audio-enhance	audio-enhance/audio_enhance_026.sh	音频增强
audio-enhance-027	audio-enhance	audio-enhance/audio_enhance_027.sh	音频增强
audio-enhance-028	audio-enhance	audio-enhance/audio_enhance_028.sh	音频增强
audio-enhance-029	audio-enhance	audio-enhance/audio_enhance_029.sh	音频增强
audio-enhance-030	audio-enhance	audio-enhance/audio_enhance_030.sh	音频增强
audio-enhance-031	audio-enhance	audio-enhance/audio_enhance_031.sh	音频增强
audio-enhance-032	audio-enhance	audio-enhance/audio_enhance_032.sh	音频增强
audio-enhance-033	audio-enhance	audio-enhance/audio_enhance_033.sh	音频增强
audio-enhance-034	audio-enhance	audio-enhance/audio_enhance_034.sh	音频增强
audio-enhance-035	audio-enhance	audio-enhance/audio_enhance_035.sh	音频增强
audio-enhance-036	audio-enhance	audio-enhance/audio_enhance_036.sh	音频增强
audio-enhance-037	audio-enhance	audio-enhance/audio_enhance_037.sh	音频增强
audio-enhance-038	audio-enhance	audio-enhance/audio_enhance_038.sh	音频增强
audio-enhance-039	audio-enhance	audio-enhance/audio_enhance_039.sh	音频增强
audio-enhance-040	audio-enhance	audio-enhance/audio_enhance_040.sh	音频增强
audio-enhance-041	audio-enhance	audio-enhance/audio_enhance_041.sh	音频增强
audio-enhance-042	audio-enhance	audio-enhance/audio_enhance_042.sh	音频增强
audio-enhance-043	audio-enhance	audio-enhance/audio_enhance_043.sh	音频增强
audio-enhance-044	audio-enhance	audio-enhance/audio_enhance_044.sh	音频增强
audio-enhance-045	audio-enhance	audio-enhance/audio_enhance_045.sh	音频增强
audio-enhance-046	audio-enhance	audio-enhance/audio_enhance_046.sh	音频增强
audio-enhance-047	audio-enhance	audio-enhance/audio_enhance_047.sh	音频增强
audio-enhance-048	audio-enhance	audio-enhance/audio_enhance_048.sh	音频增强
audio-enhance-049	audio-enhance	audio-enhance/audio_enhance_049.sh	音频增强
audio-enhance-050	audio-enhance	audio-enhance/audio_enhance_050.sh	音频增强
audio-enhance-051	audio-enhance	audio-enhance/audio_enhance_051.sh	音频增强
audio-enhance-052	audio-enhance	audio-enhance/audio_enhance_052.sh	音频增强
audio-enhance-053	audio-enhance	audio-enhance/audio_enhance_053.sh	音频增强
audio-enhance-054	audio-enhance	audio-enhance/audio_enhance_054.sh	音频增强
audio-enhance-055	audio-enhance	audio-enhance/audio_enhance_055.sh	音频增强
audio-enhance-056	audio-enhance	audio-enhance/audio_enhance_056.sh	音频增强
audio-enhance-057	audio-enhance	audio-enhance/audio_enhance_057.sh	音频增强
audio-enhance-058	audio-enhance	audio-enhance/audio_enhance_058.sh	音频增强
audio-enhance-059	audio-enhance	audio-enhance/audio_enhance_059.sh	音频增强
audio-enhance-060	audio-enhance	audio-enhance/audio_enhance_060.sh	音频增强
audio-enhance-061	audio-enhance	audio-enhance/audio_enhance_061.sh	音频增强
audio-enhance-062	audio-enhance	audio-enhance/audio_enhance_062.sh	音频增强
audio-enhance-063	audio-enhance	audio-enhance/audio_enhance_063.sh	音频增强
audio-enhance-064	audio-enhance	audio-enhance/audio_enhance_064.sh	音频增强
audio-enhance-065	audio-enhance	audio-enhance/audio_enhance_065.sh	音频增强
audio-enhance-066	audio-enhance	audio-enhance/audio_enhance_066.sh	音频增强
audio-enhance-067	audio-enhance	audio-enhance/audio_enhance_067.sh	音频增强
audio-enhance-068	audio-enhance	audio-enhance/audio_enhance_068.sh	音频增强
audio-enhance-069	audio-enhance	audio-enhance/audio_enhance_069.sh	音频增强
audio-enhance-070	audio-enhance	audio-enhance/audio_enhance_070.sh	音频增强
audio-enhance-071	audio-enhance	audio-enhance/audio_enhance_071.sh	音频增强
audio-enhance-072	audio-enhance	audio-enhance/audio_enhance_072.sh	音频增强
audio-enhance-073	audio-enhance	audio-enhance/audio_enhance_073.sh	音频增强
audio-enhance-074	audio-enhance	audio-enhance/audio_enhance_074.sh	音频增强
audio-enhance-075	audio-enhance	audio-enhance/audio_enhance_075.sh	音频增强
audio-enhance-076	audio-enhance	audio-enhance/audio_enhance_076.sh	音频增强
audio-enhance-077	audio-enhance	audio-enhance/audio_enhance_077.sh	音频增强
audio-enhance-078	audio-enhance	audio-enhance/audio_enhance_078.sh	音频增强
audio-enhance-079	audio-enhance	audio-enhance/audio_enhance_079.sh	音频增强
audio-enhance-080	audio-enhance	audio-enhance/audio_enhance_080.sh	音频增强
audio-enhance-081	audio-enhance	audio-enhance/audio_enhance_081.sh	音频增强
audio-enhance-082	audio-enhance	audio-enhance/audio_enhance_082.sh	音频增强
audio-enhance-083	audio-enhance	audio-enhance/audio_enhance_083.sh	音频增强
audio-enhance-084	audio-enhance	audio-enhance/audio_enhance_084.sh	音频增强
audio-enhance-085	audio-enhance	audio-enhance/audio_enhance_085.sh	音频增强
audio-enhance-086	audio-enhance	audio-enhance/audio_enhance_086.sh	音频增强
audio-enhance-087	audio-enhance	audio-enhance/audio_enhance_087.sh	音频增强
audio-enhance-088	audio-enhance	audio-enhance/audio_enhance_088.sh	音频增强
audio-enhance-089	audio-enhance	audio-enhance/audio_enhance_089.sh	音频增强
audio-enhance-090	audio-enhance	audio-enhance/audio_enhance_090.sh	音频增强
audio-enhance-091	audio-enhance	audio-enhance/audio_enhance_091.sh	音频增强
audio-enhance-092	audio-enhance	audio-enhance/audio_enhance_092.sh	音频增强
audio-enhance-093	audio-enhance	audio-enhance/audio_enhance_093.sh	音频增强
audio-enhance-094	audio-enhance	audio-enhance/audio_enhance_094.sh	音频增强
audio-enhance-095	audio-enhance	audio-enhance/audio_enhance_095.sh	音频增强
audio-enhance-096	audio-enhance	audio-enhance/audio_enhance_096.sh	音频增强
audio-enhance-097	audio-enhance	audio-enhance/audio_enhance_097.sh	音频增强
audio-enhance-098	audio-enhance	audio-enhance/audio_enhance_098.sh	音频增强
audio-enhance-099	audio-enhance	audio-enhance/audio_enhance_099.sh	音频增强
audio-enhance-100	audio-enhance	audio-enhance/audio_enhance_100.sh	音频增强
audio-enhance-101	audio-enhance	audio-enhance/audio_enhance_101.sh	音频增强
audio-enhance-102	audio-enhance	audio-enhance/audio_enhance_102.sh	音频增强
audio-enhance-103	audio-enhance	audio-enhance/audio_enhance_103.sh	音频增强
audio-enhance-104	audio-enhance	audio-enhance/audio_enhance_104.sh	音频增强
audio-enhance-105	audio-enhance	audio-enhance/audio_enhance_105.sh	音频增强
audio-enhance-106	audio-enhance	audio-enhance/audio_enhance_106.sh	音频增强
audio-enhance-107	audio-enhance	audio-enhance/audio_enhance_107.sh	音频增强
audio-enhance-108	audio-enhance	audio-enhance/audio_enhance_108.sh	音频增强
audio-enhance-109	audio-enhance	audio-enhance/audio_enhance_109.sh	音频增强
audio-enhance-110	audio-enhance	audio-enhance/audio_enhance_110.sh	音频增强
audio-enhance-111	audio-enhance	audio-enhance/audio_enhance_111.sh	音频增强
audio-enhance-112	audio-enhance	audio-enhance/audio_enhance_112.sh	音频增强
audio-enhance-113	audio-enhance	audio-enhance/audio_enhance_113.sh	音频增强
audio-enhance-114	audio-enhance	audio-enhance/audio_enhance_114.sh	音频增强
audio-enhance-115	audio-enhance	audio-enhance/audio_enhance_115.sh	音频增强
audio-enhance-116	audio-enhance	audio-enhance/audio_enhance_116.sh	音频增强
audio-enhance-117	audio-enhance	audio-enhance/audio_enhance_117.sh	音频增强
audio-enhance-118	audio-enhance	audio-enhance/audio_enhance_118.sh	音频增强
audio-enhance-119	audio-enhance	audio-enhance/audio_enhance_119.sh	音频增强
audio-enhance-120	audio-enhance	audio-enhance/audio_enhance_120.sh	音频增强
audio-enhance-121	audio-enhance	audio-enhance/audio_enhance_121.sh	音频增强
audio-enhance-122	audio-enhance	audio-enhance/audio_enhance_122.sh	音频增强
audio-enhance-123	audio-enhance	audio-enhance/audio_enhance_123.sh	音频增强
audio-enhance-124	audio-enhance	audio-enhance/audio_enhance_124.sh	音频增强
audio-enhance-125	audio-enhance	audio-enhance/audio_enhance_125.sh	音频增强
audio-enhance-126	audio-enhance	audio-enhance/audio_enhance_126.sh	音频增强
audio-enhance-127	audio-enhance	audio-enhance/audio_enhance_127.sh	音频增强
audio-enhance-128	audio-enhance	audio-enhance/audio_enhance_128.sh	音频增强
audio-enhance-129	audio-enhance	audio-enhance/audio_enhance_129.sh	音频增强
audio-enhance-130	audio-enhance	audio-enhance/audio_enhance_130.sh	音频增强
audio-enhance-131	audio-enhance	audio-enhance/audio_enhance_131.sh	音频增强
audio-enhance-132	audio-enhance	audio-enhance/audio_enhance_132.sh	音频增强
audio-enhance-133	audio-enhance	audio-enhance/audio_enhance_133.sh	音频增强
audio-enhance-134	audio-enhance	audio-enhance/audio_enhance_134.sh	音频增强
audio-enhance-135	audio-enhance	audio-enhance/audio_enhance_135.sh	音频增强
audio-enhance-136	audio-enhance	audio-enhance/audio_enhance_136.sh	音频增强
audio-enhance-137	audio-enhance	audio-enhance/audio_enhance_137.sh	音频增强
audio-enhance-138	audio-enhance	audio-enhance/audio_enhance_138.sh	音频增强
audio-enhance-139	audio-enhance	audio-enhance/audio_enhance_139.sh	音频增强
audio-enhance-140	audio-enhance	audio-enhance/audio_enhance_140.sh	音频增强
audio-enhance-141	audio-enhance	audio-enhance/audio_enhance_141.sh	音频增强
audio-enhance-142	audio-enhance	audio-enhance/audio_enhance_142.sh	音频增强
audio-enhance-143	audio-enhance	audio-enhance/audio_enhance_143.sh	音频增强
audio-enhance-144	audio-enhance	audio-enhance/audio_enhance_144.sh	音频增强
audio-enhance-145	audio-enhance	audio-enhance/audio_enhance_145.sh	音频增强
audio-enhance-146	audio-enhance	audio-enhance/audio_enhance_146.sh	音频增强
audio-enhance-147	audio-enhance	audio-enhance/audio_enhance_147.sh	音频增强
audio-enhance-148	audio-enhance	audio-enhance/audio_enhance_148.sh	音频增强
audio-enhance-149	audio-enhance	audio-enhance/audio_enhance_149.sh	音频增强
audio-enhance-150	audio-enhance	audio-enhance/audio_enhance_150.sh	音频增强
audio-enhance-151	audio-enhance	audio-enhance/audio_enhance_151.sh	音频增强
audio-enhance-152	audio-enhance	audio-enhance/audio_enhance_152.sh	音频增强
audio-enhance-153	audio-enhance	audio-enhance/audio_enhance_153.sh	音频增强
audio-enhance-154	audio-enhance	audio-enhance/audio_enhance_154.sh	音频增强
audio-enhance-155	audio-enhance	audio-enhance/audio_enhance_155.sh	音频增强
audio-enhance-156	audio-enhance	audio-enhance/audio_enhance_156.sh	音频增强
audio-enhance-157	audio-enhance	audio-enhance/audio_enhance_157.sh	音频增强
audio-enhance-158	audio-enhance	audio-enhance/audio_enhance_158.sh	音频增强
audio-enhance-159	audio-enhance	audio-enhance/audio_enhance_159.sh	音频增强
audio-enhance-160	audio-enhance	audio-enhance/audio_enhance_160.sh	音频增强
audio-enhance-161	audio-enhance	audio-enhance/audio_enhance_161.sh	音频增强
audio-enhance-162	audio-enhance	audio-enhance/audio_enhance_162.sh	音频增强
audio-enhance-163	audio-enhance	audio-enhance/audio_enhance_163.sh	音频增强
audio-enhance-164	audio-enhance	audio-enhance/audio_enhance_164.sh	音频增强
audio-enhance-165	audio-enhance	audio-enhance/audio_enhance_165.sh	音频增强
audio-enhance-166	audio-enhance	audio-enhance/audio_enhance_166.sh	音频增强
audio-enhance-167	audio-enhance	audio-enhance/audio_enhance_167.sh	音频增强
audio-enhance-168	audio-enhance	audio-enhance/audio_enhance_168.sh	音频增强
audio-enhance-169	audio-enhance	audio-enhance/audio_enhance_169.sh	音频增强
audio-enhance-170	audio-enhance	audio-enhance/audio_enhance_170.sh	音频增强
audio-enhance-171	audio-enhance	audio-enhance/audio_enhance_171.sh	音频增强
audio-enhance-172	audio-enhance	audio-enhance/audio_enhance_172.sh	音频增强
audio-enhance-173	audio-enhance	audio-enhance/audio_enhance_173.sh	音频增强
audio-enhance-174	audio-enhance	audio-enhance/audio_enhance_174.sh	音频增强
audio-enhance-175	audio-enhance	audio-enhance/audio_enhance_175.sh	音频增强
audio-enhance-176	audio-enhance	audio-enhance/audio_enhance_176.sh	音频增强
audio-enhance-177	audio-enhance	audio-enhance/audio_enhance_177.sh	音频增强
audio-enhance-178	audio-enhance	audio-enhance/audio_enhance_178.sh	音频增强
audio-enhance-179	audio-enhance	audio-enhance/audio_enhance_179.sh	音频增强
audio-enhance-180	audio-enhance	audio-enhance/audio_enhance_180.sh	音频增强
audio-enhance-181	audio-enhance	audio-enhance/audio_enhance_181.sh	音频增强
audio-enhance-182	audio-enhance	audio-enhance/audio_enhance_182.sh	音频增强
audio-enhance-183	audio-enhance	audio-enhance/audio_enhance_183.sh	音频增强
audio-enhance-184	audio-enhance	audio-enhance/audio_enhance_184.sh	音频增强
audio-enhance-185	audio-enhance	audio-enhance/audio_enhance_185.sh	音频增强
audio-enhance-186	audio-enhance	audio-enhance/audio_enhance_186.sh	音频增强
audio-enhance-187	audio-enhance	audio-enhance/audio_enhance_187.sh	音频增强
audio-enhance-188	audio-enhance	audio-enhance/audio_enhance_188.sh	音频增强
audio-enhance-189	audio-enhance	audio-enhance/audio_enhance_189.sh	音频增强
audio-enhance-190	audio-enhance	audio-enhance/audio_enhance_190.sh	音频增强
audio-enhance-191	audio-enhance	audio-enhance/audio_enhance_191.sh	音频增强
audio-enhance-192	audio-enhance	audio-enhance/audio_enhance_192.sh	音频增强
audio-enhance-193	audio-enhance	audio-enhance/audio_enhance_193.sh	音频增强
audio-enhance-194	audio-enhance	audio-enhance/audio_enhance_194.sh	音频增强
audio-enhance-195	audio-enhance	audio-enhance/audio_enhance_195.sh	音频增强
audio-enhance-196	audio-enhance	audio-enhance/audio_enhance_196.sh	音频增强
audio-enhance-197	audio-enhance	audio-enhance/audio_enhance_197.sh	音频增强
audio-enhance-198	audio-enhance	audio-enhance/audio_enhance_198.sh	音频增强
audio-enhance-199	audio-enhance	audio-enhance/audio_enhance_199.sh	音频增强
audio-enhance-200	audio-enhance	audio-enhance/audio_enhance_200.sh	音频增强
audio-enhance-201	audio-enhance	audio-enhance/audio_enhance_201.sh	音频增强
audio-enhance-202	audio-enhance	audio-enhance/audio_enhance_202.sh	音频增强
audio-enhance-203	audio-enhance	audio-enhance/audio_enhance_203.sh	音频增强
audio-enhance-204	audio-enhance	audio-enhance/audio_enhance_204.sh	音频增强
audio-enhance-205	audio-enhance	audio-enhance/audio_enhance_205.sh	音频增强
audio-enhance-206	audio-enhance	audio-enhance/audio_enhance_206.sh	音频增强
audio-enhance-207	audio-enhance	audio-enhance/audio_enhance_207.sh	音频增强
audio-enhance-208	audio-enhance	audio-enhance/audio_enhance_208.sh	音频增强
audio-enhance-209	audio-enhance	audio-enhance/audio_enhance_209.sh	音频增强
audio-enhance-210	audio-enhance	audio-enhance/audio_enhance_210.sh	音频增强
audio-enhance-211	audio-enhance	audio-enhance/audio_enhance_211.sh	音频增强
audio-enhance-212	audio-enhance	audio-enhance/audio_enhance_212.sh	音频增强
audio-enhance-213	audio-enhance	audio-enhance/audio_enhance_213.sh	音频增强
audio-enhance-214	audio-enhance	audio-enhance/audio_enhance_214.sh	音频增强
audio-enhance-215	audio-enhance	audio-enhance/audio_enhance_215.sh	音频增强
audio-enhance-216	audio-enhance	audio-enhance/audio_enhance_216.sh	音频增强
audio-enhance-217	audio-enhance	audio-enhance/audio_enhance_217.sh	音频增强
audio-enhance-218	audio-enhance	audio-enhance/audio_enhance_218.sh	音频增强
audio-enhance-219	audio-enhance	audio-enhance/audio_enhance_219.sh	音频增强
audio-enhance-220	audio-enhance	audio-enhance/audio_enhance_220.sh	音频增强
audio-enhance-221	audio-enhance	audio-enhance/audio_enhance_221.sh	音频增强
audio-enhance-222	audio-enhance	audio-enhance/audio_enhance_222.sh	音频增强
audio-enhance-223	audio-enhance	audio-enhance/audio_enhance_223.sh	音频增强
audio-enhance-224	audio-enhance	audio-enhance/audio_enhance_224.sh	音频增强
audio-enhance-225	audio-enhance	audio-enhance/audio_enhance_225.sh	音频增强
audio-enhance-226	audio-enhance	audio-enhance/audio_enhance_226.sh	音频增强
audio-enhance-227	audio-enhance	audio-enhance/audio_enhance_227.sh	音频增强
audio-enhance-228	audio-enhance	audio-enhance/audio_enhance_228.sh	音频增强
audio-enhance-229	audio-enhance	audio-enhance/audio_enhance_229.sh	音频增强
audio-enhance-230	audio-enhance	audio-enhance/audio_enhance_230.sh	音频增强
audio-enhance-231	audio-enhance	audio-enhance/audio_enhance_231.sh	音频增强
audio-enhance-232	audio-enhance	audio-enhance/audio_enhance_232.sh	音频增强
audio-enhance-233	audio-enhance	audio-enhance/audio_enhance_233.sh	音频增强
audio-enhance-234	audio-enhance	audio-enhance/audio_enhance_234.sh	音频增强
audio-enhance-235	audio-enhance	audio-enhance/audio_enhance_235.sh	音频增强
audio-enhance-236	audio-enhance	audio-enhance/audio_enhance_236.sh	音频增强
audio-enhance-237	audio-enhance	audio-enhance/audio_enhance_237.sh	音频增强
audio-enhance-238	audio-enhance	audio-enhance/audio_enhance_238.sh	音频增强
audio-enhance-239	audio-enhance	audio-enhance/audio_enhance_239.sh	音频增强
audio-enhance-240	audio-enhance	audio-enhance/audio_enhance_240.sh	音频增强
audio-enhance-241	audio-enhance	audio-enhance/audio_enhance_241.sh	音频增强
audio-enhance-242	audio-enhance	audio-enhance/audio_enhance_242.sh	音频增强
audio-enhance-243	audio-enhance	audio-enhance/audio_enhance_243.sh	音频增强
audio-enhance-244	audio-enhance	audio-enhance/audio_enhance_244.sh	音频增强
audio-enhance-245	audio-enhance	audio-enhance/audio_enhance_245.sh	音频增强
audio-enhance-246	audio-enhance	audio-enhance/audio_enhance_246.sh	音频增强
audio-enhance-247	audio-enhance	audio-enhance/audio_enhance_247.sh	音频增强
audio-enhance-248	audio-enhance	audio-enhance/audio_enhance_248.sh	音频增强
audio-enhance-249	audio-enhance	audio-enhance/audio_enhance_249.sh	音频增强
audio-enhance-250	audio-enhance	audio-enhance/audio_enhance_250.sh	音频增强
audio-enhance-251	audio-enhance	audio-enhance/audio_enhance_251.sh	音频增强
audio-enhance-252	audio-enhance	audio-enhance/audio_enhance_252.sh	音频增强
audio-enhance-253	audio-enhance	audio-enhance/audio_enhance_253.sh	音频增强
audio-enhance-254	audio-enhance	audio-enhance/audio_enhance_254.sh	音频增强
audio-enhance-255	audio-enhance	audio-enhance/audio_enhance_255.sh	音频增强
audio-enhance-256	audio-enhance	audio-enhance/audio_enhance_256.sh	音频增强
audio-enhance-257	audio-enhance	audio-enhance/audio_enhance_257.sh	音频增强
audio-enhance-258	audio-enhance	audio-enhance/audio_enhance_258.sh	音频增强
audio-enhance-259	audio-enhance	audio-enhance/audio_enhance_259.sh	音频增强
audio-enhance-260	audio-enhance	audio-enhance/audio_enhance_260.sh	音频增强
audio-enhance-261	audio-enhance	audio-enhance/audio_enhance_261.sh	音频增强
audio-enhance-262	audio-enhance	audio-enhance/audio_enhance_262.sh	音频增强
audio-enhance-263	audio-enhance	audio-enhance/audio_enhance_263.sh	音频增强
audio-enhance-264	audio-enhance	audio-enhance/audio_enhance_264.sh	音频增强
audio-enhance-265	audio-enhance	audio-enhance/audio_enhance_265.sh	音频增强
audio-enhance-266	audio-enhance	audio-enhance/audio_enhance_266.sh	音频增强
audio-enhance-267	audio-enhance	audio-enhance/audio_enhance_267.sh	音频增强
audio-enhance-268	audio-enhance	audio-enhance/audio_enhance_268.sh	音频增强
audio-enhance-269	audio-enhance	audio-enhance/audio_enhance_269.sh	音频增强
audio-enhance-270	audio-enhance	audio-enhance/audio_enhance_270.sh	音频增强
audio-enhance-271	audio-enhance	audio-enhance/audio_enhance_271.sh	音频增强
audio-enhance-272	audio-enhance	audio-enhance/audio_enhance_272.sh	音频增强
audio-enhance-273	audio-enhance	audio-enhance/audio_enhance_273.sh	音频增强
audio-enhance-274	audio-enhance	audio-enhance/audio_enhance_274.sh	音频增强
audio-enhance-275	audio-enhance	audio-enhance/audio_enhance_275.sh	音频增强
audio-enhance-276	audio-enhance	audio-enhance/audio_enhance_276.sh	音频增强
audio-enhance-277	audio-enhance	audio-enhance/audio_enhance_277.sh	音频增强
audio-enhance-278	audio-enhance	audio-enhance/audio_enhance_278.sh	音频增强
audio-enhance-279	audio-enhance	audio-enhance/audio_enhance_279.sh	音频增强
audio-enhance-280	audio-enhance	audio-enhance/audio_enhance_280.sh	音频增强
audio-enhance-281	audio-enhance	audio-enhance/audio_enhance_281.sh	音频增强
audio-enhance-282	audio-enhance	audio-enhance/audio_enhance_282.sh	音频增强
audio-enhance-283	audio-enhance	audio-enhance/audio_enhance_283.sh	音频增强
audio-enhance-284	audio-enhance	audio-enhance/audio_enhance_284.sh	音频增强
audio-enhance-285	audio-enhance	audio-enhance/audio_enhance_285.sh	音频增强
audio-enhance-286	audio-enhance	audio-enhance/audio_enhance_286.sh	音频增强
audio-enhance-287	audio-enhance	audio-enhance/audio_enhance_287.sh	音频增强
audio-enhance-288	audio-enhance	audio-enhance/audio_enhance_288.sh	音频增强
audio-enhance-289	audio-enhance	audio-enhance/audio_enhance_289.sh	音频增强
audio-enhance-290	audio-enhance	audio-enhance/audio_enhance_290.sh	音频增强
audio-enhance-291	audio-enhance	audio-enhance/audio_enhance_291.sh	音频增强
audio-enhance-292	audio-enhance	audio-enhance/audio_enhance_292.sh	音频增强
audio-enhance-293	audio-enhance	audio-enhance/audio_enhance_293.sh	音频增强
audio-enhance-294	audio-enhance	audio-enhance/audio_enhance_294.sh	音频增强
audio-enhance-295	audio-enhance	audio-enhance/audio_enhance_295.sh	音频增强
audio-enhance-296	audio-enhance	audio-enhance/audio_enhance_296.sh	音频增强
audio-enhance-297	audio-enhance	audio-enhance/audio_enhance_297.sh	音频增强
audio-enhance-298	audio-enhance	audio-enhance/audio_enhance_298.sh	音频增强
audio-enhance-299	audio-enhance	audio-enhance/audio_enhance_299.sh	音频增强
audio-enhance-300	audio-enhance	audio-enhance/audio_enhance_300.sh	音频增强
audio-enhance-301	audio-enhance	audio-enhance/audio_enhance_301.sh	音频增强
audio-enhance-302	audio-enhance	audio-enhance/audio_enhance_302.sh	音频增强
audio-enhance-303	audio-enhance	audio-enhance/audio_enhance_303.sh	音频增强
audio-enhance-304	audio-enhance	audio-enhance/audio_enhance_304.sh	音频增强
audio-enhance-305	audio-enhance	audio-enhance/audio_enhance_305.sh	音频增强
audio-enhance-306	audio-enhance	audio-enhance/audio_enhance_306.sh	音频增强
audio-enhance-307	audio-enhance	audio-enhance/audio_enhance_307.sh	音频增强
audio-enhance-308	audio-enhance	audio-enhance/audio_enhance_308.sh	音频增强
audio-enhance-309	audio-enhance	audio-enhance/audio_enhance_309.sh	音频增强
audio-enhance-310	audio-enhance	audio-enhance/audio_enhance_310.sh	音频增强
audio-enhance-311	audio-enhance	audio-enhance/audio_enhance_311.sh	音频增强
audio-enhance-312	audio-enhance	audio-enhance/audio_enhance_312.sh	音频增强
audio-enhance-313	audio-enhance	audio-enhance/audio_enhance_313.sh	音频增强
audio-enhance-314	audio-enhance	audio-enhance/audio_enhance_314.sh	音频增强
audio-enhance-315	audio-enhance	audio-enhance/audio_enhance_315.sh	音频增强
audio-enhance-316	audio-enhance	audio-enhance/audio_enhance_316.sh	音频增强
audio-enhance-317	audio-enhance	audio-enhance/audio_enhance_317.sh	音频增强
audio-enhance-318	audio-enhance	audio-enhance/audio_enhance_318.sh	音频增强
audio-enhance-319	audio-enhance	audio-enhance/audio_enhance_319.sh	音频增强
audio-enhance-320	audio-enhance	audio-enhance/audio_enhance_320.sh	音频增强
audio-enhance-321	audio-enhance	audio-enhance/audio_enhance_321.sh	音频增强
audio-enhance-322	audio-enhance	audio-enhance/audio_enhance_322.sh	音频增强
audio-enhance-323	audio-enhance	audio-enhance/audio_enhance_323.sh	音频增强
audio-enhance-324	audio-enhance	audio-enhance/audio_enhance_324.sh	音频增强
audio-enhance-325	audio-enhance	audio-enhance/audio_enhance_325.sh	音频增强
audio-enhance-326	audio-enhance	audio-enhance/audio_enhance_326.sh	音频增强
audio-enhance-327	audio-enhance	audio-enhance/audio_enhance_327.sh	音频增强
audio-enhance-328	audio-enhance	audio-enhance/audio_enhance_328.sh	音频增强
audio-enhance-329	audio-enhance	audio-enhance/audio_enhance_329.sh	音频增强
audio-enhance-330	audio-enhance	audio-enhance/audio_enhance_330.sh	音频增强
audio-enhance-331	audio-enhance	audio-enhance/audio_enhance_331.sh	音频增强
audio-enhance-332	audio-enhance	audio-enhance/audio_enhance_332.sh	音频增强
audio-enhance-333	audio-enhance	audio-enhance/audio_enhance_333.sh	音频增强
audio-enhance-334	audio-enhance	audio-enhance/audio_enhance_334.sh	音频增强
audio-enhance-335	audio-enhance	audio-enhance/audio_enhance_335.sh	音频增强
audio-enhance-336	audio-enhance	audio-enhance/audio_enhance_336.sh	音频增强
audio-enhance-337	audio-enhance	audio-enhance/audio_enhance_337.sh	音频增强
audio-enhance-338	audio-enhance	audio-enhance/audio_enhance_338.sh	音频增强
audio-enhance-339	audio-enhance	audio-enhance/audio_enhance_339.sh	音频增强
audio-enhance-340	audio-enhance	audio-enhance/audio_enhance_340.sh	音频增强
audio-enhance-341	audio-enhance	audio-enhance/audio_enhance_341.sh	音频增强
audio-enhance-342	audio-enhance	audio-enhance/audio_enhance_342.sh	音频增强
audio-enhance-343	audio-enhance	audio-enhance/audio_enhance_343.sh	音频增强
audio-enhance-344	audio-enhance	audio-enhance/audio_enhance_344.sh	音频增强
audio-enhance-345	audio-enhance	audio-enhance/audio_enhance_345.sh	音频增强
audio-enhance-346	audio-enhance	audio-enhance/audio_enhance_346.sh	音频增强
audio-enhance-347	audio-enhance	audio-enhance/audio_enhance_347.sh	音频增强
audio-enhance-348	audio-enhance	audio-enhance/audio_enhance_348.sh	音频增强
audio-enhance-349	audio-enhance	audio-enhance/audio_enhance_349.sh	音频增强
audio-enhance-350	audio-enhance	audio-enhance/audio_enhance_350.sh	音频增强
audio-enhance-351	audio-enhance	audio-enhance/audio_enhance_351.sh	音频增强
audio-enhance-352	audio-enhance	audio-enhance/audio_enhance_352.sh	音频增强
audio-enhance-353	audio-enhance	audio-enhance/audio_enhance_353.sh	音频增强
audio-enhance-354	audio-enhance	audio-enhance/audio_enhance_354.sh	音频增强
audio-enhance-355	audio-enhance	audio-enhance/audio_enhance_355.sh	音频增强
audio-enhance-356	audio-enhance	audio-enhance/audio_enhance_356.sh	音频增强
audio-enhance-357	audio-enhance	audio-enhance/audio_enhance_357.sh	音频增强
audio-enhance-358	audio-enhance	audio-enhance/audio_enhance_358.sh	音频增强
audio-enhance-359	audio-enhance	audio-enhance/audio_enhance_359.sh	音频增强
audio-enhance-360	audio-enhance	audio-enhance/audio_enhance_360.sh	音频增强
audio-enhance-361	audio-enhance	audio-enhance/audio_enhance_361.sh	音频增强
audio-enhance-362	audio-enhance	audio-enhance/audio_enhance_362.sh	音频增强
audio-enhance-363	audio-enhance	audio-enhance/audio_enhance_363.sh	音频增强
audio-enhance-364	audio-enhance	audio-enhance/audio_enhance_364.sh	音频增强
audio-enhance-365	audio-enhance	audio-enhance/audio_enhance_365.sh	音频增强
audio-enhance-366	audio-enhance	audio-enhance/audio_enhance_366.sh	音频增强
audio-enhance-367	audio-enhance	audio-enhance/audio_enhance_367.sh	音频增强
audio-enhance-368	audio-enhance	audio-enhance/audio_enhance_368.sh	音频增强
audio-enhance-369	audio-enhance	audio-enhance/audio_enhance_369.sh	音频增强
audio-enhance-370	audio-enhance	audio-enhance/audio_enhance_370.sh	音频增强
audio-enhance-371	audio-enhance	audio-enhance/audio_enhance_371.sh	音频增强
audio-enhance-372	audio-enhance	audio-enhance/audio_enhance_372.sh	音频增强
audio-enhance-373	audio-enhance	audio-enhance/audio_enhance_373.sh	音频增强
audio-enhance-374	audio-enhance	audio-enhance/audio_enhance_374.sh	音频增强
audio-enhance-375	audio-enhance	audio-enhance/audio_enhance_375.sh	音频增强
audio-enhance-376	audio-enhance	audio-enhance/audio_enhance_376.sh	音频增强
audio-enhance-377	audio-enhance	audio-enhance/audio_enhance_377.sh	音频增强
audio-enhance-378	audio-enhance	audio-enhance/audio_enhance_378.sh	音频增强
audio-enhance-379	audio-enhance	audio-enhance/audio_enhance_379.sh	音频增强
audio-enhance-380	audio-enhance	audio-enhance/audio_enhance_380.sh	音频增强
audio-enhance-381	audio-enhance	audio-enhance/audio_enhance_381.sh	音频增强
audio-enhance-382	audio-enhance	audio-enhance/audio_enhance_382.sh	音频增强
audio-enhance-383	audio-enhance	audio-enhance/audio_enhance_383.sh	音频增强
audio-enhance-384	audio-enhance	audio-enhance/audio_enhance_384.sh	音频增强
audio-enhance-385	audio-enhance	audio-enhance/audio_enhance_385.sh	音频增强
audio-enhance-386	audio-enhance	audio-enhance/audio_enhance_386.sh	音频增强
audio-enhance-387	audio-enhance	audio-enhance/audio_enhance_387.sh	音频增强
audio-enhance-388	audio-enhance	audio-enhance/audio_enhance_388.sh	音频增强
audio-enhance-389	audio-enhance	audio-enhance/audio_enhance_389.sh	音频增强
audio-enhance-390	audio-enhance	audio-enhance/audio_enhance_390.sh	音频增强
audio-enhance-391	audio-enhance	audio-enhance/audio_enhance_391.sh	音频增强
audio-enhance-392	audio-enhance	audio-enhance/audio_enhance_392.sh	音频增强
audio-enhance-393	audio-enhance	audio-enhance/audio_enhance_393.sh	音频增强
audio-enhance-394	audio-enhance	audio-enhance/audio_enhance_394.sh	音频增强
audio-enhance-395	audio-enhance	audio-enhance/audio_enhance_395.sh	音频增强
audio-enhance-396	audio-enhance	audio-enhance/audio_enhance_396.sh	音频增强
audio-enhance-397	audio-enhance	audio-enhance/audio_enhance_397.sh	音频增强
audio-enhance-398	audio-enhance	audio-enhance/audio_enhance_398.sh	音频增强
audio-enhance-399	audio-enhance	audio-enhance/audio_enhance_399.sh	音频增强
audio-enhance-400	audio-enhance	audio-enhance/audio_enhance_400.sh	音频增强
audio-enhance-401	audio-enhance	audio-enhance/audio_enhance_401.sh	音频增强
audio-enhance-402	audio-enhance	audio-enhance/audio_enhance_402.sh	音频增强
audio-enhance-403	audio-enhance	audio-enhance/audio_enhance_403.sh	音频增强
audio-enhance-404	audio-enhance	audio-enhance/audio_enhance_404.sh	音频增强
audio-enhance-405	audio-enhance	audio-enhance/audio_enhance_405.sh	音频增强
audio-enhance-406	audio-enhance	audio-enhance/audio_enhance_406.sh	音频增强
audio-enhance-407	audio-enhance	audio-enhance/audio_enhance_407.sh	音频增强
audio-enhance-408	audio-enhance	audio-enhance/audio_enhance_408.sh	音频增强
audio-enhance-409	audio-enhance	audio-enhance/audio_enhance_409.sh	音频增强
audio-enhance-410	audio-enhance	audio-enhance/audio_enhance_410.sh	音频增强
audio-enhance-411	audio-enhance	audio-enhance/audio_enhance_411.sh	音频增强
audio-enhance-412	audio-enhance	audio-enhance/audio_enhance_412.sh	音频增强
audio-enhance-413	audio-enhance	audio-enhance/audio_enhance_413.sh	音频增强
audio-enhance-414	audio-enhance	audio-enhance/audio_enhance_414.sh	音频增强
audio-enhance-415	audio-enhance	audio-enhance/audio_enhance_415.sh	音频增强
audio-enhance-416	audio-enhance	audio-enhance/audio_enhance_416.sh	音频增强
audio-enhance-417	audio-enhance	audio-enhance/audio_enhance_417.sh	音频增强
audio-enhance-418	audio-enhance	audio-enhance/audio_enhance_418.sh	音频增强
audio-enhance-419	audio-enhance	audio-enhance/audio_enhance_419.sh	音频增强
audio-enhance-420	audio-enhance	audio-enhance/audio_enhance_420.sh	音频增强
audio-enhance-421	audio-enhance	audio-enhance/audio_enhance_421.sh	音频增强
audio-enhance-422	audio-enhance	audio-enhance/audio_enhance_422.sh	音频增强
audio-enhance-423	audio-enhance	audio-enhance/audio_enhance_423.sh	音频增强
audio-enhance-424	audio-enhance	audio-enhance/audio_enhance_424.sh	音频增强
audio-enhance-425	audio-enhance	audio-enhance/audio_enhance_425.sh	音频增强
audio-enhance-426	audio-enhance	audio-enhance/audio_enhance_426.sh	音频增强
audio-enhance-427	audio-enhance	audio-enhance/audio_enhance_427.sh	音频增强
audio-enhance-428	audio-enhance	audio-enhance/audio_enhance_428.sh	音频增强
audio-enhance-429	audio-enhance	audio-enhance/audio_enhance_429.sh	音频增强
audio-enhance-430	audio-enhance	audio-enhance/audio_enhance_430.sh	音频增强
audio-enhance-431	audio-enhance	audio-enhance/audio_enhance_431.sh	音频增强
audio-enhance-432	audio-enhance	audio-enhance/audio_enhance_432.sh	音频增强
audio-enhance-433	audio-enhance	audio-enhance/audio_enhance_433.sh	音频增强
audio-enhance-434	audio-enhance	audio-enhance/audio_enhance_434.sh	音频增强
audio-enhance-435	audio-enhance	audio-enhance/audio_enhance_435.sh	音频增强
audio-enhance-436	audio-enhance	audio-enhance/audio_enhance_436.sh	音频增强
audio-enhance-437	audio-enhance	audio-enhance/audio_enhance_437.sh	音频增强
audio-enhance-438	audio-enhance	audio-enhance/audio_enhance_438.sh	音频增强
audio-enhance-439	audio-enhance	audio-enhance/audio_enhance_439.sh	音频增强
audio-enhance-440	audio-enhance	audio-enhance/audio_enhance_440.sh	音频增强
audio-enhance-441	audio-enhance	audio-enhance/audio_enhance_441.sh	音频增强
audio-enhance-442	audio-enhance	audio-enhance/audio_enhance_442.sh	音频增强
audio-enhance-443	audio-enhance	audio-enhance/audio_enhance_443.sh	音频增强
audio-enhance-444	audio-enhance	audio-enhance/audio_enhance_444.sh	音频增强
audio-enhance-445	audio-enhance	audio-enhance/audio_enhance_445.sh	音频增强
audio-enhance-446	audio-enhance	audio-enhance/audio_enhance_446.sh	音频增强
audio-enhance-447	audio-enhance	audio-enhance/audio_enhance_447.sh	音频增强
audio-enhance-448	audio-enhance	audio-enhance/audio_enhance_448.sh	音频增强
audio-enhance-449	audio-enhance	audio-enhance/audio_enhance_449.sh	音频增强
audio-enhance-450	audio-enhance	audio-enhance/audio_enhance_450.sh	音频增强
audio-enhance-451	audio-enhance	audio-enhance/audio_enhance_451.sh	音频增强
audio-enhance-452	audio-enhance	audio-enhance/audio_enhance_452.sh	音频增强
audio-enhance-453	audio-enhance	audio-enhance/audio_enhance_453.sh	音频增强
audio-enhance-454	audio-enhance	audio-enhance/audio_enhance_454.sh	音频增强
audio-enhance-455	audio-enhance	audio-enhance/audio_enhance_455.sh	音频增强
audio-enhance-456	audio-enhance	audio-enhance/audio_enhance_456.sh	音频增强
audio-enhance-457	audio-enhance	audio-enhance/audio_enhance_457.sh	音频增强
audio-enhance-458	audio-enhance	audio-enhance/audio_enhance_458.sh	音频增强
audio-enhance-459	audio-enhance	audio-enhance/audio_enhance_459.sh	音频增强
audio-enhance-460	audio-enhance	audio-enhance/audio_enhance_460.sh	音频增强
audio-enhance-461	audio-enhance	audio-enhance/audio_enhance_461.sh	音频增强
audio-enhance-462	audio-enhance	audio-enhance/audio_enhance_462.sh	音频增强
audio-enhance-463	audio-enhance	audio-enhance/audio_enhance_463.sh	音频增强
audio-enhance-464	audio-enhance	audio-enhance/audio_enhance_464.sh	音频增强
audio-enhance-465	audio-enhance	audio-enhance/audio_enhance_465.sh	音频增强
audio-enhance-466	audio-enhance	audio-enhance/audio_enhance_466.sh	音频增强
audio-enhance-467	audio-enhance	audio-enhance/audio_enhance_467.sh	音频增强
audio-enhance-468	audio-enhance	audio-enhance/audio_enhance_468.sh	音频增强
audio-enhance-469	audio-enhance	audio-enhance/audio_enhance_469.sh	音频增强
audio-enhance-470	audio-enhance	audio-enhance/audio_enhance_470.sh	音频增强
audio-enhance-471	audio-enhance	audio-enhance/audio_enhance_471.sh	音频增强
audio-enhance-472	audio-enhance	audio-enhance/audio_enhance_472.sh	音频增强
audio-enhance-473	audio-enhance	audio-enhance/audio_enhance_473.sh	音频增强
audio-enhance-474	audio-enhance	audio-enhance/audio_enhance_474.sh	音频增强
audio-enhance-475	audio-enhance	audio-enhance/audio_enhance_475.sh	音频增强
audio-enhance-476	audio-enhance	audio-enhance/audio_enhance_476.sh	音频增强
audio-enhance-477	audio-enhance	audio-enhance/audio_enhance_477.sh	音频增强
audio-enhance-478	audio-enhance	audio-enhance/audio_enhance_478.sh	音频增强
audio-enhance-479	audio-enhance	audio-enhance/audio_enhance_479.sh	音频增强
audio-enhance-480	audio-enhance	audio-enhance/audio_enhance_480.sh	音频增强
audio-enhance-481	audio-enhance	audio-enhance/audio_enhance_481.sh	音频增强
audio-enhance-482	audio-enhance	audio-enhance/audio_enhance_482.sh	音频增强
audio-enhance-483	audio-enhance	audio-enhance/audio_enhance_483.sh	音频增强
audio-enhance-484	audio-enhance	audio-enhance/audio_enhance_484.sh	音频增强
audio-enhance-485	audio-enhance	audio-enhance/audio_enhance_485.sh	音频增强
audio-enhance-486	audio-enhance	audio-enhance/audio_enhance_486.sh	音频增强
audio-enhance-487	audio-enhance	audio-enhance/audio_enhance_487.sh	音频增强
audio-enhance-488	audio-enhance	audio-enhance/audio_enhance_488.sh	音频增强
audio-delivery-001	audio-delivery	audio-delivery/audio_delivery_001.sh	音频交付
audio-delivery-002	audio-delivery	audio-delivery/audio_delivery_002.sh	音频交付
audio-delivery-003	audio-delivery	audio-delivery/audio_delivery_003.sh	音频交付
audio-delivery-004	audio-delivery	audio-delivery/audio_delivery_004.sh	音频交付
audio-delivery-005	audio-delivery	audio-delivery/audio_delivery_005.sh	音频交付
audio-delivery-006	audio-delivery	audio-delivery/audio_delivery_006.sh	音频交付
audio-delivery-007	audio-delivery	audio-delivery/audio_delivery_007.sh	音频交付
audio-delivery-008	audio-delivery	audio-delivery/audio_delivery_008.sh	音频交付
audio-delivery-009	audio-delivery	audio-delivery/audio_delivery_009.sh	音频交付
audio-delivery-010	audio-delivery	audio-delivery/audio_delivery_010.sh	音频交付
audio-delivery-011	audio-delivery	audio-delivery/audio_delivery_011.sh	音频交付
audio-delivery-012	audio-delivery	audio-delivery/audio_delivery_012.sh	音频交付
audio-delivery-013	audio-delivery	audio-delivery/audio_delivery_013.sh	音频交付
audio-delivery-014	audio-delivery	audio-delivery/audio_delivery_014.sh	音频交付
audio-delivery-015	audio-delivery	audio-delivery/audio_delivery_015.sh	音频交付
audio-delivery-016	audio-delivery	audio-delivery/audio_delivery_016.sh	音频交付
audio-delivery-017	audio-delivery	audio-delivery/audio_delivery_017.sh	音频交付
audio-delivery-018	audio-delivery	audio-delivery/audio_delivery_018.sh	音频交付
audio-delivery-019	audio-delivery	audio-delivery/audio_delivery_019.sh	音频交付
audio-delivery-020	audio-delivery	audio-delivery/audio_delivery_020.sh	音频交付
audio-delivery-021	audio-delivery	audio-delivery/audio_delivery_021.sh	音频交付
audio-delivery-022	audio-delivery	audio-delivery/audio_delivery_022.sh	音频交付
audio-delivery-023	audio-delivery	audio-delivery/audio_delivery_023.sh	音频交付
audio-delivery-024	audio-delivery	audio-delivery/audio_delivery_024.sh	音频交付
audio-delivery-025	audio-delivery	audio-delivery/audio_delivery_025.sh	音频交付
audio-delivery-026	audio-delivery	audio-delivery/audio_delivery_026.sh	音频交付
audio-delivery-027	audio-delivery	audio-delivery/audio_delivery_027.sh	音频交付
audio-delivery-028	audio-delivery	audio-delivery/audio_delivery_028.sh	音频交付
audio-delivery-029	audio-delivery	audio-delivery/audio_delivery_029.sh	音频交付
audio-delivery-030	audio-delivery	audio-delivery/audio_delivery_030.sh	音频交付
audio-delivery-031	audio-delivery	audio-delivery/audio_delivery_031.sh	音频交付
audio-delivery-032	audio-delivery	audio-delivery/audio_delivery_032.sh	音频交付
audio-delivery-033	audio-delivery	audio-delivery/audio_delivery_033.sh	音频交付
audio-delivery-034	audio-delivery	audio-delivery/audio_delivery_034.sh	音频交付
audio-delivery-035	audio-delivery	audio-delivery/audio_delivery_035.sh	音频交付
audio-delivery-036	audio-delivery	audio-delivery/audio_delivery_036.sh	音频交付
audio-delivery-037	audio-delivery	audio-delivery/audio_delivery_037.sh	音频交付
audio-delivery-038	audio-delivery	audio-delivery/audio_delivery_038.sh	音频交付
audio-delivery-039	audio-delivery	audio-delivery/audio_delivery_039.sh	音频交付
audio-delivery-040	audio-delivery	audio-delivery/audio_delivery_040.sh	音频交付
audio-delivery-041	audio-delivery	audio-delivery/audio_delivery_041.sh	音频交付
audio-delivery-042	audio-delivery	audio-delivery/audio_delivery_042.sh	音频交付
audio-delivery-043	audio-delivery	audio-delivery/audio_delivery_043.sh	音频交付
audio-delivery-044	audio-delivery	audio-delivery/audio_delivery_044.sh	音频交付
audio-delivery-045	audio-delivery	audio-delivery/audio_delivery_045.sh	音频交付
audio-delivery-046	audio-delivery	audio-delivery/audio_delivery_046.sh	音频交付
audio-delivery-047	audio-delivery	audio-delivery/audio_delivery_047.sh	音频交付
audio-delivery-048	audio-delivery	audio-delivery/audio_delivery_048.sh	音频交付
audio-delivery-049	audio-delivery	audio-delivery/audio_delivery_049.sh	音频交付
audio-delivery-050	audio-delivery	audio-delivery/audio_delivery_050.sh	音频交付
audio-delivery-051	audio-delivery	audio-delivery/audio_delivery_051.sh	音频交付
audio-delivery-052	audio-delivery	audio-delivery/audio_delivery_052.sh	音频交付
audio-delivery-053	audio-delivery	audio-delivery/audio_delivery_053.sh	音频交付
audio-delivery-054	audio-delivery	audio-delivery/audio_delivery_054.sh	音频交付
audio-delivery-055	audio-delivery	audio-delivery/audio_delivery_055.sh	音频交付
audio-delivery-056	audio-delivery	audio-delivery/audio_delivery_056.sh	音频交付
audio-delivery-057	audio-delivery	audio-delivery/audio_delivery_057.sh	音频交付
audio-delivery-058	audio-delivery	audio-delivery/audio_delivery_058.sh	音频交付
audio-delivery-059	audio-delivery	audio-delivery/audio_delivery_059.sh	音频交付
audio-delivery-060	audio-delivery	audio-delivery/audio_delivery_060.sh	音频交付
audio-delivery-061	audio-delivery	audio-delivery/audio_delivery_061.sh	音频交付
audio-delivery-062	audio-delivery	audio-delivery/audio_delivery_062.sh	音频交付
audio-delivery-063	audio-delivery	audio-delivery/audio_delivery_063.sh	音频交付
audio-delivery-064	audio-delivery	audio-delivery/audio_delivery_064.sh	音频交付
audio-delivery-065	audio-delivery	audio-delivery/audio_delivery_065.sh	音频交付
audio-delivery-066	audio-delivery	audio-delivery/audio_delivery_066.sh	音频交付
audio-delivery-067	audio-delivery	audio-delivery/audio_delivery_067.sh	音频交付
audio-delivery-068	audio-delivery	audio-delivery/audio_delivery_068.sh	音频交付
audio-delivery-069	audio-delivery	audio-delivery/audio_delivery_069.sh	音频交付
audio-delivery-070	audio-delivery	audio-delivery/audio_delivery_070.sh	音频交付
audio-delivery-071	audio-delivery	audio-delivery/audio_delivery_071.sh	音频交付
audio-delivery-072	audio-delivery	audio-delivery/audio_delivery_072.sh	音频交付
audio-delivery-073	audio-delivery	audio-delivery/audio_delivery_073.sh	音频交付
audio-delivery-074	audio-delivery	audio-delivery/audio_delivery_074.sh	音频交付
audio-delivery-075	audio-delivery	audio-delivery/audio_delivery_075.sh	音频交付
audio-delivery-076	audio-delivery	audio-delivery/audio_delivery_076.sh	音频交付
audio-delivery-077	audio-delivery	audio-delivery/audio_delivery_077.sh	音频交付
audio-delivery-078	audio-delivery	audio-delivery/audio_delivery_078.sh	音频交付
audio-delivery-079	audio-delivery	audio-delivery/audio_delivery_079.sh	音频交付
audio-delivery-080	audio-delivery	audio-delivery/audio_delivery_080.sh	音频交付
audio-delivery-081	audio-delivery	audio-delivery/audio_delivery_081.sh	音频交付
audio-delivery-082	audio-delivery	audio-delivery/audio_delivery_082.sh	音频交付
audio-delivery-083	audio-delivery	audio-delivery/audio_delivery_083.sh	音频交付
audio-delivery-084	audio-delivery	audio-delivery/audio_delivery_084.sh	音频交付
audio-delivery-085	audio-delivery	audio-delivery/audio_delivery_085.sh	音频交付
audio-delivery-086	audio-delivery	audio-delivery/audio_delivery_086.sh	音频交付
audio-delivery-087	audio-delivery	audio-delivery/audio_delivery_087.sh	音频交付
audio-delivery-088	audio-delivery	audio-delivery/audio_delivery_088.sh	音频交付
audio-delivery-089	audio-delivery	audio-delivery/audio_delivery_089.sh	音频交付
audio-delivery-090	audio-delivery	audio-delivery/audio_delivery_090.sh	音频交付
audio-delivery-091	audio-delivery	audio-delivery/audio_delivery_091.sh	音频交付
audio-delivery-092	audio-delivery	audio-delivery/audio_delivery_092.sh	音频交付
audio-delivery-093	audio-delivery	audio-delivery/audio_delivery_093.sh	音频交付
audio-delivery-094	audio-delivery	audio-delivery/audio_delivery_094.sh	音频交付
audio-delivery-095	audio-delivery	audio-delivery/audio_delivery_095.sh	音频交付
audio-delivery-096	audio-delivery	audio-delivery/audio_delivery_096.sh	音频交付
audio-delivery-097	audio-delivery	audio-delivery/audio_delivery_097.sh	音频交付
audio-delivery-098	audio-delivery	audio-delivery/audio_delivery_098.sh	音频交付
audio-delivery-099	audio-delivery	audio-delivery/audio_delivery_099.sh	音频交付
audio-delivery-100	audio-delivery	audio-delivery/audio_delivery_100.sh	音频交付
audio-delivery-101	audio-delivery	audio-delivery/audio_delivery_101.sh	音频交付
audio-delivery-102	audio-delivery	audio-delivery/audio_delivery_102.sh	音频交付
audio-delivery-103	audio-delivery	audio-delivery/audio_delivery_103.sh	音频交付
audio-delivery-104	audio-delivery	audio-delivery/audio_delivery_104.sh	音频交付
audio-delivery-105	audio-delivery	audio-delivery/audio_delivery_105.sh	音频交付
audio-delivery-106	audio-delivery	audio-delivery/audio_delivery_106.sh	音频交付
audio-delivery-107	audio-delivery	audio-delivery/audio_delivery_107.sh	音频交付
audio-delivery-108	audio-delivery	audio-delivery/audio_delivery_108.sh	音频交付
audio-delivery-109	audio-delivery	audio-delivery/audio_delivery_109.sh	音频交付
audio-delivery-110	audio-delivery	audio-delivery/audio_delivery_110.sh	音频交付
audio-delivery-111	audio-delivery	audio-delivery/audio_delivery_111.sh	音频交付
audio-delivery-112	audio-delivery	audio-delivery/audio_delivery_112.sh	音频交付
audio-delivery-113	audio-delivery	audio-delivery/audio_delivery_113.sh	音频交付
audio-delivery-114	audio-delivery	audio-delivery/audio_delivery_114.sh	音频交付
audio-delivery-115	audio-delivery	audio-delivery/audio_delivery_115.sh	音频交付
audio-delivery-116	audio-delivery	audio-delivery/audio_delivery_116.sh	音频交付
audio-delivery-117	audio-delivery	audio-delivery/audio_delivery_117.sh	音频交付
audio-delivery-118	audio-delivery	audio-delivery/audio_delivery_118.sh	音频交付
audio-delivery-119	audio-delivery	audio-delivery/audio_delivery_119.sh	音频交付
audio-delivery-120	audio-delivery	audio-delivery/audio_delivery_120.sh	音频交付
audio-delivery-121	audio-delivery	audio-delivery/audio_delivery_121.sh	音频交付
audio-delivery-122	audio-delivery	audio-delivery/audio_delivery_122.sh	音频交付
audio-delivery-123	audio-delivery	audio-delivery/audio_delivery_123.sh	音频交付
audio-delivery-124	audio-delivery	audio-delivery/audio_delivery_124.sh	音频交付
audio-delivery-125	audio-delivery	audio-delivery/audio_delivery_125.sh	音频交付
audio-delivery-126	audio-delivery	audio-delivery/audio_delivery_126.sh	音频交付
audio-delivery-127	audio-delivery	audio-delivery/audio_delivery_127.sh	音频交付
audio-delivery-128	audio-delivery	audio-delivery/audio_delivery_128.sh	音频交付
audio-delivery-129	audio-delivery	audio-delivery/audio_delivery_129.sh	音频交付
audio-delivery-130	audio-delivery	audio-delivery/audio_delivery_130.sh	音频交付
audio-delivery-131	audio-delivery	audio-delivery/audio_delivery_131.sh	音频交付
audio-delivery-132	audio-delivery	audio-delivery/audio_delivery_132.sh	音频交付
audio-delivery-133	audio-delivery	audio-delivery/audio_delivery_133.sh	音频交付
audio-delivery-134	audio-delivery	audio-delivery/audio_delivery_134.sh	音频交付
audio-delivery-135	audio-delivery	audio-delivery/audio_delivery_135.sh	音频交付
audio-delivery-136	audio-delivery	audio-delivery/audio_delivery_136.sh	音频交付
audio-delivery-137	audio-delivery	audio-delivery/audio_delivery_137.sh	音频交付
audio-delivery-138	audio-delivery	audio-delivery/audio_delivery_138.sh	音频交付
audio-delivery-139	audio-delivery	audio-delivery/audio_delivery_139.sh	音频交付
audio-delivery-140	audio-delivery	audio-delivery/audio_delivery_140.sh	音频交付
audio-delivery-141	audio-delivery	audio-delivery/audio_delivery_141.sh	音频交付
audio-delivery-142	audio-delivery	audio-delivery/audio_delivery_142.sh	音频交付
audio-delivery-143	audio-delivery	audio-delivery/audio_delivery_143.sh	音频交付
audio-delivery-144	audio-delivery	audio-delivery/audio_delivery_144.sh	音频交付
audio-delivery-145	audio-delivery	audio-delivery/audio_delivery_145.sh	音频交付
audio-delivery-146	audio-delivery	audio-delivery/audio_delivery_146.sh	音频交付
audio-delivery-147	audio-delivery	audio-delivery/audio_delivery_147.sh	音频交付
audio-delivery-148	audio-delivery	audio-delivery/audio_delivery_148.sh	音频交付
audio-delivery-149	audio-delivery	audio-delivery/audio_delivery_149.sh	音频交付
audio-delivery-150	audio-delivery	audio-delivery/audio_delivery_150.sh	音频交付
audio-delivery-151	audio-delivery	audio-delivery/audio_delivery_151.sh	音频交付
audio-delivery-152	audio-delivery	audio-delivery/audio_delivery_152.sh	音频交付
audio-delivery-153	audio-delivery	audio-delivery/audio_delivery_153.sh	音频交付
audio-delivery-154	audio-delivery	audio-delivery/audio_delivery_154.sh	音频交付
audio-delivery-155	audio-delivery	audio-delivery/audio_delivery_155.sh	音频交付
audio-delivery-156	audio-delivery	audio-delivery/audio_delivery_156.sh	音频交付
audio-delivery-157	audio-delivery	audio-delivery/audio_delivery_157.sh	音频交付
audio-delivery-158	audio-delivery	audio-delivery/audio_delivery_158.sh	音频交付
audio-delivery-159	audio-delivery	audio-delivery/audio_delivery_159.sh	音频交付
audio-delivery-160	audio-delivery	audio-delivery/audio_delivery_160.sh	音频交付
audio-delivery-161	audio-delivery	audio-delivery/audio_delivery_161.sh	音频交付
audio-delivery-162	audio-delivery	audio-delivery/audio_delivery_162.sh	音频交付
audio-delivery-163	audio-delivery	audio-delivery/audio_delivery_163.sh	音频交付
audio-delivery-164	audio-delivery	audio-delivery/audio_delivery_164.sh	音频交付
audio-delivery-165	audio-delivery	audio-delivery/audio_delivery_165.sh	音频交付
audio-delivery-166	audio-delivery	audio-delivery/audio_delivery_166.sh	音频交付
audio-delivery-167	audio-delivery	audio-delivery/audio_delivery_167.sh	音频交付
audio-delivery-168	audio-delivery	audio-delivery/audio_delivery_168.sh	音频交付
audio-delivery-169	audio-delivery	audio-delivery/audio_delivery_169.sh	音频交付
audio-delivery-170	audio-delivery	audio-delivery/audio_delivery_170.sh	音频交付
audio-delivery-171	audio-delivery	audio-delivery/audio_delivery_171.sh	音频交付
audio-delivery-172	audio-delivery	audio-delivery/audio_delivery_172.sh	音频交付
audio-delivery-173	audio-delivery	audio-delivery/audio_delivery_173.sh	音频交付
audio-delivery-174	audio-delivery	audio-delivery/audio_delivery_174.sh	音频交付
audio-delivery-175	audio-delivery	audio-delivery/audio_delivery_175.sh	音频交付
audio-delivery-176	audio-delivery	audio-delivery/audio_delivery_176.sh	音频交付
audio-delivery-177	audio-delivery	audio-delivery/audio_delivery_177.sh	音频交付
audio-delivery-178	audio-delivery	audio-delivery/audio_delivery_178.sh	音频交付
audio-delivery-179	audio-delivery	audio-delivery/audio_delivery_179.sh	音频交付
audio-delivery-180	audio-delivery	audio-delivery/audio_delivery_180.sh	音频交付
audio-delivery-181	audio-delivery	audio-delivery/audio_delivery_181.sh	音频交付
audio-delivery-182	audio-delivery	audio-delivery/audio_delivery_182.sh	音频交付
audio-delivery-183	audio-delivery	audio-delivery/audio_delivery_183.sh	音频交付
audio-delivery-184	audio-delivery	audio-delivery/audio_delivery_184.sh	音频交付
audio-delivery-185	audio-delivery	audio-delivery/audio_delivery_185.sh	音频交付
audio-delivery-186	audio-delivery	audio-delivery/audio_delivery_186.sh	音频交付
audio-delivery-187	audio-delivery	audio-delivery/audio_delivery_187.sh	音频交付
audio-delivery-188	audio-delivery	audio-delivery/audio_delivery_188.sh	音频交付
audio-delivery-189	audio-delivery	audio-delivery/audio_delivery_189.sh	音频交付
audio-delivery-190	audio-delivery	audio-delivery/audio_delivery_190.sh	音频交付
audio-delivery-191	audio-delivery	audio-delivery/audio_delivery_191.sh	音频交付
audio-delivery-192	audio-delivery	audio-delivery/audio_delivery_192.sh	音频交付
audio-delivery-193	audio-delivery	audio-delivery/audio_delivery_193.sh	音频交付
audio-delivery-194	audio-delivery	audio-delivery/audio_delivery_194.sh	音频交付
audio-delivery-195	audio-delivery	audio-delivery/audio_delivery_195.sh	音频交付
audio-delivery-196	audio-delivery	audio-delivery/audio_delivery_196.sh	音频交付
audio-delivery-197	audio-delivery	audio-delivery/audio_delivery_197.sh	音频交付
audio-delivery-198	audio-delivery	audio-delivery/audio_delivery_198.sh	音频交付
audio-delivery-199	audio-delivery	audio-delivery/audio_delivery_199.sh	音频交付
audio-delivery-200	audio-delivery	audio-delivery/audio_delivery_200.sh	音频交付
audio-delivery-201	audio-delivery	audio-delivery/audio_delivery_201.sh	音频交付
audio-delivery-202	audio-delivery	audio-delivery/audio_delivery_202.sh	音频交付
audio-delivery-203	audio-delivery	audio-delivery/audio_delivery_203.sh	音频交付
audio-delivery-204	audio-delivery	audio-delivery/audio_delivery_204.sh	音频交付
audio-delivery-205	audio-delivery	audio-delivery/audio_delivery_205.sh	音频交付
audio-delivery-206	audio-delivery	audio-delivery/audio_delivery_206.sh	音频交付
audio-delivery-207	audio-delivery	audio-delivery/audio_delivery_207.sh	音频交付
audio-delivery-208	audio-delivery	audio-delivery/audio_delivery_208.sh	音频交付
audio-delivery-209	audio-delivery	audio-delivery/audio_delivery_209.sh	音频交付
audio-delivery-210	audio-delivery	audio-delivery/audio_delivery_210.sh	音频交付
audio-delivery-211	audio-delivery	audio-delivery/audio_delivery_211.sh	音频交付
audio-delivery-212	audio-delivery	audio-delivery/audio_delivery_212.sh	音频交付
audio-delivery-213	audio-delivery	audio-delivery/audio_delivery_213.sh	音频交付
audio-delivery-214	audio-delivery	audio-delivery/audio_delivery_214.sh	音频交付
audio-delivery-215	audio-delivery	audio-delivery/audio_delivery_215.sh	音频交付
audio-delivery-216	audio-delivery	audio-delivery/audio_delivery_216.sh	音频交付
audio-delivery-217	audio-delivery	audio-delivery/audio_delivery_217.sh	音频交付
audio-delivery-218	audio-delivery	audio-delivery/audio_delivery_218.sh	音频交付
audio-delivery-219	audio-delivery	audio-delivery/audio_delivery_219.sh	音频交付
audio-delivery-220	audio-delivery	audio-delivery/audio_delivery_220.sh	音频交付
audio-delivery-221	audio-delivery	audio-delivery/audio_delivery_221.sh	音频交付
audio-delivery-222	audio-delivery	audio-delivery/audio_delivery_222.sh	音频交付
audio-delivery-223	audio-delivery	audio-delivery/audio_delivery_223.sh	音频交付
audio-delivery-224	audio-delivery	audio-delivery/audio_delivery_224.sh	音频交付
audio-delivery-225	audio-delivery	audio-delivery/audio_delivery_225.sh	音频交付
audio-delivery-226	audio-delivery	audio-delivery/audio_delivery_226.sh	音频交付
audio-delivery-227	audio-delivery	audio-delivery/audio_delivery_227.sh	音频交付
audio-delivery-228	audio-delivery	audio-delivery/audio_delivery_228.sh	音频交付
audio-delivery-229	audio-delivery	audio-delivery/audio_delivery_229.sh	音频交付
audio-delivery-230	audio-delivery	audio-delivery/audio_delivery_230.sh	音频交付
audio-delivery-231	audio-delivery	audio-delivery/audio_delivery_231.sh	音频交付
audio-delivery-232	audio-delivery	audio-delivery/audio_delivery_232.sh	音频交付
audio-delivery-233	audio-delivery	audio-delivery/audio_delivery_233.sh	音频交付
audio-delivery-234	audio-delivery	audio-delivery/audio_delivery_234.sh	音频交付
audio-delivery-235	audio-delivery	audio-delivery/audio_delivery_235.sh	音频交付
audio-delivery-236	audio-delivery	audio-delivery/audio_delivery_236.sh	音频交付
audio-delivery-237	audio-delivery	audio-delivery/audio_delivery_237.sh	音频交付
audio-delivery-238	audio-delivery	audio-delivery/audio_delivery_238.sh	音频交付
audio-delivery-239	audio-delivery	audio-delivery/audio_delivery_239.sh	音频交付
audio-delivery-240	audio-delivery	audio-delivery/audio_delivery_240.sh	音频交付
audio-delivery-241	audio-delivery	audio-delivery/audio_delivery_241.sh	音频交付
audio-delivery-242	audio-delivery	audio-delivery/audio_delivery_242.sh	音频交付
audio-delivery-243	audio-delivery	audio-delivery/audio_delivery_243.sh	音频交付
audio-delivery-244	audio-delivery	audio-delivery/audio_delivery_244.sh	音频交付
audio-delivery-245	audio-delivery	audio-delivery/audio_delivery_245.sh	音频交付
audio-delivery-246	audio-delivery	audio-delivery/audio_delivery_246.sh	音频交付
audio-delivery-247	audio-delivery	audio-delivery/audio_delivery_247.sh	音频交付
audio-delivery-248	audio-delivery	audio-delivery/audio_delivery_248.sh	音频交付
audio-delivery-249	audio-delivery	audio-delivery/audio_delivery_249.sh	音频交付
audio-delivery-250	audio-delivery	audio-delivery/audio_delivery_250.sh	音频交付
audio-delivery-251	audio-delivery	audio-delivery/audio_delivery_251.sh	音频交付
audio-delivery-252	audio-delivery	audio-delivery/audio_delivery_252.sh	音频交付
audio-delivery-253	audio-delivery	audio-delivery/audio_delivery_253.sh	音频交付
audio-delivery-254	audio-delivery	audio-delivery/audio_delivery_254.sh	音频交付
audio-delivery-255	audio-delivery	audio-delivery/audio_delivery_255.sh	音频交付
audio-delivery-256	audio-delivery	audio-delivery/audio_delivery_256.sh	音频交付
audio-delivery-257	audio-delivery	audio-delivery/audio_delivery_257.sh	音频交付
audio-delivery-258	audio-delivery	audio-delivery/audio_delivery_258.sh	音频交付
audio-delivery-259	audio-delivery	audio-delivery/audio_delivery_259.sh	音频交付
audio-delivery-260	audio-delivery	audio-delivery/audio_delivery_260.sh	音频交付
audio-delivery-261	audio-delivery	audio-delivery/audio_delivery_261.sh	音频交付
audio-delivery-262	audio-delivery	audio-delivery/audio_delivery_262.sh	音频交付
audio-delivery-263	audio-delivery	audio-delivery/audio_delivery_263.sh	音频交付
audio-delivery-264	audio-delivery	audio-delivery/audio_delivery_264.sh	音频交付
audio-delivery-265	audio-delivery	audio-delivery/audio_delivery_265.sh	音频交付
audio-delivery-266	audio-delivery	audio-delivery/audio_delivery_266.sh	音频交付
audio-delivery-267	audio-delivery	audio-delivery/audio_delivery_267.sh	音频交付
audio-delivery-268	audio-delivery	audio-delivery/audio_delivery_268.sh	音频交付
audio-delivery-269	audio-delivery	audio-delivery/audio_delivery_269.sh	音频交付
audio-delivery-270	audio-delivery	audio-delivery/audio_delivery_270.sh	音频交付
audio-delivery-271	audio-delivery	audio-delivery/audio_delivery_271.sh	音频交付
audio-delivery-272	audio-delivery	audio-delivery/audio_delivery_272.sh	音频交付
audio-delivery-273	audio-delivery	audio-delivery/audio_delivery_273.sh	音频交付
audio-delivery-274	audio-delivery	audio-delivery/audio_delivery_274.sh	音频交付
audio-delivery-275	audio-delivery	audio-delivery/audio_delivery_275.sh	音频交付
audio-delivery-276	audio-delivery	audio-delivery/audio_delivery_276.sh	音频交付
audio-delivery-277	audio-delivery	audio-delivery/audio_delivery_277.sh	音频交付
audio-delivery-278	audio-delivery	audio-delivery/audio_delivery_278.sh	音频交付
audio-delivery-279	audio-delivery	audio-delivery/audio_delivery_279.sh	音频交付
audio-delivery-280	audio-delivery	audio-delivery/audio_delivery_280.sh	音频交付
audio-delivery-281	audio-delivery	audio-delivery/audio_delivery_281.sh	音频交付
audio-delivery-282	audio-delivery	audio-delivery/audio_delivery_282.sh	音频交付
audio-delivery-283	audio-delivery	audio-delivery/audio_delivery_283.sh	音频交付
audio-delivery-284	audio-delivery	audio-delivery/audio_delivery_284.sh	音频交付
audio-delivery-285	audio-delivery	audio-delivery/audio_delivery_285.sh	音频交付
audio-delivery-286	audio-delivery	audio-delivery/audio_delivery_286.sh	音频交付
audio-delivery-287	audio-delivery	audio-delivery/audio_delivery_287.sh	音频交付
audio-delivery-288	audio-delivery	audio-delivery/audio_delivery_288.sh	音频交付
audio-delivery-289	audio-delivery	audio-delivery/audio_delivery_289.sh	音频交付
audio-delivery-290	audio-delivery	audio-delivery/audio_delivery_290.sh	音频交付
audio-delivery-291	audio-delivery	audio-delivery/audio_delivery_291.sh	音频交付
audio-delivery-292	audio-delivery	audio-delivery/audio_delivery_292.sh	音频交付
audio-delivery-293	audio-delivery	audio-delivery/audio_delivery_293.sh	音频交付
audio-delivery-294	audio-delivery	audio-delivery/audio_delivery_294.sh	音频交付
audio-delivery-295	audio-delivery	audio-delivery/audio_delivery_295.sh	音频交付
audio-delivery-296	audio-delivery	audio-delivery/audio_delivery_296.sh	音频交付
audio-delivery-297	audio-delivery	audio-delivery/audio_delivery_297.sh	音频交付
audio-delivery-298	audio-delivery	audio-delivery/audio_delivery_298.sh	音频交付
audio-delivery-299	audio-delivery	audio-delivery/audio_delivery_299.sh	音频交付
audio-delivery-300	audio-delivery	audio-delivery/audio_delivery_300.sh	音频交付
audio-delivery-301	audio-delivery	audio-delivery/audio_delivery_301.sh	音频交付
audio-delivery-302	audio-delivery	audio-delivery/audio_delivery_302.sh	音频交付
audio-delivery-303	audio-delivery	audio-delivery/audio_delivery_303.sh	音频交付
audio-delivery-304	audio-delivery	audio-delivery/audio_delivery_304.sh	音频交付
audio-delivery-305	audio-delivery	audio-delivery/audio_delivery_305.sh	音频交付
audio-delivery-306	audio-delivery	audio-delivery/audio_delivery_306.sh	音频交付
audio-delivery-307	audio-delivery	audio-delivery/audio_delivery_307.sh	音频交付
audio-delivery-308	audio-delivery	audio-delivery/audio_delivery_308.sh	音频交付
audio-delivery-309	audio-delivery	audio-delivery/audio_delivery_309.sh	音频交付
audio-delivery-310	audio-delivery	audio-delivery/audio_delivery_310.sh	音频交付
audio-delivery-311	audio-delivery	audio-delivery/audio_delivery_311.sh	音频交付
audio-delivery-312	audio-delivery	audio-delivery/audio_delivery_312.sh	音频交付
audio-delivery-313	audio-delivery	audio-delivery/audio_delivery_313.sh	音频交付
audio-delivery-314	audio-delivery	audio-delivery/audio_delivery_314.sh	音频交付
audio-delivery-315	audio-delivery	audio-delivery/audio_delivery_315.sh	音频交付
audio-delivery-316	audio-delivery	audio-delivery/audio_delivery_316.sh	音频交付
audio-delivery-317	audio-delivery	audio-delivery/audio_delivery_317.sh	音频交付
audio-delivery-318	audio-delivery	audio-delivery/audio_delivery_318.sh	音频交付
audio-delivery-319	audio-delivery	audio-delivery/audio_delivery_319.sh	音频交付
audio-delivery-320	audio-delivery	audio-delivery/audio_delivery_320.sh	音频交付
audio-delivery-321	audio-delivery	audio-delivery/audio_delivery_321.sh	音频交付
audio-delivery-322	audio-delivery	audio-delivery/audio_delivery_322.sh	音频交付
audio-delivery-323	audio-delivery	audio-delivery/audio_delivery_323.sh	音频交付
audio-delivery-324	audio-delivery	audio-delivery/audio_delivery_324.sh	音频交付
audio-delivery-325	audio-delivery	audio-delivery/audio_delivery_325.sh	音频交付
audio-delivery-326	audio-delivery	audio-delivery/audio_delivery_326.sh	音频交付
audio-delivery-327	audio-delivery	audio-delivery/audio_delivery_327.sh	音频交付
audio-delivery-328	audio-delivery	audio-delivery/audio_delivery_328.sh	音频交付
audio-delivery-329	audio-delivery	audio-delivery/audio_delivery_329.sh	音频交付
audio-delivery-330	audio-delivery	audio-delivery/audio_delivery_330.sh	音频交付
audio-delivery-331	audio-delivery	audio-delivery/audio_delivery_331.sh	音频交付
audio-delivery-332	audio-delivery	audio-delivery/audio_delivery_332.sh	音频交付
audio-delivery-333	audio-delivery	audio-delivery/audio_delivery_333.sh	音频交付
audio-delivery-334	audio-delivery	audio-delivery/audio_delivery_334.sh	音频交付
audio-delivery-335	audio-delivery	audio-delivery/audio_delivery_335.sh	音频交付
audio-delivery-336	audio-delivery	audio-delivery/audio_delivery_336.sh	音频交付
audio-delivery-337	audio-delivery	audio-delivery/audio_delivery_337.sh	音频交付
audio-delivery-338	audio-delivery	audio-delivery/audio_delivery_338.sh	音频交付
audio-delivery-339	audio-delivery	audio-delivery/audio_delivery_339.sh	音频交付
audio-delivery-340	audio-delivery	audio-delivery/audio_delivery_340.sh	音频交付
audio-delivery-341	audio-delivery	audio-delivery/audio_delivery_341.sh	音频交付
audio-delivery-342	audio-delivery	audio-delivery/audio_delivery_342.sh	音频交付
audio-delivery-343	audio-delivery	audio-delivery/audio_delivery_343.sh	音频交付
audio-delivery-344	audio-delivery	audio-delivery/audio_delivery_344.sh	音频交付
audio-delivery-345	audio-delivery	audio-delivery/audio_delivery_345.sh	音频交付
audio-delivery-346	audio-delivery	audio-delivery/audio_delivery_346.sh	音频交付
audio-delivery-347	audio-delivery	audio-delivery/audio_delivery_347.sh	音频交付
audio-delivery-348	audio-delivery	audio-delivery/audio_delivery_348.sh	音频交付
audio-delivery-349	audio-delivery	audio-delivery/audio_delivery_349.sh	音频交付
audio-delivery-350	audio-delivery	audio-delivery/audio_delivery_350.sh	音频交付
audio-delivery-351	audio-delivery	audio-delivery/audio_delivery_351.sh	音频交付
audio-delivery-352	audio-delivery	audio-delivery/audio_delivery_352.sh	音频交付
audio-delivery-353	audio-delivery	audio-delivery/audio_delivery_353.sh	音频交付
audio-delivery-354	audio-delivery	audio-delivery/audio_delivery_354.sh	音频交付
audio-delivery-355	audio-delivery	audio-delivery/audio_delivery_355.sh	音频交付
audio-delivery-356	audio-delivery	audio-delivery/audio_delivery_356.sh	音频交付
audio-delivery-357	audio-delivery	audio-delivery/audio_delivery_357.sh	音频交付
audio-delivery-358	audio-delivery	audio-delivery/audio_delivery_358.sh	音频交付
audio-delivery-359	audio-delivery	audio-delivery/audio_delivery_359.sh	音频交付
audio-delivery-360	audio-delivery	audio-delivery/audio_delivery_360.sh	音频交付
audio-delivery-361	audio-delivery	audio-delivery/audio_delivery_361.sh	音频交付
audio-delivery-362	audio-delivery	audio-delivery/audio_delivery_362.sh	音频交付
audio-delivery-363	audio-delivery	audio-delivery/audio_delivery_363.sh	音频交付
audio-delivery-364	audio-delivery	audio-delivery/audio_delivery_364.sh	音频交付
audio-delivery-365	audio-delivery	audio-delivery/audio_delivery_365.sh	音频交付
audio-delivery-366	audio-delivery	audio-delivery/audio_delivery_366.sh	音频交付
audio-delivery-367	audio-delivery	audio-delivery/audio_delivery_367.sh	音频交付
audio-delivery-368	audio-delivery	audio-delivery/audio_delivery_368.sh	音频交付
audio-delivery-369	audio-delivery	audio-delivery/audio_delivery_369.sh	音频交付
audio-delivery-370	audio-delivery	audio-delivery/audio_delivery_370.sh	音频交付
audio-delivery-371	audio-delivery	audio-delivery/audio_delivery_371.sh	音频交付
audio-delivery-372	audio-delivery	audio-delivery/audio_delivery_372.sh	音频交付
audio-delivery-373	audio-delivery	audio-delivery/audio_delivery_373.sh	音频交付
audio-delivery-374	audio-delivery	audio-delivery/audio_delivery_374.sh	音频交付
audio-delivery-375	audio-delivery	audio-delivery/audio_delivery_375.sh	音频交付
audio-delivery-376	audio-delivery	audio-delivery/audio_delivery_376.sh	音频交付
audio-delivery-377	audio-delivery	audio-delivery/audio_delivery_377.sh	音频交付
audio-delivery-378	audio-delivery	audio-delivery/audio_delivery_378.sh	音频交付
audio-delivery-379	audio-delivery	audio-delivery/audio_delivery_379.sh	音频交付
audio-delivery-380	audio-delivery	audio-delivery/audio_delivery_380.sh	音频交付
audio-delivery-381	audio-delivery	audio-delivery/audio_delivery_381.sh	音频交付
audio-delivery-382	audio-delivery	audio-delivery/audio_delivery_382.sh	音频交付
audio-delivery-383	audio-delivery	audio-delivery/audio_delivery_383.sh	音频交付
audio-delivery-384	audio-delivery	audio-delivery/audio_delivery_384.sh	音频交付
audio-delivery-385	audio-delivery	audio-delivery/audio_delivery_385.sh	音频交付
audio-delivery-386	audio-delivery	audio-delivery/audio_delivery_386.sh	音频交付
audio-delivery-387	audio-delivery	audio-delivery/audio_delivery_387.sh	音频交付
audio-delivery-388	audio-delivery	audio-delivery/audio_delivery_388.sh	音频交付
audio-delivery-389	audio-delivery	audio-delivery/audio_delivery_389.sh	音频交付
audio-delivery-390	audio-delivery	audio-delivery/audio_delivery_390.sh	音频交付
audio-delivery-391	audio-delivery	audio-delivery/audio_delivery_391.sh	音频交付
audio-delivery-392	audio-delivery	audio-delivery/audio_delivery_392.sh	音频交付
audio-delivery-393	audio-delivery	audio-delivery/audio_delivery_393.sh	音频交付
audio-delivery-394	audio-delivery	audio-delivery/audio_delivery_394.sh	音频交付
audio-delivery-395	audio-delivery	audio-delivery/audio_delivery_395.sh	音频交付
audio-delivery-396	audio-delivery	audio-delivery/audio_delivery_396.sh	音频交付
audio-delivery-397	audio-delivery	audio-delivery/audio_delivery_397.sh	音频交付
audio-delivery-398	audio-delivery	audio-delivery/audio_delivery_398.sh	音频交付
audio-delivery-399	audio-delivery	audio-delivery/audio_delivery_399.sh	音频交付
audio-delivery-400	audio-delivery	audio-delivery/audio_delivery_400.sh	音频交付
audio-delivery-401	audio-delivery	audio-delivery/audio_delivery_401.sh	音频交付
audio-delivery-402	audio-delivery	audio-delivery/audio_delivery_402.sh	音频交付
audio-delivery-403	audio-delivery	audio-delivery/audio_delivery_403.sh	音频交付
audio-delivery-404	audio-delivery	audio-delivery/audio_delivery_404.sh	音频交付
audio-delivery-405	audio-delivery	audio-delivery/audio_delivery_405.sh	音频交付
audio-delivery-406	audio-delivery	audio-delivery/audio_delivery_406.sh	音频交付
audio-delivery-407	audio-delivery	audio-delivery/audio_delivery_407.sh	音频交付
audio-delivery-408	audio-delivery	audio-delivery/audio_delivery_408.sh	音频交付
audio-delivery-409	audio-delivery	audio-delivery/audio_delivery_409.sh	音频交付
audio-delivery-410	audio-delivery	audio-delivery/audio_delivery_410.sh	音频交付
audio-delivery-411	audio-delivery	audio-delivery/audio_delivery_411.sh	音频交付
audio-delivery-412	audio-delivery	audio-delivery/audio_delivery_412.sh	音频交付
audio-delivery-413	audio-delivery	audio-delivery/audio_delivery_413.sh	音频交付
audio-delivery-414	audio-delivery	audio-delivery/audio_delivery_414.sh	音频交付
audio-delivery-415	audio-delivery	audio-delivery/audio_delivery_415.sh	音频交付
audio-delivery-416	audio-delivery	audio-delivery/audio_delivery_416.sh	音频交付
audio-delivery-417	audio-delivery	audio-delivery/audio_delivery_417.sh	音频交付
audio-delivery-418	audio-delivery	audio-delivery/audio_delivery_418.sh	音频交付
audio-delivery-419	audio-delivery	audio-delivery/audio_delivery_419.sh	音频交付
audio-delivery-420	audio-delivery	audio-delivery/audio_delivery_420.sh	音频交付
audio-delivery-421	audio-delivery	audio-delivery/audio_delivery_421.sh	音频交付
audio-delivery-422	audio-delivery	audio-delivery/audio_delivery_422.sh	音频交付
audio-delivery-423	audio-delivery	audio-delivery/audio_delivery_423.sh	音频交付
audio-delivery-424	audio-delivery	audio-delivery/audio_delivery_424.sh	音频交付
audio-delivery-425	audio-delivery	audio-delivery/audio_delivery_425.sh	音频交付
audio-delivery-426	audio-delivery	audio-delivery/audio_delivery_426.sh	音频交付
audio-delivery-427	audio-delivery	audio-delivery/audio_delivery_427.sh	音频交付
audio-delivery-428	audio-delivery	audio-delivery/audio_delivery_428.sh	音频交付
audio-delivery-429	audio-delivery	audio-delivery/audio_delivery_429.sh	音频交付
audio-delivery-430	audio-delivery	audio-delivery/audio_delivery_430.sh	音频交付
audio-delivery-431	audio-delivery	audio-delivery/audio_delivery_431.sh	音频交付
audio-delivery-432	audio-delivery	audio-delivery/audio_delivery_432.sh	音频交付
audio-delivery-433	audio-delivery	audio-delivery/audio_delivery_433.sh	音频交付
audio-delivery-434	audio-delivery	audio-delivery/audio_delivery_434.sh	音频交付
audio-delivery-435	audio-delivery	audio-delivery/audio_delivery_435.sh	音频交付
audio-delivery-436	audio-delivery	audio-delivery/audio_delivery_436.sh	音频交付
audio-delivery-437	audio-delivery	audio-delivery/audio_delivery_437.sh	音频交付
audio-delivery-438	audio-delivery	audio-delivery/audio_delivery_438.sh	音频交付
audio-delivery-439	audio-delivery	audio-delivery/audio_delivery_439.sh	音频交付
audio-delivery-440	audio-delivery	audio-delivery/audio_delivery_440.sh	音频交付
audio-delivery-441	audio-delivery	audio-delivery/audio_delivery_441.sh	音频交付
audio-delivery-442	audio-delivery	audio-delivery/audio_delivery_442.sh	音频交付
audio-delivery-443	audio-delivery	audio-delivery/audio_delivery_443.sh	音频交付
audio-delivery-444	audio-delivery	audio-delivery/audio_delivery_444.sh	音频交付
audio-delivery-445	audio-delivery	audio-delivery/audio_delivery_445.sh	音频交付
audio-delivery-446	audio-delivery	audio-delivery/audio_delivery_446.sh	音频交付
audio-delivery-447	audio-delivery	audio-delivery/audio_delivery_447.sh	音频交付
audio-delivery-448	audio-delivery	audio-delivery/audio_delivery_448.sh	音频交付
audio-delivery-449	audio-delivery	audio-delivery/audio_delivery_449.sh	音频交付
audio-delivery-450	audio-delivery	audio-delivery/audio_delivery_450.sh	音频交付
audio-delivery-451	audio-delivery	audio-delivery/audio_delivery_451.sh	音频交付
audio-delivery-452	audio-delivery	audio-delivery/audio_delivery_452.sh	音频交付
audio-delivery-453	audio-delivery	audio-delivery/audio_delivery_453.sh	音频交付
audio-delivery-454	audio-delivery	audio-delivery/audio_delivery_454.sh	音频交付
audio-delivery-455	audio-delivery	audio-delivery/audio_delivery_455.sh	音频交付
audio-delivery-456	audio-delivery	audio-delivery/audio_delivery_456.sh	音频交付
audio-delivery-457	audio-delivery	audio-delivery/audio_delivery_457.sh	音频交付
audio-delivery-458	audio-delivery	audio-delivery/audio_delivery_458.sh	音频交付
audio-delivery-459	audio-delivery	audio-delivery/audio_delivery_459.sh	音频交付
audio-delivery-460	audio-delivery	audio-delivery/audio_delivery_460.sh	音频交付
audio-delivery-461	audio-delivery	audio-delivery/audio_delivery_461.sh	音频交付
audio-delivery-462	audio-delivery	audio-delivery/audio_delivery_462.sh	音频交付
audio-delivery-463	audio-delivery	audio-delivery/audio_delivery_463.sh	音频交付
audio-delivery-464	audio-delivery	audio-delivery/audio_delivery_464.sh	音频交付
audio-delivery-465	audio-delivery	audio-delivery/audio_delivery_465.sh	音频交付
audio-delivery-466	audio-delivery	audio-delivery/audio_delivery_466.sh	音频交付
audio-delivery-467	audio-delivery	audio-delivery/audio_delivery_467.sh	音频交付
audio-delivery-468	audio-delivery	audio-delivery/audio_delivery_468.sh	音频交付
audio-delivery-469	audio-delivery	audio-delivery/audio_delivery_469.sh	音频交付
audio-delivery-470	audio-delivery	audio-delivery/audio_delivery_470.sh	音频交付
audio-delivery-471	audio-delivery	audio-delivery/audio_delivery_471.sh	音频交付
audio-delivery-472	audio-delivery	audio-delivery/audio_delivery_472.sh	音频交付
audio-delivery-473	audio-delivery	audio-delivery/audio_delivery_473.sh	音频交付
audio-delivery-474	audio-delivery	audio-delivery/audio_delivery_474.sh	音频交付
audio-delivery-475	audio-delivery	audio-delivery/audio_delivery_475.sh	音频交付
audio-delivery-476	audio-delivery	audio-delivery/audio_delivery_476.sh	音频交付
audio-delivery-477	audio-delivery	audio-delivery/audio_delivery_477.sh	音频交付
audio-delivery-478	audio-delivery	audio-delivery/audio_delivery_478.sh	音频交付
audio-delivery-479	audio-delivery	audio-delivery/audio_delivery_479.sh	音频交付
audio-delivery-480	audio-delivery	audio-delivery/audio_delivery_480.sh	音频交付
audio-delivery-481	audio-delivery	audio-delivery/audio_delivery_481.sh	音频交付
audio-delivery-482	audio-delivery	audio-delivery/audio_delivery_482.sh	音频交付
audio-delivery-483	audio-delivery	audio-delivery/audio_delivery_483.sh	音频交付
audio-delivery-484	audio-delivery	audio-delivery/audio_delivery_484.sh	音频交付
audio-delivery-485	audio-delivery	audio-delivery/audio_delivery_485.sh	音频交付
audio-delivery-486	audio-delivery	audio-delivery/audio_delivery_486.sh	音频交付
audio-delivery-487	audio-delivery	audio-delivery/audio_delivery_487.sh	音频交付
audio-delivery-488	audio-delivery	audio-delivery/audio_delivery_488.sh	音频交付
audio-inspect-001	audio-inspect	audio-inspect/audio_inspect_001.sh	音频检查
audio-inspect-002	audio-inspect	audio-inspect/audio_inspect_002.sh	音频检查
audio-inspect-003	audio-inspect	audio-inspect/audio_inspect_003.sh	音频检查
audio-inspect-004	audio-inspect	audio-inspect/audio_inspect_004.sh	音频检查
audio-inspect-005	audio-inspect	audio-inspect/audio_inspect_005.sh	音频检查
audio-inspect-006	audio-inspect	audio-inspect/audio_inspect_006.sh	音频检查
audio-inspect-007	audio-inspect	audio-inspect/audio_inspect_007.sh	音频检查
audio-inspect-008	audio-inspect	audio-inspect/audio_inspect_008.sh	音频检查
audio-inspect-009	audio-inspect	audio-inspect/audio_inspect_009.sh	音频检查
audio-inspect-010	audio-inspect	audio-inspect/audio_inspect_010.sh	音频检查
audio-inspect-011	audio-inspect	audio-inspect/audio_inspect_011.sh	音频检查
audio-inspect-012	audio-inspect	audio-inspect/audio_inspect_012.sh	音频检查
audio-inspect-013	audio-inspect	audio-inspect/audio_inspect_013.sh	音频检查
audio-inspect-014	audio-inspect	audio-inspect/audio_inspect_014.sh	音频检查
audio-inspect-015	audio-inspect	audio-inspect/audio_inspect_015.sh	音频检查
audio-inspect-016	audio-inspect	audio-inspect/audio_inspect_016.sh	音频检查
audio-inspect-017	audio-inspect	audio-inspect/audio_inspect_017.sh	音频检查
audio-inspect-018	audio-inspect	audio-inspect/audio_inspect_018.sh	音频检查
audio-inspect-019	audio-inspect	audio-inspect/audio_inspect_019.sh	音频检查
audio-inspect-020	audio-inspect	audio-inspect/audio_inspect_020.sh	音频检查
audio-inspect-021	audio-inspect	audio-inspect/audio_inspect_021.sh	音频检查
audio-inspect-022	audio-inspect	audio-inspect/audio_inspect_022.sh	音频检查
audio-inspect-023	audio-inspect	audio-inspect/audio_inspect_023.sh	音频检查
audio-inspect-024	audio-inspect	audio-inspect/audio_inspect_024.sh	音频检查
audio-inspect-025	audio-inspect	audio-inspect/audio_inspect_025.sh	音频检查
audio-inspect-026	audio-inspect	audio-inspect/audio_inspect_026.sh	音频检查
audio-inspect-027	audio-inspect	audio-inspect/audio_inspect_027.sh	音频检查
audio-inspect-028	audio-inspect	audio-inspect/audio_inspect_028.sh	音频检查
audio-inspect-029	audio-inspect	audio-inspect/audio_inspect_029.sh	音频检查
audio-inspect-030	audio-inspect	audio-inspect/audio_inspect_030.sh	音频检查
audio-inspect-031	audio-inspect	audio-inspect/audio_inspect_031.sh	音频检查
audio-inspect-032	audio-inspect	audio-inspect/audio_inspect_032.sh	音频检查
audio-inspect-033	audio-inspect	audio-inspect/audio_inspect_033.sh	音频检查
audio-inspect-034	audio-inspect	audio-inspect/audio_inspect_034.sh	音频检查
audio-inspect-035	audio-inspect	audio-inspect/audio_inspect_035.sh	音频检查
audio-inspect-036	audio-inspect	audio-inspect/audio_inspect_036.sh	音频检查
audio-inspect-037	audio-inspect	audio-inspect/audio_inspect_037.sh	音频检查
audio-inspect-038	audio-inspect	audio-inspect/audio_inspect_038.sh	音频检查
audio-inspect-039	audio-inspect	audio-inspect/audio_inspect_039.sh	音频检查
audio-inspect-040	audio-inspect	audio-inspect/audio_inspect_040.sh	音频检查
audio-inspect-041	audio-inspect	audio-inspect/audio_inspect_041.sh	音频检查
audio-inspect-042	audio-inspect	audio-inspect/audio_inspect_042.sh	音频检查
audio-inspect-043	audio-inspect	audio-inspect/audio_inspect_043.sh	音频检查
audio-inspect-044	audio-inspect	audio-inspect/audio_inspect_044.sh	音频检查
audio-inspect-045	audio-inspect	audio-inspect/audio_inspect_045.sh	音频检查
audio-inspect-046	audio-inspect	audio-inspect/audio_inspect_046.sh	音频检查
audio-inspect-047	audio-inspect	audio-inspect/audio_inspect_047.sh	音频检查
audio-inspect-048	audio-inspect	audio-inspect/audio_inspect_048.sh	音频检查
audio-inspect-049	audio-inspect	audio-inspect/audio_inspect_049.sh	音频检查
audio-inspect-050	audio-inspect	audio-inspect/audio_inspect_050.sh	音频检查
audio-inspect-051	audio-inspect	audio-inspect/audio_inspect_051.sh	音频检查
audio-inspect-052	audio-inspect	audio-inspect/audio_inspect_052.sh	音频检查
audio-inspect-053	audio-inspect	audio-inspect/audio_inspect_053.sh	音频检查
audio-inspect-054	audio-inspect	audio-inspect/audio_inspect_054.sh	音频检查
audio-inspect-055	audio-inspect	audio-inspect/audio_inspect_055.sh	音频检查
audio-inspect-056	audio-inspect	audio-inspect/audio_inspect_056.sh	音频检查
audio-inspect-057	audio-inspect	audio-inspect/audio_inspect_057.sh	音频检查
audio-inspect-058	audio-inspect	audio-inspect/audio_inspect_058.sh	音频检查
audio-inspect-059	audio-inspect	audio-inspect/audio_inspect_059.sh	音频检查
audio-inspect-060	audio-inspect	audio-inspect/audio_inspect_060.sh	音频检查
audio-inspect-061	audio-inspect	audio-inspect/audio_inspect_061.sh	音频检查
audio-inspect-062	audio-inspect	audio-inspect/audio_inspect_062.sh	音频检查
audio-inspect-063	audio-inspect	audio-inspect/audio_inspect_063.sh	音频检查
audio-inspect-064	audio-inspect	audio-inspect/audio_inspect_064.sh	音频检查
audio-inspect-065	audio-inspect	audio-inspect/audio_inspect_065.sh	音频检查
audio-inspect-066	audio-inspect	audio-inspect/audio_inspect_066.sh	音频检查
audio-inspect-067	audio-inspect	audio-inspect/audio_inspect_067.sh	音频检查
audio-inspect-068	audio-inspect	audio-inspect/audio_inspect_068.sh	音频检查
audio-inspect-069	audio-inspect	audio-inspect/audio_inspect_069.sh	音频检查
audio-inspect-070	audio-inspect	audio-inspect/audio_inspect_070.sh	音频检查
audio-inspect-071	audio-inspect	audio-inspect/audio_inspect_071.sh	音频检查
audio-inspect-072	audio-inspect	audio-inspect/audio_inspect_072.sh	音频检查
audio-inspect-073	audio-inspect	audio-inspect/audio_inspect_073.sh	音频检查
audio-inspect-074	audio-inspect	audio-inspect/audio_inspect_074.sh	音频检查
audio-inspect-075	audio-inspect	audio-inspect/audio_inspect_075.sh	音频检查
audio-inspect-076	audio-inspect	audio-inspect/audio_inspect_076.sh	音频检查
audio-inspect-077	audio-inspect	audio-inspect/audio_inspect_077.sh	音频检查
audio-inspect-078	audio-inspect	audio-inspect/audio_inspect_078.sh	音频检查
audio-inspect-079	audio-inspect	audio-inspect/audio_inspect_079.sh	音频检查
audio-inspect-080	audio-inspect	audio-inspect/audio_inspect_080.sh	音频检查
audio-inspect-081	audio-inspect	audio-inspect/audio_inspect_081.sh	音频检查
audio-inspect-082	audio-inspect	audio-inspect/audio_inspect_082.sh	音频检查
audio-inspect-083	audio-inspect	audio-inspect/audio_inspect_083.sh	音频检查
audio-inspect-084	audio-inspect	audio-inspect/audio_inspect_084.sh	音频检查
audio-inspect-085	audio-inspect	audio-inspect/audio_inspect_085.sh	音频检查
audio-inspect-086	audio-inspect	audio-inspect/audio_inspect_086.sh	音频检查
audio-inspect-087	audio-inspect	audio-inspect/audio_inspect_087.sh	音频检查
audio-inspect-088	audio-inspect	audio-inspect/audio_inspect_088.sh	音频检查
audio-inspect-089	audio-inspect	audio-inspect/audio_inspect_089.sh	音频检查
audio-inspect-090	audio-inspect	audio-inspect/audio_inspect_090.sh	音频检查
audio-inspect-091	audio-inspect	audio-inspect/audio_inspect_091.sh	音频检查
audio-inspect-092	audio-inspect	audio-inspect/audio_inspect_092.sh	音频检查
audio-inspect-093	audio-inspect	audio-inspect/audio_inspect_093.sh	音频检查
audio-inspect-094	audio-inspect	audio-inspect/audio_inspect_094.sh	音频检查
audio-inspect-095	audio-inspect	audio-inspect/audio_inspect_095.sh	音频检查
audio-inspect-096	audio-inspect	audio-inspect/audio_inspect_096.sh	音频检查
audio-inspect-097	audio-inspect	audio-inspect/audio_inspect_097.sh	音频检查
audio-inspect-098	audio-inspect	audio-inspect/audio_inspect_098.sh	音频检查
audio-inspect-099	audio-inspect	audio-inspect/audio_inspect_099.sh	音频检查
audio-inspect-100	audio-inspect	audio-inspect/audio_inspect_100.sh	音频检查
audio-inspect-101	audio-inspect	audio-inspect/audio_inspect_101.sh	音频检查
audio-inspect-102	audio-inspect	audio-inspect/audio_inspect_102.sh	音频检查
audio-inspect-103	audio-inspect	audio-inspect/audio_inspect_103.sh	音频检查
audio-inspect-104	audio-inspect	audio-inspect/audio_inspect_104.sh	音频检查
audio-inspect-105	audio-inspect	audio-inspect/audio_inspect_105.sh	音频检查
audio-inspect-106	audio-inspect	audio-inspect/audio_inspect_106.sh	音频检查
audio-inspect-107	audio-inspect	audio-inspect/audio_inspect_107.sh	音频检查
audio-inspect-108	audio-inspect	audio-inspect/audio_inspect_108.sh	音频检查
audio-inspect-109	audio-inspect	audio-inspect/audio_inspect_109.sh	音频检查
audio-inspect-110	audio-inspect	audio-inspect/audio_inspect_110.sh	音频检查
audio-inspect-111	audio-inspect	audio-inspect/audio_inspect_111.sh	音频检查
audio-inspect-112	audio-inspect	audio-inspect/audio_inspect_112.sh	音频检查
audio-inspect-113	audio-inspect	audio-inspect/audio_inspect_113.sh	音频检查
audio-inspect-114	audio-inspect	audio-inspect/audio_inspect_114.sh	音频检查
audio-inspect-115	audio-inspect	audio-inspect/audio_inspect_115.sh	音频检查
audio-inspect-116	audio-inspect	audio-inspect/audio_inspect_116.sh	音频检查
audio-inspect-117	audio-inspect	audio-inspect/audio_inspect_117.sh	音频检查
audio-inspect-118	audio-inspect	audio-inspect/audio_inspect_118.sh	音频检查
audio-inspect-119	audio-inspect	audio-inspect/audio_inspect_119.sh	音频检查
audio-inspect-120	audio-inspect	audio-inspect/audio_inspect_120.sh	音频检查
audio-inspect-121	audio-inspect	audio-inspect/audio_inspect_121.sh	音频检查
audio-inspect-122	audio-inspect	audio-inspect/audio_inspect_122.sh	音频检查
audio-inspect-123	audio-inspect	audio-inspect/audio_inspect_123.sh	音频检查
audio-inspect-124	audio-inspect	audio-inspect/audio_inspect_124.sh	音频检查
audio-inspect-125	audio-inspect	audio-inspect/audio_inspect_125.sh	音频检查
audio-inspect-126	audio-inspect	audio-inspect/audio_inspect_126.sh	音频检查
audio-inspect-127	audio-inspect	audio-inspect/audio_inspect_127.sh	音频检查
audio-inspect-128	audio-inspect	audio-inspect/audio_inspect_128.sh	音频检查
audio-inspect-129	audio-inspect	audio-inspect/audio_inspect_129.sh	音频检查
audio-inspect-130	audio-inspect	audio-inspect/audio_inspect_130.sh	音频检查
audio-inspect-131	audio-inspect	audio-inspect/audio_inspect_131.sh	音频检查
audio-inspect-132	audio-inspect	audio-inspect/audio_inspect_132.sh	音频检查
audio-inspect-133	audio-inspect	audio-inspect/audio_inspect_133.sh	音频检查
audio-inspect-134	audio-inspect	audio-inspect/audio_inspect_134.sh	音频检查
audio-inspect-135	audio-inspect	audio-inspect/audio_inspect_135.sh	音频检查
audio-inspect-136	audio-inspect	audio-inspect/audio_inspect_136.sh	音频检查
audio-inspect-137	audio-inspect	audio-inspect/audio_inspect_137.sh	音频检查
audio-inspect-138	audio-inspect	audio-inspect/audio_inspect_138.sh	音频检查
audio-inspect-139	audio-inspect	audio-inspect/audio_inspect_139.sh	音频检查
audio-inspect-140	audio-inspect	audio-inspect/audio_inspect_140.sh	音频检查
audio-inspect-141	audio-inspect	audio-inspect/audio_inspect_141.sh	音频检查
audio-inspect-142	audio-inspect	audio-inspect/audio_inspect_142.sh	音频检查
audio-inspect-143	audio-inspect	audio-inspect/audio_inspect_143.sh	音频检查
audio-inspect-144	audio-inspect	audio-inspect/audio_inspect_144.sh	音频检查
audio-inspect-145	audio-inspect	audio-inspect/audio_inspect_145.sh	音频检查
audio-inspect-146	audio-inspect	audio-inspect/audio_inspect_146.sh	音频检查
audio-inspect-147	audio-inspect	audio-inspect/audio_inspect_147.sh	音频检查
audio-inspect-148	audio-inspect	audio-inspect/audio_inspect_148.sh	音频检查
audio-inspect-149	audio-inspect	audio-inspect/audio_inspect_149.sh	音频检查
audio-inspect-150	audio-inspect	audio-inspect/audio_inspect_150.sh	音频检查
audio-inspect-151	audio-inspect	audio-inspect/audio_inspect_151.sh	音频检查
audio-inspect-152	audio-inspect	audio-inspect/audio_inspect_152.sh	音频检查
audio-inspect-153	audio-inspect	audio-inspect/audio_inspect_153.sh	音频检查
audio-inspect-154	audio-inspect	audio-inspect/audio_inspect_154.sh	音频检查
audio-inspect-155	audio-inspect	audio-inspect/audio_inspect_155.sh	音频检查
audio-inspect-156	audio-inspect	audio-inspect/audio_inspect_156.sh	音频检查
audio-inspect-157	audio-inspect	audio-inspect/audio_inspect_157.sh	音频检查
audio-inspect-158	audio-inspect	audio-inspect/audio_inspect_158.sh	音频检查
audio-inspect-159	audio-inspect	audio-inspect/audio_inspect_159.sh	音频检查
audio-inspect-160	audio-inspect	audio-inspect/audio_inspect_160.sh	音频检查
audio-inspect-161	audio-inspect	audio-inspect/audio_inspect_161.sh	音频检查
audio-inspect-162	audio-inspect	audio-inspect/audio_inspect_162.sh	音频检查
audio-inspect-163	audio-inspect	audio-inspect/audio_inspect_163.sh	音频检查
audio-inspect-164	audio-inspect	audio-inspect/audio_inspect_164.sh	音频检查
audio-inspect-165	audio-inspect	audio-inspect/audio_inspect_165.sh	音频检查
audio-inspect-166	audio-inspect	audio-inspect/audio_inspect_166.sh	音频检查
audio-inspect-167	audio-inspect	audio-inspect/audio_inspect_167.sh	音频检查
audio-inspect-168	audio-inspect	audio-inspect/audio_inspect_168.sh	音频检查
audio-inspect-169	audio-inspect	audio-inspect/audio_inspect_169.sh	音频检查
audio-inspect-170	audio-inspect	audio-inspect/audio_inspect_170.sh	音频检查
audio-inspect-171	audio-inspect	audio-inspect/audio_inspect_171.sh	音频检查
audio-inspect-172	audio-inspect	audio-inspect/audio_inspect_172.sh	音频检查
audio-inspect-173	audio-inspect	audio-inspect/audio_inspect_173.sh	音频检查
audio-inspect-174	audio-inspect	audio-inspect/audio_inspect_174.sh	音频检查
audio-inspect-175	audio-inspect	audio-inspect/audio_inspect_175.sh	音频检查
audio-inspect-176	audio-inspect	audio-inspect/audio_inspect_176.sh	音频检查
audio-inspect-177	audio-inspect	audio-inspect/audio_inspect_177.sh	音频检查
audio-inspect-178	audio-inspect	audio-inspect/audio_inspect_178.sh	音频检查
audio-inspect-179	audio-inspect	audio-inspect/audio_inspect_179.sh	音频检查
audio-inspect-180	audio-inspect	audio-inspect/audio_inspect_180.sh	音频检查
audio-inspect-181	audio-inspect	audio-inspect/audio_inspect_181.sh	音频检查
audio-inspect-182	audio-inspect	audio-inspect/audio_inspect_182.sh	音频检查
audio-inspect-183	audio-inspect	audio-inspect/audio_inspect_183.sh	音频检查
audio-inspect-184	audio-inspect	audio-inspect/audio_inspect_184.sh	音频检查
audio-inspect-185	audio-inspect	audio-inspect/audio_inspect_185.sh	音频检查
audio-inspect-186	audio-inspect	audio-inspect/audio_inspect_186.sh	音频检查
audio-inspect-187	audio-inspect	audio-inspect/audio_inspect_187.sh	音频检查
audio-inspect-188	audio-inspect	audio-inspect/audio_inspect_188.sh	音频检查
audio-inspect-189	audio-inspect	audio-inspect/audio_inspect_189.sh	音频检查
audio-inspect-190	audio-inspect	audio-inspect/audio_inspect_190.sh	音频检查
audio-inspect-191	audio-inspect	audio-inspect/audio_inspect_191.sh	音频检查
audio-inspect-192	audio-inspect	audio-inspect/audio_inspect_192.sh	音频检查
audio-inspect-193	audio-inspect	audio-inspect/audio_inspect_193.sh	音频检查
audio-inspect-194	audio-inspect	audio-inspect/audio_inspect_194.sh	音频检查
audio-inspect-195	audio-inspect	audio-inspect/audio_inspect_195.sh	音频检查
audio-inspect-196	audio-inspect	audio-inspect/audio_inspect_196.sh	音频检查
audio-inspect-197	audio-inspect	audio-inspect/audio_inspect_197.sh	音频检查
audio-inspect-198	audio-inspect	audio-inspect/audio_inspect_198.sh	音频检查
audio-inspect-199	audio-inspect	audio-inspect/audio_inspect_199.sh	音频检查
audio-inspect-200	audio-inspect	audio-inspect/audio_inspect_200.sh	音频检查
audio-inspect-201	audio-inspect	audio-inspect/audio_inspect_201.sh	音频检查
audio-inspect-202	audio-inspect	audio-inspect/audio_inspect_202.sh	音频检查
audio-inspect-203	audio-inspect	audio-inspect/audio_inspect_203.sh	音频检查
audio-inspect-204	audio-inspect	audio-inspect/audio_inspect_204.sh	音频检查
audio-inspect-205	audio-inspect	audio-inspect/audio_inspect_205.sh	音频检查
audio-inspect-206	audio-inspect	audio-inspect/audio_inspect_206.sh	音频检查
audio-inspect-207	audio-inspect	audio-inspect/audio_inspect_207.sh	音频检查
audio-inspect-208	audio-inspect	audio-inspect/audio_inspect_208.sh	音频检查
audio-inspect-209	audio-inspect	audio-inspect/audio_inspect_209.sh	音频检查
audio-inspect-210	audio-inspect	audio-inspect/audio_inspect_210.sh	音频检查
audio-inspect-211	audio-inspect	audio-inspect/audio_inspect_211.sh	音频检查
audio-inspect-212	audio-inspect	audio-inspect/audio_inspect_212.sh	音频检查
audio-inspect-213	audio-inspect	audio-inspect/audio_inspect_213.sh	音频检查
audio-inspect-214	audio-inspect	audio-inspect/audio_inspect_214.sh	音频检查
audio-inspect-215	audio-inspect	audio-inspect/audio_inspect_215.sh	音频检查
audio-inspect-216	audio-inspect	audio-inspect/audio_inspect_216.sh	音频检查
audio-inspect-217	audio-inspect	audio-inspect/audio_inspect_217.sh	音频检查
audio-inspect-218	audio-inspect	audio-inspect/audio_inspect_218.sh	音频检查
audio-inspect-219	audio-inspect	audio-inspect/audio_inspect_219.sh	音频检查
audio-inspect-220	audio-inspect	audio-inspect/audio_inspect_220.sh	音频检查
audio-inspect-221	audio-inspect	audio-inspect/audio_inspect_221.sh	音频检查
audio-inspect-222	audio-inspect	audio-inspect/audio_inspect_222.sh	音频检查
audio-inspect-223	audio-inspect	audio-inspect/audio_inspect_223.sh	音频检查
audio-inspect-224	audio-inspect	audio-inspect/audio_inspect_224.sh	音频检查
audio-inspect-225	audio-inspect	audio-inspect/audio_inspect_225.sh	音频检查
audio-inspect-226	audio-inspect	audio-inspect/audio_inspect_226.sh	音频检查
audio-inspect-227	audio-inspect	audio-inspect/audio_inspect_227.sh	音频检查
audio-inspect-228	audio-inspect	audio-inspect/audio_inspect_228.sh	音频检查
audio-inspect-229	audio-inspect	audio-inspect/audio_inspect_229.sh	音频检查
audio-inspect-230	audio-inspect	audio-inspect/audio_inspect_230.sh	音频检查
audio-inspect-231	audio-inspect	audio-inspect/audio_inspect_231.sh	音频检查
audio-inspect-232	audio-inspect	audio-inspect/audio_inspect_232.sh	音频检查
audio-inspect-233	audio-inspect	audio-inspect/audio_inspect_233.sh	音频检查
audio-inspect-234	audio-inspect	audio-inspect/audio_inspect_234.sh	音频检查
audio-inspect-235	audio-inspect	audio-inspect/audio_inspect_235.sh	音频检查
audio-inspect-236	audio-inspect	audio-inspect/audio_inspect_236.sh	音频检查
audio-inspect-237	audio-inspect	audio-inspect/audio_inspect_237.sh	音频检查
audio-inspect-238	audio-inspect	audio-inspect/audio_inspect_238.sh	音频检查
audio-inspect-239	audio-inspect	audio-inspect/audio_inspect_239.sh	音频检查
audio-inspect-240	audio-inspect	audio-inspect/audio_inspect_240.sh	音频检查
audio-inspect-241	audio-inspect	audio-inspect/audio_inspect_241.sh	音频检查
audio-inspect-242	audio-inspect	audio-inspect/audio_inspect_242.sh	音频检查
audio-inspect-243	audio-inspect	audio-inspect/audio_inspect_243.sh	音频检查
audio-inspect-244	audio-inspect	audio-inspect/audio_inspect_244.sh	音频检查
audio-inspect-245	audio-inspect	audio-inspect/audio_inspect_245.sh	音频检查
audio-inspect-246	audio-inspect	audio-inspect/audio_inspect_246.sh	音频检查
audio-inspect-247	audio-inspect	audio-inspect/audio_inspect_247.sh	音频检查
audio-inspect-248	audio-inspect	audio-inspect/audio_inspect_248.sh	音频检查
audio-inspect-249	audio-inspect	audio-inspect/audio_inspect_249.sh	音频检查
audio-inspect-250	audio-inspect	audio-inspect/audio_inspect_250.sh	音频检查
audio-inspect-251	audio-inspect	audio-inspect/audio_inspect_251.sh	音频检查
audio-inspect-252	audio-inspect	audio-inspect/audio_inspect_252.sh	音频检查
audio-inspect-253	audio-inspect	audio-inspect/audio_inspect_253.sh	音频检查
audio-inspect-254	audio-inspect	audio-inspect/audio_inspect_254.sh	音频检查
audio-inspect-255	audio-inspect	audio-inspect/audio_inspect_255.sh	音频检查
audio-inspect-256	audio-inspect	audio-inspect/audio_inspect_256.sh	音频检查
audio-inspect-257	audio-inspect	audio-inspect/audio_inspect_257.sh	音频检查
audio-inspect-258	audio-inspect	audio-inspect/audio_inspect_258.sh	音频检查
audio-inspect-259	audio-inspect	audio-inspect/audio_inspect_259.sh	音频检查
audio-inspect-260	audio-inspect	audio-inspect/audio_inspect_260.sh	音频检查
audio-inspect-261	audio-inspect	audio-inspect/audio_inspect_261.sh	音频检查
audio-inspect-262	audio-inspect	audio-inspect/audio_inspect_262.sh	音频检查
audio-inspect-263	audio-inspect	audio-inspect/audio_inspect_263.sh	音频检查
audio-inspect-264	audio-inspect	audio-inspect/audio_inspect_264.sh	音频检查
audio-inspect-265	audio-inspect	audio-inspect/audio_inspect_265.sh	音频检查
audio-inspect-266	audio-inspect	audio-inspect/audio_inspect_266.sh	音频检查
audio-inspect-267	audio-inspect	audio-inspect/audio_inspect_267.sh	音频检查
audio-inspect-268	audio-inspect	audio-inspect/audio_inspect_268.sh	音频检查
audio-inspect-269	audio-inspect	audio-inspect/audio_inspect_269.sh	音频检查
audio-inspect-270	audio-inspect	audio-inspect/audio_inspect_270.sh	音频检查
audio-inspect-271	audio-inspect	audio-inspect/audio_inspect_271.sh	音频检查
audio-inspect-272	audio-inspect	audio-inspect/audio_inspect_272.sh	音频检查
audio-inspect-273	audio-inspect	audio-inspect/audio_inspect_273.sh	音频检查
audio-inspect-274	audio-inspect	audio-inspect/audio_inspect_274.sh	音频检查
audio-inspect-275	audio-inspect	audio-inspect/audio_inspect_275.sh	音频检查
audio-inspect-276	audio-inspect	audio-inspect/audio_inspect_276.sh	音频检查
audio-inspect-277	audio-inspect	audio-inspect/audio_inspect_277.sh	音频检查
audio-inspect-278	audio-inspect	audio-inspect/audio_inspect_278.sh	音频检查
audio-inspect-279	audio-inspect	audio-inspect/audio_inspect_279.sh	音频检查
audio-inspect-280	audio-inspect	audio-inspect/audio_inspect_280.sh	音频检查
audio-inspect-281	audio-inspect	audio-inspect/audio_inspect_281.sh	音频检查
audio-inspect-282	audio-inspect	audio-inspect/audio_inspect_282.sh	音频检查
audio-inspect-283	audio-inspect	audio-inspect/audio_inspect_283.sh	音频检查
audio-inspect-284	audio-inspect	audio-inspect/audio_inspect_284.sh	音频检查
audio-inspect-285	audio-inspect	audio-inspect/audio_inspect_285.sh	音频检查
audio-inspect-286	audio-inspect	audio-inspect/audio_inspect_286.sh	音频检查
audio-inspect-287	audio-inspect	audio-inspect/audio_inspect_287.sh	音频检查
audio-inspect-288	audio-inspect	audio-inspect/audio_inspect_288.sh	音频检查
audio-inspect-289	audio-inspect	audio-inspect/audio_inspect_289.sh	音频检查
audio-inspect-290	audio-inspect	audio-inspect/audio_inspect_290.sh	音频检查
audio-inspect-291	audio-inspect	audio-inspect/audio_inspect_291.sh	音频检查
audio-inspect-292	audio-inspect	audio-inspect/audio_inspect_292.sh	音频检查
audio-inspect-293	audio-inspect	audio-inspect/audio_inspect_293.sh	音频检查
audio-inspect-294	audio-inspect	audio-inspect/audio_inspect_294.sh	音频检查
audio-inspect-295	audio-inspect	audio-inspect/audio_inspect_295.sh	音频检查
audio-inspect-296	audio-inspect	audio-inspect/audio_inspect_296.sh	音频检查
audio-inspect-297	audio-inspect	audio-inspect/audio_inspect_297.sh	音频检查
audio-inspect-298	audio-inspect	audio-inspect/audio_inspect_298.sh	音频检查
audio-inspect-299	audio-inspect	audio-inspect/audio_inspect_299.sh	音频检查
audio-inspect-300	audio-inspect	audio-inspect/audio_inspect_300.sh	音频检查
audio-inspect-301	audio-inspect	audio-inspect/audio_inspect_301.sh	音频检查
audio-inspect-302	audio-inspect	audio-inspect/audio_inspect_302.sh	音频检查
audio-inspect-303	audio-inspect	audio-inspect/audio_inspect_303.sh	音频检查
audio-inspect-304	audio-inspect	audio-inspect/audio_inspect_304.sh	音频检查
audio-inspect-305	audio-inspect	audio-inspect/audio_inspect_305.sh	音频检查
audio-inspect-306	audio-inspect	audio-inspect/audio_inspect_306.sh	音频检查
audio-inspect-307	audio-inspect	audio-inspect/audio_inspect_307.sh	音频检查
audio-inspect-308	audio-inspect	audio-inspect/audio_inspect_308.sh	音频检查
audio-inspect-309	audio-inspect	audio-inspect/audio_inspect_309.sh	音频检查
audio-inspect-310	audio-inspect	audio-inspect/audio_inspect_310.sh	音频检查
audio-inspect-311	audio-inspect	audio-inspect/audio_inspect_311.sh	音频检查
audio-inspect-312	audio-inspect	audio-inspect/audio_inspect_312.sh	音频检查
audio-inspect-313	audio-inspect	audio-inspect/audio_inspect_313.sh	音频检查
audio-inspect-314	audio-inspect	audio-inspect/audio_inspect_314.sh	音频检查
audio-inspect-315	audio-inspect	audio-inspect/audio_inspect_315.sh	音频检查
audio-inspect-316	audio-inspect	audio-inspect/audio_inspect_316.sh	音频检查
audio-inspect-317	audio-inspect	audio-inspect/audio_inspect_317.sh	音频检查
audio-inspect-318	audio-inspect	audio-inspect/audio_inspect_318.sh	音频检查
audio-inspect-319	audio-inspect	audio-inspect/audio_inspect_319.sh	音频检查
audio-inspect-320	audio-inspect	audio-inspect/audio_inspect_320.sh	音频检查
audio-inspect-321	audio-inspect	audio-inspect/audio_inspect_321.sh	音频检查
audio-inspect-322	audio-inspect	audio-inspect/audio_inspect_322.sh	音频检查
audio-inspect-323	audio-inspect	audio-inspect/audio_inspect_323.sh	音频检查
audio-inspect-324	audio-inspect	audio-inspect/audio_inspect_324.sh	音频检查
audio-inspect-325	audio-inspect	audio-inspect/audio_inspect_325.sh	音频检查
audio-inspect-326	audio-inspect	audio-inspect/audio_inspect_326.sh	音频检查
audio-inspect-327	audio-inspect	audio-inspect/audio_inspect_327.sh	音频检查
audio-inspect-328	audio-inspect	audio-inspect/audio_inspect_328.sh	音频检查
audio-inspect-329	audio-inspect	audio-inspect/audio_inspect_329.sh	音频检查
audio-inspect-330	audio-inspect	audio-inspect/audio_inspect_330.sh	音频检查
audio-inspect-331	audio-inspect	audio-inspect/audio_inspect_331.sh	音频检查
audio-inspect-332	audio-inspect	audio-inspect/audio_inspect_332.sh	音频检查
audio-inspect-333	audio-inspect	audio-inspect/audio_inspect_333.sh	音频检查
audio-inspect-334	audio-inspect	audio-inspect/audio_inspect_334.sh	音频检查
audio-inspect-335	audio-inspect	audio-inspect/audio_inspect_335.sh	音频检查
audio-inspect-336	audio-inspect	audio-inspect/audio_inspect_336.sh	音频检查
audio-inspect-337	audio-inspect	audio-inspect/audio_inspect_337.sh	音频检查
audio-inspect-338	audio-inspect	audio-inspect/audio_inspect_338.sh	音频检查
audio-inspect-339	audio-inspect	audio-inspect/audio_inspect_339.sh	音频检查
audio-inspect-340	audio-inspect	audio-inspect/audio_inspect_340.sh	音频检查
audio-inspect-341	audio-inspect	audio-inspect/audio_inspect_341.sh	音频检查
audio-inspect-342	audio-inspect	audio-inspect/audio_inspect_342.sh	音频检查
audio-inspect-343	audio-inspect	audio-inspect/audio_inspect_343.sh	音频检查
audio-inspect-344	audio-inspect	audio-inspect/audio_inspect_344.sh	音频检查
audio-inspect-345	audio-inspect	audio-inspect/audio_inspect_345.sh	音频检查
audio-inspect-346	audio-inspect	audio-inspect/audio_inspect_346.sh	音频检查
audio-inspect-347	audio-inspect	audio-inspect/audio_inspect_347.sh	音频检查
audio-inspect-348	audio-inspect	audio-inspect/audio_inspect_348.sh	音频检查
audio-inspect-349	audio-inspect	audio-inspect/audio_inspect_349.sh	音频检查
audio-inspect-350	audio-inspect	audio-inspect/audio_inspect_350.sh	音频检查
audio-inspect-351	audio-inspect	audio-inspect/audio_inspect_351.sh	音频检查
audio-inspect-352	audio-inspect	audio-inspect/audio_inspect_352.sh	音频检查
audio-inspect-353	audio-inspect	audio-inspect/audio_inspect_353.sh	音频检查
audio-inspect-354	audio-inspect	audio-inspect/audio_inspect_354.sh	音频检查
audio-inspect-355	audio-inspect	audio-inspect/audio_inspect_355.sh	音频检查
audio-inspect-356	audio-inspect	audio-inspect/audio_inspect_356.sh	音频检查
audio-inspect-357	audio-inspect	audio-inspect/audio_inspect_357.sh	音频检查
audio-inspect-358	audio-inspect	audio-inspect/audio_inspect_358.sh	音频检查
audio-inspect-359	audio-inspect	audio-inspect/audio_inspect_359.sh	音频检查
audio-inspect-360	audio-inspect	audio-inspect/audio_inspect_360.sh	音频检查
audio-inspect-361	audio-inspect	audio-inspect/audio_inspect_361.sh	音频检查
audio-inspect-362	audio-inspect	audio-inspect/audio_inspect_362.sh	音频检查
audio-inspect-363	audio-inspect	audio-inspect/audio_inspect_363.sh	音频检查
audio-inspect-364	audio-inspect	audio-inspect/audio_inspect_364.sh	音频检查
audio-inspect-365	audio-inspect	audio-inspect/audio_inspect_365.sh	音频检查
audio-inspect-366	audio-inspect	audio-inspect/audio_inspect_366.sh	音频检查
audio-inspect-367	audio-inspect	audio-inspect/audio_inspect_367.sh	音频检查
audio-inspect-368	audio-inspect	audio-inspect/audio_inspect_368.sh	音频检查
audio-inspect-369	audio-inspect	audio-inspect/audio_inspect_369.sh	音频检查
audio-inspect-370	audio-inspect	audio-inspect/audio_inspect_370.sh	音频检查
audio-inspect-371	audio-inspect	audio-inspect/audio_inspect_371.sh	音频检查
audio-inspect-372	audio-inspect	audio-inspect/audio_inspect_372.sh	音频检查
audio-inspect-373	audio-inspect	audio-inspect/audio_inspect_373.sh	音频检查
audio-inspect-374	audio-inspect	audio-inspect/audio_inspect_374.sh	音频检查
audio-inspect-375	audio-inspect	audio-inspect/audio_inspect_375.sh	音频检查
audio-inspect-376	audio-inspect	audio-inspect/audio_inspect_376.sh	音频检查
audio-inspect-377	audio-inspect	audio-inspect/audio_inspect_377.sh	音频检查
audio-inspect-378	audio-inspect	audio-inspect/audio_inspect_378.sh	音频检查
audio-inspect-379	audio-inspect	audio-inspect/audio_inspect_379.sh	音频检查
audio-inspect-380	audio-inspect	audio-inspect/audio_inspect_380.sh	音频检查
audio-inspect-381	audio-inspect	audio-inspect/audio_inspect_381.sh	音频检查
audio-inspect-382	audio-inspect	audio-inspect/audio_inspect_382.sh	音频检查
audio-inspect-383	audio-inspect	audio-inspect/audio_inspect_383.sh	音频检查
audio-inspect-384	audio-inspect	audio-inspect/audio_inspect_384.sh	音频检查
audio-inspect-385	audio-inspect	audio-inspect/audio_inspect_385.sh	音频检查
audio-inspect-386	audio-inspect	audio-inspect/audio_inspect_386.sh	音频检查
audio-inspect-387	audio-inspect	audio-inspect/audio_inspect_387.sh	音频检查
audio-inspect-388	audio-inspect	audio-inspect/audio_inspect_388.sh	音频检查
audio-inspect-389	audio-inspect	audio-inspect/audio_inspect_389.sh	音频检查
audio-inspect-390	audio-inspect	audio-inspect/audio_inspect_390.sh	音频检查
audio-inspect-391	audio-inspect	audio-inspect/audio_inspect_391.sh	音频检查
audio-inspect-392	audio-inspect	audio-inspect/audio_inspect_392.sh	音频检查
audio-inspect-393	audio-inspect	audio-inspect/audio_inspect_393.sh	音频检查
audio-inspect-394	audio-inspect	audio-inspect/audio_inspect_394.sh	音频检查
audio-inspect-395	audio-inspect	audio-inspect/audio_inspect_395.sh	音频检查
audio-inspect-396	audio-inspect	audio-inspect/audio_inspect_396.sh	音频检查
audio-inspect-397	audio-inspect	audio-inspect/audio_inspect_397.sh	音频检查
audio-inspect-398	audio-inspect	audio-inspect/audio_inspect_398.sh	音频检查
audio-inspect-399	audio-inspect	audio-inspect/audio_inspect_399.sh	音频检查
audio-inspect-400	audio-inspect	audio-inspect/audio_inspect_400.sh	音频检查
audio-inspect-401	audio-inspect	audio-inspect/audio_inspect_401.sh	音频检查
audio-inspect-402	audio-inspect	audio-inspect/audio_inspect_402.sh	音频检查
audio-inspect-403	audio-inspect	audio-inspect/audio_inspect_403.sh	音频检查
audio-inspect-404	audio-inspect	audio-inspect/audio_inspect_404.sh	音频检查
audio-inspect-405	audio-inspect	audio-inspect/audio_inspect_405.sh	音频检查
audio-inspect-406	audio-inspect	audio-inspect/audio_inspect_406.sh	音频检查
audio-inspect-407	audio-inspect	audio-inspect/audio_inspect_407.sh	音频检查
audio-inspect-408	audio-inspect	audio-inspect/audio_inspect_408.sh	音频检查
audio-inspect-409	audio-inspect	audio-inspect/audio_inspect_409.sh	音频检查
audio-inspect-410	audio-inspect	audio-inspect/audio_inspect_410.sh	音频检查
audio-inspect-411	audio-inspect	audio-inspect/audio_inspect_411.sh	音频检查
audio-inspect-412	audio-inspect	audio-inspect/audio_inspect_412.sh	音频检查
audio-inspect-413	audio-inspect	audio-inspect/audio_inspect_413.sh	音频检查
audio-inspect-414	audio-inspect	audio-inspect/audio_inspect_414.sh	音频检查
audio-inspect-415	audio-inspect	audio-inspect/audio_inspect_415.sh	音频检查
audio-inspect-416	audio-inspect	audio-inspect/audio_inspect_416.sh	音频检查
audio-inspect-417	audio-inspect	audio-inspect/audio_inspect_417.sh	音频检查
audio-inspect-418	audio-inspect	audio-inspect/audio_inspect_418.sh	音频检查
audio-inspect-419	audio-inspect	audio-inspect/audio_inspect_419.sh	音频检查
audio-inspect-420	audio-inspect	audio-inspect/audio_inspect_420.sh	音频检查
audio-inspect-421	audio-inspect	audio-inspect/audio_inspect_421.sh	音频检查
audio-inspect-422	audio-inspect	audio-inspect/audio_inspect_422.sh	音频检查
audio-inspect-423	audio-inspect	audio-inspect/audio_inspect_423.sh	音频检查
audio-inspect-424	audio-inspect	audio-inspect/audio_inspect_424.sh	音频检查
audio-inspect-425	audio-inspect	audio-inspect/audio_inspect_425.sh	音频检查
audio-inspect-426	audio-inspect	audio-inspect/audio_inspect_426.sh	音频检查
audio-inspect-427	audio-inspect	audio-inspect/audio_inspect_427.sh	音频检查
audio-inspect-428	audio-inspect	audio-inspect/audio_inspect_428.sh	音频检查
audio-inspect-429	audio-inspect	audio-inspect/audio_inspect_429.sh	音频检查
audio-inspect-430	audio-inspect	audio-inspect/audio_inspect_430.sh	音频检查
audio-inspect-431	audio-inspect	audio-inspect/audio_inspect_431.sh	音频检查
audio-inspect-432	audio-inspect	audio-inspect/audio_inspect_432.sh	音频检查
audio-inspect-433	audio-inspect	audio-inspect/audio_inspect_433.sh	音频检查
audio-inspect-434	audio-inspect	audio-inspect/audio_inspect_434.sh	音频检查
audio-inspect-435	audio-inspect	audio-inspect/audio_inspect_435.sh	音频检查
audio-inspect-436	audio-inspect	audio-inspect/audio_inspect_436.sh	音频检查
audio-inspect-437	audio-inspect	audio-inspect/audio_inspect_437.sh	音频检查
audio-inspect-438	audio-inspect	audio-inspect/audio_inspect_438.sh	音频检查
audio-inspect-439	audio-inspect	audio-inspect/audio_inspect_439.sh	音频检查
audio-inspect-440	audio-inspect	audio-inspect/audio_inspect_440.sh	音频检查
audio-inspect-441	audio-inspect	audio-inspect/audio_inspect_441.sh	音频检查
audio-inspect-442	audio-inspect	audio-inspect/audio_inspect_442.sh	音频检查
audio-inspect-443	audio-inspect	audio-inspect/audio_inspect_443.sh	音频检查
audio-inspect-444	audio-inspect	audio-inspect/audio_inspect_444.sh	音频检查
audio-inspect-445	audio-inspect	audio-inspect/audio_inspect_445.sh	音频检查
audio-inspect-446	audio-inspect	audio-inspect/audio_inspect_446.sh	音频检查
audio-inspect-447	audio-inspect	audio-inspect/audio_inspect_447.sh	音频检查
audio-inspect-448	audio-inspect	audio-inspect/audio_inspect_448.sh	音频检查
audio-inspect-449	audio-inspect	audio-inspect/audio_inspect_449.sh	音频检查
audio-inspect-450	audio-inspect	audio-inspect/audio_inspect_450.sh	音频检查
audio-inspect-451	audio-inspect	audio-inspect/audio_inspect_451.sh	音频检查
audio-inspect-452	audio-inspect	audio-inspect/audio_inspect_452.sh	音频检查
audio-inspect-453	audio-inspect	audio-inspect/audio_inspect_453.sh	音频检查
audio-inspect-454	audio-inspect	audio-inspect/audio_inspect_454.sh	音频检查
audio-inspect-455	audio-inspect	audio-inspect/audio_inspect_455.sh	音频检查
audio-inspect-456	audio-inspect	audio-inspect/audio_inspect_456.sh	音频检查
audio-inspect-457	audio-inspect	audio-inspect/audio_inspect_457.sh	音频检查
audio-inspect-458	audio-inspect	audio-inspect/audio_inspect_458.sh	音频检查
audio-inspect-459	audio-inspect	audio-inspect/audio_inspect_459.sh	音频检查
audio-inspect-460	audio-inspect	audio-inspect/audio_inspect_460.sh	音频检查
audio-inspect-461	audio-inspect	audio-inspect/audio_inspect_461.sh	音频检查
audio-inspect-462	audio-inspect	audio-inspect/audio_inspect_462.sh	音频检查
audio-inspect-463	audio-inspect	audio-inspect/audio_inspect_463.sh	音频检查
audio-inspect-464	audio-inspect	audio-inspect/audio_inspect_464.sh	音频检查
audio-inspect-465	audio-inspect	audio-inspect/audio_inspect_465.sh	音频检查
audio-inspect-466	audio-inspect	audio-inspect/audio_inspect_466.sh	音频检查
audio-inspect-467	audio-inspect	audio-inspect/audio_inspect_467.sh	音频检查
audio-inspect-468	audio-inspect	audio-inspect/audio_inspect_468.sh	音频检查
audio-inspect-469	audio-inspect	audio-inspect/audio_inspect_469.sh	音频检查
audio-inspect-470	audio-inspect	audio-inspect/audio_inspect_470.sh	音频检查
audio-inspect-471	audio-inspect	audio-inspect/audio_inspect_471.sh	音频检查
audio-inspect-472	audio-inspect	audio-inspect/audio_inspect_472.sh	音频检查
audio-inspect-473	audio-inspect	audio-inspect/audio_inspect_473.sh	音频检查
audio-inspect-474	audio-inspect	audio-inspect/audio_inspect_474.sh	音频检查
audio-inspect-475	audio-inspect	audio-inspect/audio_inspect_475.sh	音频检查
audio-inspect-476	audio-inspect	audio-inspect/audio_inspect_476.sh	音频检查
audio-inspect-477	audio-inspect	audio-inspect/audio_inspect_477.sh	音频检查
audio-inspect-478	audio-inspect	audio-inspect/audio_inspect_478.sh	音频检查
audio-inspect-479	audio-inspect	audio-inspect/audio_inspect_479.sh	音频检查
audio-inspect-480	audio-inspect	audio-inspect/audio_inspect_480.sh	音频检查
audio-inspect-481	audio-inspect	audio-inspect/audio_inspect_481.sh	音频检查
audio-inspect-482	audio-inspect	audio-inspect/audio_inspect_482.sh	音频检查
audio-inspect-483	audio-inspect	audio-inspect/audio_inspect_483.sh	音频检查
audio-inspect-484	audio-inspect	audio-inspect/audio_inspect_484.sh	音频检查
audio-inspect-485	audio-inspect	audio-inspect/audio_inspect_485.sh	音频检查
audio-inspect-486	audio-inspect	audio-inspect/audio_inspect_486.sh	音频检查
audio-inspect-487	audio-inspect	audio-inspect/audio_inspect_487.sh	音频检查
audio-inspect-488	audio-inspect	audio-inspect/audio_inspect_488.sh	音频检查
video-transcode-001	video-transcode	video-transcode/video_transcode_001.sh	视频转码
video-transcode-002	video-transcode	video-transcode/video_transcode_002.sh	视频转码
video-transcode-003	video-transcode	video-transcode/video_transcode_003.sh	视频转码
video-transcode-004	video-transcode	video-transcode/video_transcode_004.sh	视频转码
video-transcode-005	video-transcode	video-transcode/video_transcode_005.sh	视频转码
video-transcode-006	video-transcode	video-transcode/video_transcode_006.sh	视频转码
video-transcode-007	video-transcode	video-transcode/video_transcode_007.sh	视频转码
video-transcode-008	video-transcode	video-transcode/video_transcode_008.sh	视频转码
video-transcode-009	video-transcode	video-transcode/video_transcode_009.sh	视频转码
video-transcode-010	video-transcode	video-transcode/video_transcode_010.sh	视频转码
video-transcode-011	video-transcode	video-transcode/video_transcode_011.sh	视频转码
video-transcode-012	video-transcode	video-transcode/video_transcode_012.sh	视频转码
video-transcode-013	video-transcode	video-transcode/video_transcode_013.sh	视频转码
video-transcode-014	video-transcode	video-transcode/video_transcode_014.sh	视频转码
video-transcode-015	video-transcode	video-transcode/video_transcode_015.sh	视频转码
video-transcode-016	video-transcode	video-transcode/video_transcode_016.sh	视频转码
video-transcode-017	video-transcode	video-transcode/video_transcode_017.sh	视频转码
video-transcode-018	video-transcode	video-transcode/video_transcode_018.sh	视频转码
video-transcode-019	video-transcode	video-transcode/video_transcode_019.sh	视频转码
video-transcode-020	video-transcode	video-transcode/video_transcode_020.sh	视频转码
video-transcode-021	video-transcode	video-transcode/video_transcode_021.sh	视频转码
video-transcode-022	video-transcode	video-transcode/video_transcode_022.sh	视频转码
video-transcode-023	video-transcode	video-transcode/video_transcode_023.sh	视频转码
video-transcode-024	video-transcode	video-transcode/video_transcode_024.sh	视频转码
video-transcode-025	video-transcode	video-transcode/video_transcode_025.sh	视频转码
video-transcode-026	video-transcode	video-transcode/video_transcode_026.sh	视频转码
video-transcode-027	video-transcode	video-transcode/video_transcode_027.sh	视频转码
video-transcode-028	video-transcode	video-transcode/video_transcode_028.sh	视频转码
video-transcode-029	video-transcode	video-transcode/video_transcode_029.sh	视频转码
video-transcode-030	video-transcode	video-transcode/video_transcode_030.sh	视频转码
video-transcode-031	video-transcode	video-transcode/video_transcode_031.sh	视频转码
video-transcode-032	video-transcode	video-transcode/video_transcode_032.sh	视频转码
video-transcode-033	video-transcode	video-transcode/video_transcode_033.sh	视频转码
video-transcode-034	video-transcode	video-transcode/video_transcode_034.sh	视频转码
video-transcode-035	video-transcode	video-transcode/video_transcode_035.sh	视频转码
video-transcode-036	video-transcode	video-transcode/video_transcode_036.sh	视频转码
video-transcode-037	video-transcode	video-transcode/video_transcode_037.sh	视频转码
video-transcode-038	video-transcode	video-transcode/video_transcode_038.sh	视频转码
video-transcode-039	video-transcode	video-transcode/video_transcode_039.sh	视频转码
video-transcode-040	video-transcode	video-transcode/video_transcode_040.sh	视频转码
video-transcode-041	video-transcode	video-transcode/video_transcode_041.sh	视频转码
video-transcode-042	video-transcode	video-transcode/video_transcode_042.sh	视频转码
video-transcode-043	video-transcode	video-transcode/video_transcode_043.sh	视频转码
video-transcode-044	video-transcode	video-transcode/video_transcode_044.sh	视频转码
video-transcode-045	video-transcode	video-transcode/video_transcode_045.sh	视频转码
video-transcode-046	video-transcode	video-transcode/video_transcode_046.sh	视频转码
video-transcode-047	video-transcode	video-transcode/video_transcode_047.sh	视频转码
video-transcode-048	video-transcode	video-transcode/video_transcode_048.sh	视频转码
video-transcode-049	video-transcode	video-transcode/video_transcode_049.sh	视频转码
video-transcode-050	video-transcode	video-transcode/video_transcode_050.sh	视频转码
video-transcode-051	video-transcode	video-transcode/video_transcode_051.sh	视频转码
video-transcode-052	video-transcode	video-transcode/video_transcode_052.sh	视频转码
video-transcode-053	video-transcode	video-transcode/video_transcode_053.sh	视频转码
video-transcode-054	video-transcode	video-transcode/video_transcode_054.sh	视频转码
video-transcode-055	video-transcode	video-transcode/video_transcode_055.sh	视频转码
video-transcode-056	video-transcode	video-transcode/video_transcode_056.sh	视频转码
video-transcode-057	video-transcode	video-transcode/video_transcode_057.sh	视频转码
video-transcode-058	video-transcode	video-transcode/video_transcode_058.sh	视频转码
video-transcode-059	video-transcode	video-transcode/video_transcode_059.sh	视频转码
video-transcode-060	video-transcode	video-transcode/video_transcode_060.sh	视频转码
video-transcode-061	video-transcode	video-transcode/video_transcode_061.sh	视频转码
video-transcode-062	video-transcode	video-transcode/video_transcode_062.sh	视频转码
video-transcode-063	video-transcode	video-transcode/video_transcode_063.sh	视频转码
video-transcode-064	video-transcode	video-transcode/video_transcode_064.sh	视频转码
video-transcode-065	video-transcode	video-transcode/video_transcode_065.sh	视频转码
video-transcode-066	video-transcode	video-transcode/video_transcode_066.sh	视频转码
video-transcode-067	video-transcode	video-transcode/video_transcode_067.sh	视频转码
video-transcode-068	video-transcode	video-transcode/video_transcode_068.sh	视频转码
video-transcode-069	video-transcode	video-transcode/video_transcode_069.sh	视频转码
video-transcode-070	video-transcode	video-transcode/video_transcode_070.sh	视频转码
video-transcode-071	video-transcode	video-transcode/video_transcode_071.sh	视频转码
video-transcode-072	video-transcode	video-transcode/video_transcode_072.sh	视频转码
video-transcode-073	video-transcode	video-transcode/video_transcode_073.sh	视频转码
video-transcode-074	video-transcode	video-transcode/video_transcode_074.sh	视频转码
video-transcode-075	video-transcode	video-transcode/video_transcode_075.sh	视频转码
video-transcode-076	video-transcode	video-transcode/video_transcode_076.sh	视频转码
video-transcode-077	video-transcode	video-transcode/video_transcode_077.sh	视频转码
video-transcode-078	video-transcode	video-transcode/video_transcode_078.sh	视频转码
video-transcode-079	video-transcode	video-transcode/video_transcode_079.sh	视频转码
video-transcode-080	video-transcode	video-transcode/video_transcode_080.sh	视频转码
video-transcode-081	video-transcode	video-transcode/video_transcode_081.sh	视频转码
video-transcode-082	video-transcode	video-transcode/video_transcode_082.sh	视频转码
video-transcode-083	video-transcode	video-transcode/video_transcode_083.sh	视频转码
video-transcode-084	video-transcode	video-transcode/video_transcode_084.sh	视频转码
video-transcode-085	video-transcode	video-transcode/video_transcode_085.sh	视频转码
video-transcode-086	video-transcode	video-transcode/video_transcode_086.sh	视频转码
video-transcode-087	video-transcode	video-transcode/video_transcode_087.sh	视频转码
video-transcode-088	video-transcode	video-transcode/video_transcode_088.sh	视频转码
video-transcode-089	video-transcode	video-transcode/video_transcode_089.sh	视频转码
video-transcode-090	video-transcode	video-transcode/video_transcode_090.sh	视频转码
video-transcode-091	video-transcode	video-transcode/video_transcode_091.sh	视频转码
video-transcode-092	video-transcode	video-transcode/video_transcode_092.sh	视频转码
video-transcode-093	video-transcode	video-transcode/video_transcode_093.sh	视频转码
video-transcode-094	video-transcode	video-transcode/video_transcode_094.sh	视频转码
video-transcode-095	video-transcode	video-transcode/video_transcode_095.sh	视频转码
video-transcode-096	video-transcode	video-transcode/video_transcode_096.sh	视频转码
video-transcode-097	video-transcode	video-transcode/video_transcode_097.sh	视频转码
video-transcode-098	video-transcode	video-transcode/video_transcode_098.sh	视频转码
video-transcode-099	video-transcode	video-transcode/video_transcode_099.sh	视频转码
video-transcode-100	video-transcode	video-transcode/video_transcode_100.sh	视频转码
video-transcode-101	video-transcode	video-transcode/video_transcode_101.sh	视频转码
video-transcode-102	video-transcode	video-transcode/video_transcode_102.sh	视频转码
video-transcode-103	video-transcode	video-transcode/video_transcode_103.sh	视频转码
video-transcode-104	video-transcode	video-transcode/video_transcode_104.sh	视频转码
video-transcode-105	video-transcode	video-transcode/video_transcode_105.sh	视频转码
video-transcode-106	video-transcode	video-transcode/video_transcode_106.sh	视频转码
video-transcode-107	video-transcode	video-transcode/video_transcode_107.sh	视频转码
video-transcode-108	video-transcode	video-transcode/video_transcode_108.sh	视频转码
video-transcode-109	video-transcode	video-transcode/video_transcode_109.sh	视频转码
video-transcode-110	video-transcode	video-transcode/video_transcode_110.sh	视频转码
video-transcode-111	video-transcode	video-transcode/video_transcode_111.sh	视频转码
video-transcode-112	video-transcode	video-transcode/video_transcode_112.sh	视频转码
video-transcode-113	video-transcode	video-transcode/video_transcode_113.sh	视频转码
video-transcode-114	video-transcode	video-transcode/video_transcode_114.sh	视频转码
video-transcode-115	video-transcode	video-transcode/video_transcode_115.sh	视频转码
video-transcode-116	video-transcode	video-transcode/video_transcode_116.sh	视频转码
video-transcode-117	video-transcode	video-transcode/video_transcode_117.sh	视频转码
video-transcode-118	video-transcode	video-transcode/video_transcode_118.sh	视频转码
video-transcode-119	video-transcode	video-transcode/video_transcode_119.sh	视频转码
video-transcode-120	video-transcode	video-transcode/video_transcode_120.sh	视频转码
video-transcode-121	video-transcode	video-transcode/video_transcode_121.sh	视频转码
video-transcode-122	video-transcode	video-transcode/video_transcode_122.sh	视频转码
video-transcode-123	video-transcode	video-transcode/video_transcode_123.sh	视频转码
video-transcode-124	video-transcode	video-transcode/video_transcode_124.sh	视频转码
video-transcode-125	video-transcode	video-transcode/video_transcode_125.sh	视频转码
video-transcode-126	video-transcode	video-transcode/video_transcode_126.sh	视频转码
video-transcode-127	video-transcode	video-transcode/video_transcode_127.sh	视频转码
video-transcode-128	video-transcode	video-transcode/video_transcode_128.sh	视频转码
video-transcode-129	video-transcode	video-transcode/video_transcode_129.sh	视频转码
video-transcode-130	video-transcode	video-transcode/video_transcode_130.sh	视频转码
video-transcode-131	video-transcode	video-transcode/video_transcode_131.sh	视频转码
video-transcode-132	video-transcode	video-transcode/video_transcode_132.sh	视频转码
video-transcode-133	video-transcode	video-transcode/video_transcode_133.sh	视频转码
video-transcode-134	video-transcode	video-transcode/video_transcode_134.sh	视频转码
video-transcode-135	video-transcode	video-transcode/video_transcode_135.sh	视频转码
video-transcode-136	video-transcode	video-transcode/video_transcode_136.sh	视频转码
video-transcode-137	video-transcode	video-transcode/video_transcode_137.sh	视频转码
video-transcode-138	video-transcode	video-transcode/video_transcode_138.sh	视频转码
video-transcode-139	video-transcode	video-transcode/video_transcode_139.sh	视频转码
video-transcode-140	video-transcode	video-transcode/video_transcode_140.sh	视频转码
video-transcode-141	video-transcode	video-transcode/video_transcode_141.sh	视频转码
video-transcode-142	video-transcode	video-transcode/video_transcode_142.sh	视频转码
video-transcode-143	video-transcode	video-transcode/video_transcode_143.sh	视频转码
video-transcode-144	video-transcode	video-transcode/video_transcode_144.sh	视频转码
video-transcode-145	video-transcode	video-transcode/video_transcode_145.sh	视频转码
video-transcode-146	video-transcode	video-transcode/video_transcode_146.sh	视频转码
video-transcode-147	video-transcode	video-transcode/video_transcode_147.sh	视频转码
video-transcode-148	video-transcode	video-transcode/video_transcode_148.sh	视频转码
video-transcode-149	video-transcode	video-transcode/video_transcode_149.sh	视频转码
video-transcode-150	video-transcode	video-transcode/video_transcode_150.sh	视频转码
video-transcode-151	video-transcode	video-transcode/video_transcode_151.sh	视频转码
video-transcode-152	video-transcode	video-transcode/video_transcode_152.sh	视频转码
video-transcode-153	video-transcode	video-transcode/video_transcode_153.sh	视频转码
video-transcode-154	video-transcode	video-transcode/video_transcode_154.sh	视频转码
video-transcode-155	video-transcode	video-transcode/video_transcode_155.sh	视频转码
video-transcode-156	video-transcode	video-transcode/video_transcode_156.sh	视频转码
video-transcode-157	video-transcode	video-transcode/video_transcode_157.sh	视频转码
video-transcode-158	video-transcode	video-transcode/video_transcode_158.sh	视频转码
video-transcode-159	video-transcode	video-transcode/video_transcode_159.sh	视频转码
video-transcode-160	video-transcode	video-transcode/video_transcode_160.sh	视频转码
video-transcode-161	video-transcode	video-transcode/video_transcode_161.sh	视频转码
video-transcode-162	video-transcode	video-transcode/video_transcode_162.sh	视频转码
video-transcode-163	video-transcode	video-transcode/video_transcode_163.sh	视频转码
video-transcode-164	video-transcode	video-transcode/video_transcode_164.sh	视频转码
video-transcode-165	video-transcode	video-transcode/video_transcode_165.sh	视频转码
video-transcode-166	video-transcode	video-transcode/video_transcode_166.sh	视频转码
video-transcode-167	video-transcode	video-transcode/video_transcode_167.sh	视频转码
video-transcode-168	video-transcode	video-transcode/video_transcode_168.sh	视频转码
video-transcode-169	video-transcode	video-transcode/video_transcode_169.sh	视频转码
video-transcode-170	video-transcode	video-transcode/video_transcode_170.sh	视频转码
video-transcode-171	video-transcode	video-transcode/video_transcode_171.sh	视频转码
video-transcode-172	video-transcode	video-transcode/video_transcode_172.sh	视频转码
video-transcode-173	video-transcode	video-transcode/video_transcode_173.sh	视频转码
video-transcode-174	video-transcode	video-transcode/video_transcode_174.sh	视频转码
video-transcode-175	video-transcode	video-transcode/video_transcode_175.sh	视频转码
video-transcode-176	video-transcode	video-transcode/video_transcode_176.sh	视频转码
video-transcode-177	video-transcode	video-transcode/video_transcode_177.sh	视频转码
video-transcode-178	video-transcode	video-transcode/video_transcode_178.sh	视频转码
video-transcode-179	video-transcode	video-transcode/video_transcode_179.sh	视频转码
video-transcode-180	video-transcode	video-transcode/video_transcode_180.sh	视频转码
video-transcode-181	video-transcode	video-transcode/video_transcode_181.sh	视频转码
video-transcode-182	video-transcode	video-transcode/video_transcode_182.sh	视频转码
video-transcode-183	video-transcode	video-transcode/video_transcode_183.sh	视频转码
video-transcode-184	video-transcode	video-transcode/video_transcode_184.sh	视频转码
video-transcode-185	video-transcode	video-transcode/video_transcode_185.sh	视频转码
video-transcode-186	video-transcode	video-transcode/video_transcode_186.sh	视频转码
video-transcode-187	video-transcode	video-transcode/video_transcode_187.sh	视频转码
video-transcode-188	video-transcode	video-transcode/video_transcode_188.sh	视频转码
video-transcode-189	video-transcode	video-transcode/video_transcode_189.sh	视频转码
video-transcode-190	video-transcode	video-transcode/video_transcode_190.sh	视频转码
video-transcode-191	video-transcode	video-transcode/video_transcode_191.sh	视频转码
video-transcode-192	video-transcode	video-transcode/video_transcode_192.sh	视频转码
video-transcode-193	video-transcode	video-transcode/video_transcode_193.sh	视频转码
video-transcode-194	video-transcode	video-transcode/video_transcode_194.sh	视频转码
video-transcode-195	video-transcode	video-transcode/video_transcode_195.sh	视频转码
video-transcode-196	video-transcode	video-transcode/video_transcode_196.sh	视频转码
video-transcode-197	video-transcode	video-transcode/video_transcode_197.sh	视频转码
video-transcode-198	video-transcode	video-transcode/video_transcode_198.sh	视频转码
video-transcode-199	video-transcode	video-transcode/video_transcode_199.sh	视频转码
video-transcode-200	video-transcode	video-transcode/video_transcode_200.sh	视频转码
video-transcode-201	video-transcode	video-transcode/video_transcode_201.sh	视频转码
video-transcode-202	video-transcode	video-transcode/video_transcode_202.sh	视频转码
video-transcode-203	video-transcode	video-transcode/video_transcode_203.sh	视频转码
video-transcode-204	video-transcode	video-transcode/video_transcode_204.sh	视频转码
video-transcode-205	video-transcode	video-transcode/video_transcode_205.sh	视频转码
video-transcode-206	video-transcode	video-transcode/video_transcode_206.sh	视频转码
video-transcode-207	video-transcode	video-transcode/video_transcode_207.sh	视频转码
video-transcode-208	video-transcode	video-transcode/video_transcode_208.sh	视频转码
video-transcode-209	video-transcode	video-transcode/video_transcode_209.sh	视频转码
video-transcode-210	video-transcode	video-transcode/video_transcode_210.sh	视频转码
video-transcode-211	video-transcode	video-transcode/video_transcode_211.sh	视频转码
video-transcode-212	video-transcode	video-transcode/video_transcode_212.sh	视频转码
video-transcode-213	video-transcode	video-transcode/video_transcode_213.sh	视频转码
video-transcode-214	video-transcode	video-transcode/video_transcode_214.sh	视频转码
video-transcode-215	video-transcode	video-transcode/video_transcode_215.sh	视频转码
video-transcode-216	video-transcode	video-transcode/video_transcode_216.sh	视频转码
video-transcode-217	video-transcode	video-transcode/video_transcode_217.sh	视频转码
video-transcode-218	video-transcode	video-transcode/video_transcode_218.sh	视频转码
video-transcode-219	video-transcode	video-transcode/video_transcode_219.sh	视频转码
video-transcode-220	video-transcode	video-transcode/video_transcode_220.sh	视频转码
video-transcode-221	video-transcode	video-transcode/video_transcode_221.sh	视频转码
video-transcode-222	video-transcode	video-transcode/video_transcode_222.sh	视频转码
video-transcode-223	video-transcode	video-transcode/video_transcode_223.sh	视频转码
video-transcode-224	video-transcode	video-transcode/video_transcode_224.sh	视频转码
video-transcode-225	video-transcode	video-transcode/video_transcode_225.sh	视频转码
video-transcode-226	video-transcode	video-transcode/video_transcode_226.sh	视频转码
video-transcode-227	video-transcode	video-transcode/video_transcode_227.sh	视频转码
video-transcode-228	video-transcode	video-transcode/video_transcode_228.sh	视频转码
video-transcode-229	video-transcode	video-transcode/video_transcode_229.sh	视频转码
video-transcode-230	video-transcode	video-transcode/video_transcode_230.sh	视频转码
video-transcode-231	video-transcode	video-transcode/video_transcode_231.sh	视频转码
video-transcode-232	video-transcode	video-transcode/video_transcode_232.sh	视频转码
video-transcode-233	video-transcode	video-transcode/video_transcode_233.sh	视频转码
video-transcode-234	video-transcode	video-transcode/video_transcode_234.sh	视频转码
video-transcode-235	video-transcode	video-transcode/video_transcode_235.sh	视频转码
video-transcode-236	video-transcode	video-transcode/video_transcode_236.sh	视频转码
video-transcode-237	video-transcode	video-transcode/video_transcode_237.sh	视频转码
video-transcode-238	video-transcode	video-transcode/video_transcode_238.sh	视频转码
video-transcode-239	video-transcode	video-transcode/video_transcode_239.sh	视频转码
video-transcode-240	video-transcode	video-transcode/video_transcode_240.sh	视频转码
video-transcode-241	video-transcode	video-transcode/video_transcode_241.sh	视频转码
video-transcode-242	video-transcode	video-transcode/video_transcode_242.sh	视频转码
video-transcode-243	video-transcode	video-transcode/video_transcode_243.sh	视频转码
video-transcode-244	video-transcode	video-transcode/video_transcode_244.sh	视频转码
video-transcode-245	video-transcode	video-transcode/video_transcode_245.sh	视频转码
video-transcode-246	video-transcode	video-transcode/video_transcode_246.sh	视频转码
video-transcode-247	video-transcode	video-transcode/video_transcode_247.sh	视频转码
video-transcode-248	video-transcode	video-transcode/video_transcode_248.sh	视频转码
video-transcode-249	video-transcode	video-transcode/video_transcode_249.sh	视频转码
video-transcode-250	video-transcode	video-transcode/video_transcode_250.sh	视频转码
video-transcode-251	video-transcode	video-transcode/video_transcode_251.sh	视频转码
video-transcode-252	video-transcode	video-transcode/video_transcode_252.sh	视频转码
video-transcode-253	video-transcode	video-transcode/video_transcode_253.sh	视频转码
video-transcode-254	video-transcode	video-transcode/video_transcode_254.sh	视频转码
video-transcode-255	video-transcode	video-transcode/video_transcode_255.sh	视频转码
video-transcode-256	video-transcode	video-transcode/video_transcode_256.sh	视频转码
video-transcode-257	video-transcode	video-transcode/video_transcode_257.sh	视频转码
video-transcode-258	video-transcode	video-transcode/video_transcode_258.sh	视频转码
video-transcode-259	video-transcode	video-transcode/video_transcode_259.sh	视频转码
video-transcode-260	video-transcode	video-transcode/video_transcode_260.sh	视频转码
video-transcode-261	video-transcode	video-transcode/video_transcode_261.sh	视频转码
video-transcode-262	video-transcode	video-transcode/video_transcode_262.sh	视频转码
video-transcode-263	video-transcode	video-transcode/video_transcode_263.sh	视频转码
video-transcode-264	video-transcode	video-transcode/video_transcode_264.sh	视频转码
video-transcode-265	video-transcode	video-transcode/video_transcode_265.sh	视频转码
video-transcode-266	video-transcode	video-transcode/video_transcode_266.sh	视频转码
video-transcode-267	video-transcode	video-transcode/video_transcode_267.sh	视频转码
video-transcode-268	video-transcode	video-transcode/video_transcode_268.sh	视频转码
video-transcode-269	video-transcode	video-transcode/video_transcode_269.sh	视频转码
video-transcode-270	video-transcode	video-transcode/video_transcode_270.sh	视频转码
video-transcode-271	video-transcode	video-transcode/video_transcode_271.sh	视频转码
video-transcode-272	video-transcode	video-transcode/video_transcode_272.sh	视频转码
video-transcode-273	video-transcode	video-transcode/video_transcode_273.sh	视频转码
video-transcode-274	video-transcode	video-transcode/video_transcode_274.sh	视频转码
video-transcode-275	video-transcode	video-transcode/video_transcode_275.sh	视频转码
video-transcode-276	video-transcode	video-transcode/video_transcode_276.sh	视频转码
video-transcode-277	video-transcode	video-transcode/video_transcode_277.sh	视频转码
video-transcode-278	video-transcode	video-transcode/video_transcode_278.sh	视频转码
video-transcode-279	video-transcode	video-transcode/video_transcode_279.sh	视频转码
video-transcode-280	video-transcode	video-transcode/video_transcode_280.sh	视频转码
video-transcode-281	video-transcode	video-transcode/video_transcode_281.sh	视频转码
video-transcode-282	video-transcode	video-transcode/video_transcode_282.sh	视频转码
video-transcode-283	video-transcode	video-transcode/video_transcode_283.sh	视频转码
video-transcode-284	video-transcode	video-transcode/video_transcode_284.sh	视频转码
video-transcode-285	video-transcode	video-transcode/video_transcode_285.sh	视频转码
video-transcode-286	video-transcode	video-transcode/video_transcode_286.sh	视频转码
video-transcode-287	video-transcode	video-transcode/video_transcode_287.sh	视频转码
video-transcode-288	video-transcode	video-transcode/video_transcode_288.sh	视频转码
video-transcode-289	video-transcode	video-transcode/video_transcode_289.sh	视频转码
video-transcode-290	video-transcode	video-transcode/video_transcode_290.sh	视频转码
video-transcode-291	video-transcode	video-transcode/video_transcode_291.sh	视频转码
video-transcode-292	video-transcode	video-transcode/video_transcode_292.sh	视频转码
video-transcode-293	video-transcode	video-transcode/video_transcode_293.sh	视频转码
video-transcode-294	video-transcode	video-transcode/video_transcode_294.sh	视频转码
video-transcode-295	video-transcode	video-transcode/video_transcode_295.sh	视频转码
video-transcode-296	video-transcode	video-transcode/video_transcode_296.sh	视频转码
video-transcode-297	video-transcode	video-transcode/video_transcode_297.sh	视频转码
video-transcode-298	video-transcode	video-transcode/video_transcode_298.sh	视频转码
video-transcode-299	video-transcode	video-transcode/video_transcode_299.sh	视频转码
video-transcode-300	video-transcode	video-transcode/video_transcode_300.sh	视频转码
video-transcode-301	video-transcode	video-transcode/video_transcode_301.sh	视频转码
video-transcode-302	video-transcode	video-transcode/video_transcode_302.sh	视频转码
video-transcode-303	video-transcode	video-transcode/video_transcode_303.sh	视频转码
video-transcode-304	video-transcode	video-transcode/video_transcode_304.sh	视频转码
video-transcode-305	video-transcode	video-transcode/video_transcode_305.sh	视频转码
video-transcode-306	video-transcode	video-transcode/video_transcode_306.sh	视频转码
video-transcode-307	video-transcode	video-transcode/video_transcode_307.sh	视频转码
video-transcode-308	video-transcode	video-transcode/video_transcode_308.sh	视频转码
video-transcode-309	video-transcode	video-transcode/video_transcode_309.sh	视频转码
video-transcode-310	video-transcode	video-transcode/video_transcode_310.sh	视频转码
video-transcode-311	video-transcode	video-transcode/video_transcode_311.sh	视频转码
video-transcode-312	video-transcode	video-transcode/video_transcode_312.sh	视频转码
video-transcode-313	video-transcode	video-transcode/video_transcode_313.sh	视频转码
video-transcode-314	video-transcode	video-transcode/video_transcode_314.sh	视频转码
video-transcode-315	video-transcode	video-transcode/video_transcode_315.sh	视频转码
video-transcode-316	video-transcode	video-transcode/video_transcode_316.sh	视频转码
video-transcode-317	video-transcode	video-transcode/video_transcode_317.sh	视频转码
video-transcode-318	video-transcode	video-transcode/video_transcode_318.sh	视频转码
video-transcode-319	video-transcode	video-transcode/video_transcode_319.sh	视频转码
video-transcode-320	video-transcode	video-transcode/video_transcode_320.sh	视频转码
video-transcode-321	video-transcode	video-transcode/video_transcode_321.sh	视频转码
video-transcode-322	video-transcode	video-transcode/video_transcode_322.sh	视频转码
video-transcode-323	video-transcode	video-transcode/video_transcode_323.sh	视频转码
video-transcode-324	video-transcode	video-transcode/video_transcode_324.sh	视频转码
video-transcode-325	video-transcode	video-transcode/video_transcode_325.sh	视频转码
video-transcode-326	video-transcode	video-transcode/video_transcode_326.sh	视频转码
video-transcode-327	video-transcode	video-transcode/video_transcode_327.sh	视频转码
video-transcode-328	video-transcode	video-transcode/video_transcode_328.sh	视频转码
video-transcode-329	video-transcode	video-transcode/video_transcode_329.sh	视频转码
video-transcode-330	video-transcode	video-transcode/video_transcode_330.sh	视频转码
video-transcode-331	video-transcode	video-transcode/video_transcode_331.sh	视频转码
video-transcode-332	video-transcode	video-transcode/video_transcode_332.sh	视频转码
video-transcode-333	video-transcode	video-transcode/video_transcode_333.sh	视频转码
video-transcode-334	video-transcode	video-transcode/video_transcode_334.sh	视频转码
video-transcode-335	video-transcode	video-transcode/video_transcode_335.sh	视频转码
video-transcode-336	video-transcode	video-transcode/video_transcode_336.sh	视频转码
video-transcode-337	video-transcode	video-transcode/video_transcode_337.sh	视频转码
video-transcode-338	video-transcode	video-transcode/video_transcode_338.sh	视频转码
video-transcode-339	video-transcode	video-transcode/video_transcode_339.sh	视频转码
video-transcode-340	video-transcode	video-transcode/video_transcode_340.sh	视频转码
video-transcode-341	video-transcode	video-transcode/video_transcode_341.sh	视频转码
video-transcode-342	video-transcode	video-transcode/video_transcode_342.sh	视频转码
video-transcode-343	video-transcode	video-transcode/video_transcode_343.sh	视频转码
video-transcode-344	video-transcode	video-transcode/video_transcode_344.sh	视频转码
video-transcode-345	video-transcode	video-transcode/video_transcode_345.sh	视频转码
video-transcode-346	video-transcode	video-transcode/video_transcode_346.sh	视频转码
video-transcode-347	video-transcode	video-transcode/video_transcode_347.sh	视频转码
video-transcode-348	video-transcode	video-transcode/video_transcode_348.sh	视频转码
video-transcode-349	video-transcode	video-transcode/video_transcode_349.sh	视频转码
video-transcode-350	video-transcode	video-transcode/video_transcode_350.sh	视频转码
video-transcode-351	video-transcode	video-transcode/video_transcode_351.sh	视频转码
video-transcode-352	video-transcode	video-transcode/video_transcode_352.sh	视频转码
video-transcode-353	video-transcode	video-transcode/video_transcode_353.sh	视频转码
video-transcode-354	video-transcode	video-transcode/video_transcode_354.sh	视频转码
video-transcode-355	video-transcode	video-transcode/video_transcode_355.sh	视频转码
video-transcode-356	video-transcode	video-transcode/video_transcode_356.sh	视频转码
video-transcode-357	video-transcode	video-transcode/video_transcode_357.sh	视频转码
video-transcode-358	video-transcode	video-transcode/video_transcode_358.sh	视频转码
video-transcode-359	video-transcode	video-transcode/video_transcode_359.sh	视频转码
video-transcode-360	video-transcode	video-transcode/video_transcode_360.sh	视频转码
video-transcode-361	video-transcode	video-transcode/video_transcode_361.sh	视频转码
video-transcode-362	video-transcode	video-transcode/video_transcode_362.sh	视频转码
video-transcode-363	video-transcode	video-transcode/video_transcode_363.sh	视频转码
video-transcode-364	video-transcode	video-transcode/video_transcode_364.sh	视频转码
video-transcode-365	video-transcode	video-transcode/video_transcode_365.sh	视频转码
video-transcode-366	video-transcode	video-transcode/video_transcode_366.sh	视频转码
video-transcode-367	video-transcode	video-transcode/video_transcode_367.sh	视频转码
video-transcode-368	video-transcode	video-transcode/video_transcode_368.sh	视频转码
video-transcode-369	video-transcode	video-transcode/video_transcode_369.sh	视频转码
video-transcode-370	video-transcode	video-transcode/video_transcode_370.sh	视频转码
video-transcode-371	video-transcode	video-transcode/video_transcode_371.sh	视频转码
video-transcode-372	video-transcode	video-transcode/video_transcode_372.sh	视频转码
video-transcode-373	video-transcode	video-transcode/video_transcode_373.sh	视频转码
video-transcode-374	video-transcode	video-transcode/video_transcode_374.sh	视频转码
video-transcode-375	video-transcode	video-transcode/video_transcode_375.sh	视频转码
video-transcode-376	video-transcode	video-transcode/video_transcode_376.sh	视频转码
video-transcode-377	video-transcode	video-transcode/video_transcode_377.sh	视频转码
video-transcode-378	video-transcode	video-transcode/video_transcode_378.sh	视频转码
video-transcode-379	video-transcode	video-transcode/video_transcode_379.sh	视频转码
video-transcode-380	video-transcode	video-transcode/video_transcode_380.sh	视频转码
video-transcode-381	video-transcode	video-transcode/video_transcode_381.sh	视频转码
video-transcode-382	video-transcode	video-transcode/video_transcode_382.sh	视频转码
video-transcode-383	video-transcode	video-transcode/video_transcode_383.sh	视频转码
video-transcode-384	video-transcode	video-transcode/video_transcode_384.sh	视频转码
video-transcode-385	video-transcode	video-transcode/video_transcode_385.sh	视频转码
video-transcode-386	video-transcode	video-transcode/video_transcode_386.sh	视频转码
video-transcode-387	video-transcode	video-transcode/video_transcode_387.sh	视频转码
video-transcode-388	video-transcode	video-transcode/video_transcode_388.sh	视频转码
video-transcode-389	video-transcode	video-transcode/video_transcode_389.sh	视频转码
video-transcode-390	video-transcode	video-transcode/video_transcode_390.sh	视频转码
video-transcode-391	video-transcode	video-transcode/video_transcode_391.sh	视频转码
video-transcode-392	video-transcode	video-transcode/video_transcode_392.sh	视频转码
video-transcode-393	video-transcode	video-transcode/video_transcode_393.sh	视频转码
video-transcode-394	video-transcode	video-transcode/video_transcode_394.sh	视频转码
video-transcode-395	video-transcode	video-transcode/video_transcode_395.sh	视频转码
video-transcode-396	video-transcode	video-transcode/video_transcode_396.sh	视频转码
video-transcode-397	video-transcode	video-transcode/video_transcode_397.sh	视频转码
video-transcode-398	video-transcode	video-transcode/video_transcode_398.sh	视频转码
video-transcode-399	video-transcode	video-transcode/video_transcode_399.sh	视频转码
video-transcode-400	video-transcode	video-transcode/video_transcode_400.sh	视频转码
video-transcode-401	video-transcode	video-transcode/video_transcode_401.sh	视频转码
video-transcode-402	video-transcode	video-transcode/video_transcode_402.sh	视频转码
video-transcode-403	video-transcode	video-transcode/video_transcode_403.sh	视频转码
video-transcode-404	video-transcode	video-transcode/video_transcode_404.sh	视频转码
video-transcode-405	video-transcode	video-transcode/video_transcode_405.sh	视频转码
video-transcode-406	video-transcode	video-transcode/video_transcode_406.sh	视频转码
video-transcode-407	video-transcode	video-transcode/video_transcode_407.sh	视频转码
video-transcode-408	video-transcode	video-transcode/video_transcode_408.sh	视频转码
video-transcode-409	video-transcode	video-transcode/video_transcode_409.sh	视频转码
video-transcode-410	video-transcode	video-transcode/video_transcode_410.sh	视频转码
video-transcode-411	video-transcode	video-transcode/video_transcode_411.sh	视频转码
video-transcode-412	video-transcode	video-transcode/video_transcode_412.sh	视频转码
video-transcode-413	video-transcode	video-transcode/video_transcode_413.sh	视频转码
video-transcode-414	video-transcode	video-transcode/video_transcode_414.sh	视频转码
video-transcode-415	video-transcode	video-transcode/video_transcode_415.sh	视频转码
video-transcode-416	video-transcode	video-transcode/video_transcode_416.sh	视频转码
video-transcode-417	video-transcode	video-transcode/video_transcode_417.sh	视频转码
video-transcode-418	video-transcode	video-transcode/video_transcode_418.sh	视频转码
video-transcode-419	video-transcode	video-transcode/video_transcode_419.sh	视频转码
video-transcode-420	video-transcode	video-transcode/video_transcode_420.sh	视频转码
video-transcode-421	video-transcode	video-transcode/video_transcode_421.sh	视频转码
video-transcode-422	video-transcode	video-transcode/video_transcode_422.sh	视频转码
video-transcode-423	video-transcode	video-transcode/video_transcode_423.sh	视频转码
video-transcode-424	video-transcode	video-transcode/video_transcode_424.sh	视频转码
video-transcode-425	video-transcode	video-transcode/video_transcode_425.sh	视频转码
video-transcode-426	video-transcode	video-transcode/video_transcode_426.sh	视频转码
video-transcode-427	video-transcode	video-transcode/video_transcode_427.sh	视频转码
video-transcode-428	video-transcode	video-transcode/video_transcode_428.sh	视频转码
video-transcode-429	video-transcode	video-transcode/video_transcode_429.sh	视频转码
video-transcode-430	video-transcode	video-transcode/video_transcode_430.sh	视频转码
video-transcode-431	video-transcode	video-transcode/video_transcode_431.sh	视频转码
video-transcode-432	video-transcode	video-transcode/video_transcode_432.sh	视频转码
video-transcode-433	video-transcode	video-transcode/video_transcode_433.sh	视频转码
video-transcode-434	video-transcode	video-transcode/video_transcode_434.sh	视频转码
video-transcode-435	video-transcode	video-transcode/video_transcode_435.sh	视频转码
video-transcode-436	video-transcode	video-transcode/video_transcode_436.sh	视频转码
video-transcode-437	video-transcode	video-transcode/video_transcode_437.sh	视频转码
video-transcode-438	video-transcode	video-transcode/video_transcode_438.sh	视频转码
video-transcode-439	video-transcode	video-transcode/video_transcode_439.sh	视频转码
video-transcode-440	video-transcode	video-transcode/video_transcode_440.sh	视频转码
video-transcode-441	video-transcode	video-transcode/video_transcode_441.sh	视频转码
video-transcode-442	video-transcode	video-transcode/video_transcode_442.sh	视频转码
video-transcode-443	video-transcode	video-transcode/video_transcode_443.sh	视频转码
video-transcode-444	video-transcode	video-transcode/video_transcode_444.sh	视频转码
video-transcode-445	video-transcode	video-transcode/video_transcode_445.sh	视频转码
video-transcode-446	video-transcode	video-transcode/video_transcode_446.sh	视频转码
video-transcode-447	video-transcode	video-transcode/video_transcode_447.sh	视频转码
video-transcode-448	video-transcode	video-transcode/video_transcode_448.sh	视频转码
video-transcode-449	video-transcode	video-transcode/video_transcode_449.sh	视频转码
video-transcode-450	video-transcode	video-transcode/video_transcode_450.sh	视频转码
video-transcode-451	video-transcode	video-transcode/video_transcode_451.sh	视频转码
video-transcode-452	video-transcode	video-transcode/video_transcode_452.sh	视频转码
video-transcode-453	video-transcode	video-transcode/video_transcode_453.sh	视频转码
video-transcode-454	video-transcode	video-transcode/video_transcode_454.sh	视频转码
video-transcode-455	video-transcode	video-transcode/video_transcode_455.sh	视频转码
video-transcode-456	video-transcode	video-transcode/video_transcode_456.sh	视频转码
video-transcode-457	video-transcode	video-transcode/video_transcode_457.sh	视频转码
video-transcode-458	video-transcode	video-transcode/video_transcode_458.sh	视频转码
video-transcode-459	video-transcode	video-transcode/video_transcode_459.sh	视频转码
video-transcode-460	video-transcode	video-transcode/video_transcode_460.sh	视频转码
video-transcode-461	video-transcode	video-transcode/video_transcode_461.sh	视频转码
video-transcode-462	video-transcode	video-transcode/video_transcode_462.sh	视频转码
video-transcode-463	video-transcode	video-transcode/video_transcode_463.sh	视频转码
video-transcode-464	video-transcode	video-transcode/video_transcode_464.sh	视频转码
video-transcode-465	video-transcode	video-transcode/video_transcode_465.sh	视频转码
video-transcode-466	video-transcode	video-transcode/video_transcode_466.sh	视频转码
video-transcode-467	video-transcode	video-transcode/video_transcode_467.sh	视频转码
video-transcode-468	video-transcode	video-transcode/video_transcode_468.sh	视频转码
video-transcode-469	video-transcode	video-transcode/video_transcode_469.sh	视频转码
video-transcode-470	video-transcode	video-transcode/video_transcode_470.sh	视频转码
video-transcode-471	video-transcode	video-transcode/video_transcode_471.sh	视频转码
video-transcode-472	video-transcode	video-transcode/video_transcode_472.sh	视频转码
video-transcode-473	video-transcode	video-transcode/video_transcode_473.sh	视频转码
video-transcode-474	video-transcode	video-transcode/video_transcode_474.sh	视频转码
video-transcode-475	video-transcode	video-transcode/video_transcode_475.sh	视频转码
video-transcode-476	video-transcode	video-transcode/video_transcode_476.sh	视频转码
video-transcode-477	video-transcode	video-transcode/video_transcode_477.sh	视频转码
video-transcode-478	video-transcode	video-transcode/video_transcode_478.sh	视频转码
video-transcode-479	video-transcode	video-transcode/video_transcode_479.sh	视频转码
video-transcode-480	video-transcode	video-transcode/video_transcode_480.sh	视频转码
video-transcode-481	video-transcode	video-transcode/video_transcode_481.sh	视频转码
video-transcode-482	video-transcode	video-transcode/video_transcode_482.sh	视频转码
video-transcode-483	video-transcode	video-transcode/video_transcode_483.sh	视频转码
video-transcode-484	video-transcode	video-transcode/video_transcode_484.sh	视频转码
video-transcode-485	video-transcode	video-transcode/video_transcode_485.sh	视频转码
video-transcode-486	video-transcode	video-transcode/video_transcode_486.sh	视频转码
video-transcode-487	video-transcode	video-transcode/video_transcode_487.sh	视频转码
video-transcode-488	video-transcode	video-transcode/video_transcode_488.sh	视频转码
video-compose-001	video-compose	video-compose/video_compose_001.sh	视频构图
video-compose-002	video-compose	video-compose/video_compose_002.sh	视频构图
video-compose-003	video-compose	video-compose/video_compose_003.sh	视频构图
video-compose-004	video-compose	video-compose/video_compose_004.sh	视频构图
video-compose-005	video-compose	video-compose/video_compose_005.sh	视频构图
video-compose-006	video-compose	video-compose/video_compose_006.sh	视频构图
video-compose-007	video-compose	video-compose/video_compose_007.sh	视频构图
video-compose-008	video-compose	video-compose/video_compose_008.sh	视频构图
video-compose-009	video-compose	video-compose/video_compose_009.sh	视频构图
video-compose-010	video-compose	video-compose/video_compose_010.sh	视频构图
video-compose-011	video-compose	video-compose/video_compose_011.sh	视频构图
video-compose-012	video-compose	video-compose/video_compose_012.sh	视频构图
video-compose-013	video-compose	video-compose/video_compose_013.sh	视频构图
video-compose-014	video-compose	video-compose/video_compose_014.sh	视频构图
video-compose-015	video-compose	video-compose/video_compose_015.sh	视频构图
video-compose-016	video-compose	video-compose/video_compose_016.sh	视频构图
video-compose-017	video-compose	video-compose/video_compose_017.sh	视频构图
video-compose-018	video-compose	video-compose/video_compose_018.sh	视频构图
video-compose-019	video-compose	video-compose/video_compose_019.sh	视频构图
video-compose-020	video-compose	video-compose/video_compose_020.sh	视频构图
video-compose-021	video-compose	video-compose/video_compose_021.sh	视频构图
video-compose-022	video-compose	video-compose/video_compose_022.sh	视频构图
video-compose-023	video-compose	video-compose/video_compose_023.sh	视频构图
video-compose-024	video-compose	video-compose/video_compose_024.sh	视频构图
video-compose-025	video-compose	video-compose/video_compose_025.sh	视频构图
video-compose-026	video-compose	video-compose/video_compose_026.sh	视频构图
video-compose-027	video-compose	video-compose/video_compose_027.sh	视频构图
video-compose-028	video-compose	video-compose/video_compose_028.sh	视频构图
video-compose-029	video-compose	video-compose/video_compose_029.sh	视频构图
video-compose-030	video-compose	video-compose/video_compose_030.sh	视频构图
video-compose-031	video-compose	video-compose/video_compose_031.sh	视频构图
video-compose-032	video-compose	video-compose/video_compose_032.sh	视频构图
video-compose-033	video-compose	video-compose/video_compose_033.sh	视频构图
video-compose-034	video-compose	video-compose/video_compose_034.sh	视频构图
video-compose-035	video-compose	video-compose/video_compose_035.sh	视频构图
video-compose-036	video-compose	video-compose/video_compose_036.sh	视频构图
video-compose-037	video-compose	video-compose/video_compose_037.sh	视频构图
video-compose-038	video-compose	video-compose/video_compose_038.sh	视频构图
video-compose-039	video-compose	video-compose/video_compose_039.sh	视频构图
video-compose-040	video-compose	video-compose/video_compose_040.sh	视频构图
video-compose-041	video-compose	video-compose/video_compose_041.sh	视频构图
video-compose-042	video-compose	video-compose/video_compose_042.sh	视频构图
video-compose-043	video-compose	video-compose/video_compose_043.sh	视频构图
video-compose-044	video-compose	video-compose/video_compose_044.sh	视频构图
video-compose-045	video-compose	video-compose/video_compose_045.sh	视频构图
video-compose-046	video-compose	video-compose/video_compose_046.sh	视频构图
video-compose-047	video-compose	video-compose/video_compose_047.sh	视频构图
video-compose-048	video-compose	video-compose/video_compose_048.sh	视频构图
video-compose-049	video-compose	video-compose/video_compose_049.sh	视频构图
video-compose-050	video-compose	video-compose/video_compose_050.sh	视频构图
video-compose-051	video-compose	video-compose/video_compose_051.sh	视频构图
video-compose-052	video-compose	video-compose/video_compose_052.sh	视频构图
video-compose-053	video-compose	video-compose/video_compose_053.sh	视频构图
video-compose-054	video-compose	video-compose/video_compose_054.sh	视频构图
video-compose-055	video-compose	video-compose/video_compose_055.sh	视频构图
video-compose-056	video-compose	video-compose/video_compose_056.sh	视频构图
video-compose-057	video-compose	video-compose/video_compose_057.sh	视频构图
video-compose-058	video-compose	video-compose/video_compose_058.sh	视频构图
video-compose-059	video-compose	video-compose/video_compose_059.sh	视频构图
video-compose-060	video-compose	video-compose/video_compose_060.sh	视频构图
video-compose-061	video-compose	video-compose/video_compose_061.sh	视频构图
video-compose-062	video-compose	video-compose/video_compose_062.sh	视频构图
video-compose-063	video-compose	video-compose/video_compose_063.sh	视频构图
video-compose-064	video-compose	video-compose/video_compose_064.sh	视频构图
video-compose-065	video-compose	video-compose/video_compose_065.sh	视频构图
video-compose-066	video-compose	video-compose/video_compose_066.sh	视频构图
video-compose-067	video-compose	video-compose/video_compose_067.sh	视频构图
video-compose-068	video-compose	video-compose/video_compose_068.sh	视频构图
video-compose-069	video-compose	video-compose/video_compose_069.sh	视频构图
video-compose-070	video-compose	video-compose/video_compose_070.sh	视频构图
video-compose-071	video-compose	video-compose/video_compose_071.sh	视频构图
video-compose-072	video-compose	video-compose/video_compose_072.sh	视频构图
video-compose-073	video-compose	video-compose/video_compose_073.sh	视频构图
video-compose-074	video-compose	video-compose/video_compose_074.sh	视频构图
video-compose-075	video-compose	video-compose/video_compose_075.sh	视频构图
video-compose-076	video-compose	video-compose/video_compose_076.sh	视频构图
video-compose-077	video-compose	video-compose/video_compose_077.sh	视频构图
video-compose-078	video-compose	video-compose/video_compose_078.sh	视频构图
video-compose-079	video-compose	video-compose/video_compose_079.sh	视频构图
video-compose-080	video-compose	video-compose/video_compose_080.sh	视频构图
video-compose-081	video-compose	video-compose/video_compose_081.sh	视频构图
video-compose-082	video-compose	video-compose/video_compose_082.sh	视频构图
video-compose-083	video-compose	video-compose/video_compose_083.sh	视频构图
video-compose-084	video-compose	video-compose/video_compose_084.sh	视频构图
video-compose-085	video-compose	video-compose/video_compose_085.sh	视频构图
video-compose-086	video-compose	video-compose/video_compose_086.sh	视频构图
video-compose-087	video-compose	video-compose/video_compose_087.sh	视频构图
video-compose-088	video-compose	video-compose/video_compose_088.sh	视频构图
video-compose-089	video-compose	video-compose/video_compose_089.sh	视频构图
video-compose-090	video-compose	video-compose/video_compose_090.sh	视频构图
video-compose-091	video-compose	video-compose/video_compose_091.sh	视频构图
video-compose-092	video-compose	video-compose/video_compose_092.sh	视频构图
video-compose-093	video-compose	video-compose/video_compose_093.sh	视频构图
video-compose-094	video-compose	video-compose/video_compose_094.sh	视频构图
video-compose-095	video-compose	video-compose/video_compose_095.sh	视频构图
video-compose-096	video-compose	video-compose/video_compose_096.sh	视频构图
video-compose-097	video-compose	video-compose/video_compose_097.sh	视频构图
video-compose-098	video-compose	video-compose/video_compose_098.sh	视频构图
video-compose-099	video-compose	video-compose/video_compose_099.sh	视频构图
video-compose-100	video-compose	video-compose/video_compose_100.sh	视频构图
video-compose-101	video-compose	video-compose/video_compose_101.sh	视频构图
video-compose-102	video-compose	video-compose/video_compose_102.sh	视频构图
video-compose-103	video-compose	video-compose/video_compose_103.sh	视频构图
video-compose-104	video-compose	video-compose/video_compose_104.sh	视频构图
video-compose-105	video-compose	video-compose/video_compose_105.sh	视频构图
video-compose-106	video-compose	video-compose/video_compose_106.sh	视频构图
video-compose-107	video-compose	video-compose/video_compose_107.sh	视频构图
video-compose-108	video-compose	video-compose/video_compose_108.sh	视频构图
video-compose-109	video-compose	video-compose/video_compose_109.sh	视频构图
video-compose-110	video-compose	video-compose/video_compose_110.sh	视频构图
video-compose-111	video-compose	video-compose/video_compose_111.sh	视频构图
video-compose-112	video-compose	video-compose/video_compose_112.sh	视频构图
video-compose-113	video-compose	video-compose/video_compose_113.sh	视频构图
video-compose-114	video-compose	video-compose/video_compose_114.sh	视频构图
video-compose-115	video-compose	video-compose/video_compose_115.sh	视频构图
video-compose-116	video-compose	video-compose/video_compose_116.sh	视频构图
video-compose-117	video-compose	video-compose/video_compose_117.sh	视频构图
video-compose-118	video-compose	video-compose/video_compose_118.sh	视频构图
video-compose-119	video-compose	video-compose/video_compose_119.sh	视频构图
video-compose-120	video-compose	video-compose/video_compose_120.sh	视频构图
video-compose-121	video-compose	video-compose/video_compose_121.sh	视频构图
video-compose-122	video-compose	video-compose/video_compose_122.sh	视频构图
video-compose-123	video-compose	video-compose/video_compose_123.sh	视频构图
video-compose-124	video-compose	video-compose/video_compose_124.sh	视频构图
video-compose-125	video-compose	video-compose/video_compose_125.sh	视频构图
video-compose-126	video-compose	video-compose/video_compose_126.sh	视频构图
video-compose-127	video-compose	video-compose/video_compose_127.sh	视频构图
video-compose-128	video-compose	video-compose/video_compose_128.sh	视频构图
video-compose-129	video-compose	video-compose/video_compose_129.sh	视频构图
video-compose-130	video-compose	video-compose/video_compose_130.sh	视频构图
video-compose-131	video-compose	video-compose/video_compose_131.sh	视频构图
video-compose-132	video-compose	video-compose/video_compose_132.sh	视频构图
video-compose-133	video-compose	video-compose/video_compose_133.sh	视频构图
video-compose-134	video-compose	video-compose/video_compose_134.sh	视频构图
video-compose-135	video-compose	video-compose/video_compose_135.sh	视频构图
video-compose-136	video-compose	video-compose/video_compose_136.sh	视频构图
video-compose-137	video-compose	video-compose/video_compose_137.sh	视频构图
video-compose-138	video-compose	video-compose/video_compose_138.sh	视频构图
video-compose-139	video-compose	video-compose/video_compose_139.sh	视频构图
video-compose-140	video-compose	video-compose/video_compose_140.sh	视频构图
video-compose-141	video-compose	video-compose/video_compose_141.sh	视频构图
video-compose-142	video-compose	video-compose/video_compose_142.sh	视频构图
video-compose-143	video-compose	video-compose/video_compose_143.sh	视频构图
video-compose-144	video-compose	video-compose/video_compose_144.sh	视频构图
video-compose-145	video-compose	video-compose/video_compose_145.sh	视频构图
video-compose-146	video-compose	video-compose/video_compose_146.sh	视频构图
video-compose-147	video-compose	video-compose/video_compose_147.sh	视频构图
video-compose-148	video-compose	video-compose/video_compose_148.sh	视频构图
video-compose-149	video-compose	video-compose/video_compose_149.sh	视频构图
video-compose-150	video-compose	video-compose/video_compose_150.sh	视频构图
video-compose-151	video-compose	video-compose/video_compose_151.sh	视频构图
video-compose-152	video-compose	video-compose/video_compose_152.sh	视频构图
video-compose-153	video-compose	video-compose/video_compose_153.sh	视频构图
video-compose-154	video-compose	video-compose/video_compose_154.sh	视频构图
video-compose-155	video-compose	video-compose/video_compose_155.sh	视频构图
video-compose-156	video-compose	video-compose/video_compose_156.sh	视频构图
video-compose-157	video-compose	video-compose/video_compose_157.sh	视频构图
video-compose-158	video-compose	video-compose/video_compose_158.sh	视频构图
video-compose-159	video-compose	video-compose/video_compose_159.sh	视频构图
video-compose-160	video-compose	video-compose/video_compose_160.sh	视频构图
video-compose-161	video-compose	video-compose/video_compose_161.sh	视频构图
video-compose-162	video-compose	video-compose/video_compose_162.sh	视频构图
video-compose-163	video-compose	video-compose/video_compose_163.sh	视频构图
video-compose-164	video-compose	video-compose/video_compose_164.sh	视频构图
video-compose-165	video-compose	video-compose/video_compose_165.sh	视频构图
video-compose-166	video-compose	video-compose/video_compose_166.sh	视频构图
video-compose-167	video-compose	video-compose/video_compose_167.sh	视频构图
video-compose-168	video-compose	video-compose/video_compose_168.sh	视频构图
video-compose-169	video-compose	video-compose/video_compose_169.sh	视频构图
video-compose-170	video-compose	video-compose/video_compose_170.sh	视频构图
video-compose-171	video-compose	video-compose/video_compose_171.sh	视频构图
video-compose-172	video-compose	video-compose/video_compose_172.sh	视频构图
video-compose-173	video-compose	video-compose/video_compose_173.sh	视频构图
video-compose-174	video-compose	video-compose/video_compose_174.sh	视频构图
video-compose-175	video-compose	video-compose/video_compose_175.sh	视频构图
video-compose-176	video-compose	video-compose/video_compose_176.sh	视频构图
video-compose-177	video-compose	video-compose/video_compose_177.sh	视频构图
video-compose-178	video-compose	video-compose/video_compose_178.sh	视频构图
video-compose-179	video-compose	video-compose/video_compose_179.sh	视频构图
video-compose-180	video-compose	video-compose/video_compose_180.sh	视频构图
video-compose-181	video-compose	video-compose/video_compose_181.sh	视频构图
video-compose-182	video-compose	video-compose/video_compose_182.sh	视频构图
video-compose-183	video-compose	video-compose/video_compose_183.sh	视频构图
video-compose-184	video-compose	video-compose/video_compose_184.sh	视频构图
video-compose-185	video-compose	video-compose/video_compose_185.sh	视频构图
video-compose-186	video-compose	video-compose/video_compose_186.sh	视频构图
video-compose-187	video-compose	video-compose/video_compose_187.sh	视频构图
video-compose-188	video-compose	video-compose/video_compose_188.sh	视频构图
video-compose-189	video-compose	video-compose/video_compose_189.sh	视频构图
video-compose-190	video-compose	video-compose/video_compose_190.sh	视频构图
video-compose-191	video-compose	video-compose/video_compose_191.sh	视频构图
video-compose-192	video-compose	video-compose/video_compose_192.sh	视频构图
video-compose-193	video-compose	video-compose/video_compose_193.sh	视频构图
video-compose-194	video-compose	video-compose/video_compose_194.sh	视频构图
video-compose-195	video-compose	video-compose/video_compose_195.sh	视频构图
video-compose-196	video-compose	video-compose/video_compose_196.sh	视频构图
video-compose-197	video-compose	video-compose/video_compose_197.sh	视频构图
video-compose-198	video-compose	video-compose/video_compose_198.sh	视频构图
video-compose-199	video-compose	video-compose/video_compose_199.sh	视频构图
video-compose-200	video-compose	video-compose/video_compose_200.sh	视频构图
video-compose-201	video-compose	video-compose/video_compose_201.sh	视频构图
video-compose-202	video-compose	video-compose/video_compose_202.sh	视频构图
video-compose-203	video-compose	video-compose/video_compose_203.sh	视频构图
video-compose-204	video-compose	video-compose/video_compose_204.sh	视频构图
video-compose-205	video-compose	video-compose/video_compose_205.sh	视频构图
video-compose-206	video-compose	video-compose/video_compose_206.sh	视频构图
video-compose-207	video-compose	video-compose/video_compose_207.sh	视频构图
video-compose-208	video-compose	video-compose/video_compose_208.sh	视频构图
video-compose-209	video-compose	video-compose/video_compose_209.sh	视频构图
video-compose-210	video-compose	video-compose/video_compose_210.sh	视频构图
video-compose-211	video-compose	video-compose/video_compose_211.sh	视频构图
video-compose-212	video-compose	video-compose/video_compose_212.sh	视频构图
video-compose-213	video-compose	video-compose/video_compose_213.sh	视频构图
video-compose-214	video-compose	video-compose/video_compose_214.sh	视频构图
video-compose-215	video-compose	video-compose/video_compose_215.sh	视频构图
video-compose-216	video-compose	video-compose/video_compose_216.sh	视频构图
video-compose-217	video-compose	video-compose/video_compose_217.sh	视频构图
video-compose-218	video-compose	video-compose/video_compose_218.sh	视频构图
video-compose-219	video-compose	video-compose/video_compose_219.sh	视频构图
video-compose-220	video-compose	video-compose/video_compose_220.sh	视频构图
video-compose-221	video-compose	video-compose/video_compose_221.sh	视频构图
video-compose-222	video-compose	video-compose/video_compose_222.sh	视频构图
video-compose-223	video-compose	video-compose/video_compose_223.sh	视频构图
video-compose-224	video-compose	video-compose/video_compose_224.sh	视频构图
video-compose-225	video-compose	video-compose/video_compose_225.sh	视频构图
video-compose-226	video-compose	video-compose/video_compose_226.sh	视频构图
video-compose-227	video-compose	video-compose/video_compose_227.sh	视频构图
video-compose-228	video-compose	video-compose/video_compose_228.sh	视频构图
video-compose-229	video-compose	video-compose/video_compose_229.sh	视频构图
video-compose-230	video-compose	video-compose/video_compose_230.sh	视频构图
video-compose-231	video-compose	video-compose/video_compose_231.sh	视频构图
video-compose-232	video-compose	video-compose/video_compose_232.sh	视频构图
video-compose-233	video-compose	video-compose/video_compose_233.sh	视频构图
video-compose-234	video-compose	video-compose/video_compose_234.sh	视频构图
video-compose-235	video-compose	video-compose/video_compose_235.sh	视频构图
video-compose-236	video-compose	video-compose/video_compose_236.sh	视频构图
video-compose-237	video-compose	video-compose/video_compose_237.sh	视频构图
video-compose-238	video-compose	video-compose/video_compose_238.sh	视频构图
video-compose-239	video-compose	video-compose/video_compose_239.sh	视频构图
video-compose-240	video-compose	video-compose/video_compose_240.sh	视频构图
video-compose-241	video-compose	video-compose/video_compose_241.sh	视频构图
video-compose-242	video-compose	video-compose/video_compose_242.sh	视频构图
video-compose-243	video-compose	video-compose/video_compose_243.sh	视频构图
video-compose-244	video-compose	video-compose/video_compose_244.sh	视频构图
video-compose-245	video-compose	video-compose/video_compose_245.sh	视频构图
video-compose-246	video-compose	video-compose/video_compose_246.sh	视频构图
video-compose-247	video-compose	video-compose/video_compose_247.sh	视频构图
video-compose-248	video-compose	video-compose/video_compose_248.sh	视频构图
video-compose-249	video-compose	video-compose/video_compose_249.sh	视频构图
video-compose-250	video-compose	video-compose/video_compose_250.sh	视频构图
video-compose-251	video-compose	video-compose/video_compose_251.sh	视频构图
video-compose-252	video-compose	video-compose/video_compose_252.sh	视频构图
video-compose-253	video-compose	video-compose/video_compose_253.sh	视频构图
video-compose-254	video-compose	video-compose/video_compose_254.sh	视频构图
video-compose-255	video-compose	video-compose/video_compose_255.sh	视频构图
video-compose-256	video-compose	video-compose/video_compose_256.sh	视频构图
video-compose-257	video-compose	video-compose/video_compose_257.sh	视频构图
video-compose-258	video-compose	video-compose/video_compose_258.sh	视频构图
video-compose-259	video-compose	video-compose/video_compose_259.sh	视频构图
video-compose-260	video-compose	video-compose/video_compose_260.sh	视频构图
video-compose-261	video-compose	video-compose/video_compose_261.sh	视频构图
video-compose-262	video-compose	video-compose/video_compose_262.sh	视频构图
video-compose-263	video-compose	video-compose/video_compose_263.sh	视频构图
video-compose-264	video-compose	video-compose/video_compose_264.sh	视频构图
video-compose-265	video-compose	video-compose/video_compose_265.sh	视频构图
video-compose-266	video-compose	video-compose/video_compose_266.sh	视频构图
video-compose-267	video-compose	video-compose/video_compose_267.sh	视频构图
video-compose-268	video-compose	video-compose/video_compose_268.sh	视频构图
video-compose-269	video-compose	video-compose/video_compose_269.sh	视频构图
video-compose-270	video-compose	video-compose/video_compose_270.sh	视频构图
video-compose-271	video-compose	video-compose/video_compose_271.sh	视频构图
video-compose-272	video-compose	video-compose/video_compose_272.sh	视频构图
video-compose-273	video-compose	video-compose/video_compose_273.sh	视频构图
video-compose-274	video-compose	video-compose/video_compose_274.sh	视频构图
video-compose-275	video-compose	video-compose/video_compose_275.sh	视频构图
video-compose-276	video-compose	video-compose/video_compose_276.sh	视频构图
video-compose-277	video-compose	video-compose/video_compose_277.sh	视频构图
video-compose-278	video-compose	video-compose/video_compose_278.sh	视频构图
video-compose-279	video-compose	video-compose/video_compose_279.sh	视频构图
video-compose-280	video-compose	video-compose/video_compose_280.sh	视频构图
video-compose-281	video-compose	video-compose/video_compose_281.sh	视频构图
video-compose-282	video-compose	video-compose/video_compose_282.sh	视频构图
video-compose-283	video-compose	video-compose/video_compose_283.sh	视频构图
video-compose-284	video-compose	video-compose/video_compose_284.sh	视频构图
video-compose-285	video-compose	video-compose/video_compose_285.sh	视频构图
video-compose-286	video-compose	video-compose/video_compose_286.sh	视频构图
video-compose-287	video-compose	video-compose/video_compose_287.sh	视频构图
video-compose-288	video-compose	video-compose/video_compose_288.sh	视频构图
video-compose-289	video-compose	video-compose/video_compose_289.sh	视频构图
video-compose-290	video-compose	video-compose/video_compose_290.sh	视频构图
video-compose-291	video-compose	video-compose/video_compose_291.sh	视频构图
video-compose-292	video-compose	video-compose/video_compose_292.sh	视频构图
video-compose-293	video-compose	video-compose/video_compose_293.sh	视频构图
video-compose-294	video-compose	video-compose/video_compose_294.sh	视频构图
video-compose-295	video-compose	video-compose/video_compose_295.sh	视频构图
video-compose-296	video-compose	video-compose/video_compose_296.sh	视频构图
video-compose-297	video-compose	video-compose/video_compose_297.sh	视频构图
video-compose-298	video-compose	video-compose/video_compose_298.sh	视频构图
video-compose-299	video-compose	video-compose/video_compose_299.sh	视频构图
video-compose-300	video-compose	video-compose/video_compose_300.sh	视频构图
video-compose-301	video-compose	video-compose/video_compose_301.sh	视频构图
video-compose-302	video-compose	video-compose/video_compose_302.sh	视频构图
video-compose-303	video-compose	video-compose/video_compose_303.sh	视频构图
video-compose-304	video-compose	video-compose/video_compose_304.sh	视频构图
video-compose-305	video-compose	video-compose/video_compose_305.sh	视频构图
video-compose-306	video-compose	video-compose/video_compose_306.sh	视频构图
video-compose-307	video-compose	video-compose/video_compose_307.sh	视频构图
video-compose-308	video-compose	video-compose/video_compose_308.sh	视频构图
video-compose-309	video-compose	video-compose/video_compose_309.sh	视频构图
video-compose-310	video-compose	video-compose/video_compose_310.sh	视频构图
video-compose-311	video-compose	video-compose/video_compose_311.sh	视频构图
video-compose-312	video-compose	video-compose/video_compose_312.sh	视频构图
video-compose-313	video-compose	video-compose/video_compose_313.sh	视频构图
video-compose-314	video-compose	video-compose/video_compose_314.sh	视频构图
video-compose-315	video-compose	video-compose/video_compose_315.sh	视频构图
video-compose-316	video-compose	video-compose/video_compose_316.sh	视频构图
video-compose-317	video-compose	video-compose/video_compose_317.sh	视频构图
video-compose-318	video-compose	video-compose/video_compose_318.sh	视频构图
video-compose-319	video-compose	video-compose/video_compose_319.sh	视频构图
video-compose-320	video-compose	video-compose/video_compose_320.sh	视频构图
video-compose-321	video-compose	video-compose/video_compose_321.sh	视频构图
video-compose-322	video-compose	video-compose/video_compose_322.sh	视频构图
video-compose-323	video-compose	video-compose/video_compose_323.sh	视频构图
video-compose-324	video-compose	video-compose/video_compose_324.sh	视频构图
video-compose-325	video-compose	video-compose/video_compose_325.sh	视频构图
video-compose-326	video-compose	video-compose/video_compose_326.sh	视频构图
video-compose-327	video-compose	video-compose/video_compose_327.sh	视频构图
video-compose-328	video-compose	video-compose/video_compose_328.sh	视频构图
video-compose-329	video-compose	video-compose/video_compose_329.sh	视频构图
video-compose-330	video-compose	video-compose/video_compose_330.sh	视频构图
video-compose-331	video-compose	video-compose/video_compose_331.sh	视频构图
video-compose-332	video-compose	video-compose/video_compose_332.sh	视频构图
video-compose-333	video-compose	video-compose/video_compose_333.sh	视频构图
video-compose-334	video-compose	video-compose/video_compose_334.sh	视频构图
video-compose-335	video-compose	video-compose/video_compose_335.sh	视频构图
video-compose-336	video-compose	video-compose/video_compose_336.sh	视频构图
video-compose-337	video-compose	video-compose/video_compose_337.sh	视频构图
video-compose-338	video-compose	video-compose/video_compose_338.sh	视频构图
video-compose-339	video-compose	video-compose/video_compose_339.sh	视频构图
video-compose-340	video-compose	video-compose/video_compose_340.sh	视频构图
video-compose-341	video-compose	video-compose/video_compose_341.sh	视频构图
video-compose-342	video-compose	video-compose/video_compose_342.sh	视频构图
video-compose-343	video-compose	video-compose/video_compose_343.sh	视频构图
video-compose-344	video-compose	video-compose/video_compose_344.sh	视频构图
video-compose-345	video-compose	video-compose/video_compose_345.sh	视频构图
video-compose-346	video-compose	video-compose/video_compose_346.sh	视频构图
video-compose-347	video-compose	video-compose/video_compose_347.sh	视频构图
video-compose-348	video-compose	video-compose/video_compose_348.sh	视频构图
video-compose-349	video-compose	video-compose/video_compose_349.sh	视频构图
video-compose-350	video-compose	video-compose/video_compose_350.sh	视频构图
video-compose-351	video-compose	video-compose/video_compose_351.sh	视频构图
video-compose-352	video-compose	video-compose/video_compose_352.sh	视频构图
video-compose-353	video-compose	video-compose/video_compose_353.sh	视频构图
video-compose-354	video-compose	video-compose/video_compose_354.sh	视频构图
video-compose-355	video-compose	video-compose/video_compose_355.sh	视频构图
video-compose-356	video-compose	video-compose/video_compose_356.sh	视频构图
video-compose-357	video-compose	video-compose/video_compose_357.sh	视频构图
video-compose-358	video-compose	video-compose/video_compose_358.sh	视频构图
video-compose-359	video-compose	video-compose/video_compose_359.sh	视频构图
video-compose-360	video-compose	video-compose/video_compose_360.sh	视频构图
video-compose-361	video-compose	video-compose/video_compose_361.sh	视频构图
video-compose-362	video-compose	video-compose/video_compose_362.sh	视频构图
video-compose-363	video-compose	video-compose/video_compose_363.sh	视频构图
video-compose-364	video-compose	video-compose/video_compose_364.sh	视频构图
video-compose-365	video-compose	video-compose/video_compose_365.sh	视频构图
video-compose-366	video-compose	video-compose/video_compose_366.sh	视频构图
video-compose-367	video-compose	video-compose/video_compose_367.sh	视频构图
video-compose-368	video-compose	video-compose/video_compose_368.sh	视频构图
video-compose-369	video-compose	video-compose/video_compose_369.sh	视频构图
video-compose-370	video-compose	video-compose/video_compose_370.sh	视频构图
video-compose-371	video-compose	video-compose/video_compose_371.sh	视频构图
video-compose-372	video-compose	video-compose/video_compose_372.sh	视频构图
video-compose-373	video-compose	video-compose/video_compose_373.sh	视频构图
video-compose-374	video-compose	video-compose/video_compose_374.sh	视频构图
video-compose-375	video-compose	video-compose/video_compose_375.sh	视频构图
video-compose-376	video-compose	video-compose/video_compose_376.sh	视频构图
video-compose-377	video-compose	video-compose/video_compose_377.sh	视频构图
video-compose-378	video-compose	video-compose/video_compose_378.sh	视频构图
video-compose-379	video-compose	video-compose/video_compose_379.sh	视频构图
video-compose-380	video-compose	video-compose/video_compose_380.sh	视频构图
video-compose-381	video-compose	video-compose/video_compose_381.sh	视频构图
video-compose-382	video-compose	video-compose/video_compose_382.sh	视频构图
video-compose-383	video-compose	video-compose/video_compose_383.sh	视频构图
video-compose-384	video-compose	video-compose/video_compose_384.sh	视频构图
video-compose-385	video-compose	video-compose/video_compose_385.sh	视频构图
video-compose-386	video-compose	video-compose/video_compose_386.sh	视频构图
video-compose-387	video-compose	video-compose/video_compose_387.sh	视频构图
video-compose-388	video-compose	video-compose/video_compose_388.sh	视频构图
video-compose-389	video-compose	video-compose/video_compose_389.sh	视频构图
video-compose-390	video-compose	video-compose/video_compose_390.sh	视频构图
video-compose-391	video-compose	video-compose/video_compose_391.sh	视频构图
video-compose-392	video-compose	video-compose/video_compose_392.sh	视频构图
video-compose-393	video-compose	video-compose/video_compose_393.sh	视频构图
video-compose-394	video-compose	video-compose/video_compose_394.sh	视频构图
video-compose-395	video-compose	video-compose/video_compose_395.sh	视频构图
video-compose-396	video-compose	video-compose/video_compose_396.sh	视频构图
video-compose-397	video-compose	video-compose/video_compose_397.sh	视频构图
video-compose-398	video-compose	video-compose/video_compose_398.sh	视频构图
video-compose-399	video-compose	video-compose/video_compose_399.sh	视频构图
video-compose-400	video-compose	video-compose/video_compose_400.sh	视频构图
video-compose-401	video-compose	video-compose/video_compose_401.sh	视频构图
video-compose-402	video-compose	video-compose/video_compose_402.sh	视频构图
video-compose-403	video-compose	video-compose/video_compose_403.sh	视频构图
video-compose-404	video-compose	video-compose/video_compose_404.sh	视频构图
video-compose-405	video-compose	video-compose/video_compose_405.sh	视频构图
video-compose-406	video-compose	video-compose/video_compose_406.sh	视频构图
video-compose-407	video-compose	video-compose/video_compose_407.sh	视频构图
video-compose-408	video-compose	video-compose/video_compose_408.sh	视频构图
video-compose-409	video-compose	video-compose/video_compose_409.sh	视频构图
video-compose-410	video-compose	video-compose/video_compose_410.sh	视频构图
video-compose-411	video-compose	video-compose/video_compose_411.sh	视频构图
video-compose-412	video-compose	video-compose/video_compose_412.sh	视频构图
video-compose-413	video-compose	video-compose/video_compose_413.sh	视频构图
video-compose-414	video-compose	video-compose/video_compose_414.sh	视频构图
video-compose-415	video-compose	video-compose/video_compose_415.sh	视频构图
video-compose-416	video-compose	video-compose/video_compose_416.sh	视频构图
video-compose-417	video-compose	video-compose/video_compose_417.sh	视频构图
video-compose-418	video-compose	video-compose/video_compose_418.sh	视频构图
video-compose-419	video-compose	video-compose/video_compose_419.sh	视频构图
video-compose-420	video-compose	video-compose/video_compose_420.sh	视频构图
video-compose-421	video-compose	video-compose/video_compose_421.sh	视频构图
video-compose-422	video-compose	video-compose/video_compose_422.sh	视频构图
video-compose-423	video-compose	video-compose/video_compose_423.sh	视频构图
video-compose-424	video-compose	video-compose/video_compose_424.sh	视频构图
video-compose-425	video-compose	video-compose/video_compose_425.sh	视频构图
video-compose-426	video-compose	video-compose/video_compose_426.sh	视频构图
video-compose-427	video-compose	video-compose/video_compose_427.sh	视频构图
video-compose-428	video-compose	video-compose/video_compose_428.sh	视频构图
video-compose-429	video-compose	video-compose/video_compose_429.sh	视频构图
video-compose-430	video-compose	video-compose/video_compose_430.sh	视频构图
video-compose-431	video-compose	video-compose/video_compose_431.sh	视频构图
video-compose-432	video-compose	video-compose/video_compose_432.sh	视频构图
video-compose-433	video-compose	video-compose/video_compose_433.sh	视频构图
video-compose-434	video-compose	video-compose/video_compose_434.sh	视频构图
video-compose-435	video-compose	video-compose/video_compose_435.sh	视频构图
video-compose-436	video-compose	video-compose/video_compose_436.sh	视频构图
video-compose-437	video-compose	video-compose/video_compose_437.sh	视频构图
video-compose-438	video-compose	video-compose/video_compose_438.sh	视频构图
video-compose-439	video-compose	video-compose/video_compose_439.sh	视频构图
video-compose-440	video-compose	video-compose/video_compose_440.sh	视频构图
video-compose-441	video-compose	video-compose/video_compose_441.sh	视频构图
video-compose-442	video-compose	video-compose/video_compose_442.sh	视频构图
video-compose-443	video-compose	video-compose/video_compose_443.sh	视频构图
video-compose-444	video-compose	video-compose/video_compose_444.sh	视频构图
video-compose-445	video-compose	video-compose/video_compose_445.sh	视频构图
video-compose-446	video-compose	video-compose/video_compose_446.sh	视频构图
video-compose-447	video-compose	video-compose/video_compose_447.sh	视频构图
video-compose-448	video-compose	video-compose/video_compose_448.sh	视频构图
video-compose-449	video-compose	video-compose/video_compose_449.sh	视频构图
video-compose-450	video-compose	video-compose/video_compose_450.sh	视频构图
video-compose-451	video-compose	video-compose/video_compose_451.sh	视频构图
video-compose-452	video-compose	video-compose/video_compose_452.sh	视频构图
video-compose-453	video-compose	video-compose/video_compose_453.sh	视频构图
video-compose-454	video-compose	video-compose/video_compose_454.sh	视频构图
video-compose-455	video-compose	video-compose/video_compose_455.sh	视频构图
video-compose-456	video-compose	video-compose/video_compose_456.sh	视频构图
video-compose-457	video-compose	video-compose/video_compose_457.sh	视频构图
video-compose-458	video-compose	video-compose/video_compose_458.sh	视频构图
video-compose-459	video-compose	video-compose/video_compose_459.sh	视频构图
video-compose-460	video-compose	video-compose/video_compose_460.sh	视频构图
video-compose-461	video-compose	video-compose/video_compose_461.sh	视频构图
video-compose-462	video-compose	video-compose/video_compose_462.sh	视频构图
video-compose-463	video-compose	video-compose/video_compose_463.sh	视频构图
video-compose-464	video-compose	video-compose/video_compose_464.sh	视频构图
video-compose-465	video-compose	video-compose/video_compose_465.sh	视频构图
video-compose-466	video-compose	video-compose/video_compose_466.sh	视频构图
video-compose-467	video-compose	video-compose/video_compose_467.sh	视频构图
video-compose-468	video-compose	video-compose/video_compose_468.sh	视频构图
video-compose-469	video-compose	video-compose/video_compose_469.sh	视频构图
video-compose-470	video-compose	video-compose/video_compose_470.sh	视频构图
video-compose-471	video-compose	video-compose/video_compose_471.sh	视频构图
video-compose-472	video-compose	video-compose/video_compose_472.sh	视频构图
video-compose-473	video-compose	video-compose/video_compose_473.sh	视频构图
video-compose-474	video-compose	video-compose/video_compose_474.sh	视频构图
video-compose-475	video-compose	video-compose/video_compose_475.sh	视频构图
video-compose-476	video-compose	video-compose/video_compose_476.sh	视频构图
video-compose-477	video-compose	video-compose/video_compose_477.sh	视频构图
video-compose-478	video-compose	video-compose/video_compose_478.sh	视频构图
video-compose-479	video-compose	video-compose/video_compose_479.sh	视频构图
video-compose-480	video-compose	video-compose/video_compose_480.sh	视频构图
video-compose-481	video-compose	video-compose/video_compose_481.sh	视频构图
video-compose-482	video-compose	video-compose/video_compose_482.sh	视频构图
video-compose-483	video-compose	video-compose/video_compose_483.sh	视频构图
video-compose-484	video-compose	video-compose/video_compose_484.sh	视频构图
video-compose-485	video-compose	video-compose/video_compose_485.sh	视频构图
video-compose-486	video-compose	video-compose/video_compose_486.sh	视频构图
video-compose-487	video-compose	video-compose/video_compose_487.sh	视频构图
video-compose-488	video-compose	video-compose/video_compose_488.sh	视频构图
video-grade-001	video-grade	video-grade/video_grade_001.sh	视频调色
video-grade-002	video-grade	video-grade/video_grade_002.sh	视频调色
video-grade-003	video-grade	video-grade/video_grade_003.sh	视频调色
video-grade-004	video-grade	video-grade/video_grade_004.sh	视频调色
video-grade-005	video-grade	video-grade/video_grade_005.sh	视频调色
video-grade-006	video-grade	video-grade/video_grade_006.sh	视频调色
video-grade-007	video-grade	video-grade/video_grade_007.sh	视频调色
video-grade-008	video-grade	video-grade/video_grade_008.sh	视频调色
video-grade-009	video-grade	video-grade/video_grade_009.sh	视频调色
video-grade-010	video-grade	video-grade/video_grade_010.sh	视频调色
video-grade-011	video-grade	video-grade/video_grade_011.sh	视频调色
video-grade-012	video-grade	video-grade/video_grade_012.sh	视频调色
video-grade-013	video-grade	video-grade/video_grade_013.sh	视频调色
video-grade-014	video-grade	video-grade/video_grade_014.sh	视频调色
video-grade-015	video-grade	video-grade/video_grade_015.sh	视频调色
video-grade-016	video-grade	video-grade/video_grade_016.sh	视频调色
video-grade-017	video-grade	video-grade/video_grade_017.sh	视频调色
video-grade-018	video-grade	video-grade/video_grade_018.sh	视频调色
video-grade-019	video-grade	video-grade/video_grade_019.sh	视频调色
video-grade-020	video-grade	video-grade/video_grade_020.sh	视频调色
video-grade-021	video-grade	video-grade/video_grade_021.sh	视频调色
video-grade-022	video-grade	video-grade/video_grade_022.sh	视频调色
video-grade-023	video-grade	video-grade/video_grade_023.sh	视频调色
video-grade-024	video-grade	video-grade/video_grade_024.sh	视频调色
video-grade-025	video-grade	video-grade/video_grade_025.sh	视频调色
video-grade-026	video-grade	video-grade/video_grade_026.sh	视频调色
video-grade-027	video-grade	video-grade/video_grade_027.sh	视频调色
video-grade-028	video-grade	video-grade/video_grade_028.sh	视频调色
video-grade-029	video-grade	video-grade/video_grade_029.sh	视频调色
video-grade-030	video-grade	video-grade/video_grade_030.sh	视频调色
video-grade-031	video-grade	video-grade/video_grade_031.sh	视频调色
video-grade-032	video-grade	video-grade/video_grade_032.sh	视频调色
video-grade-033	video-grade	video-grade/video_grade_033.sh	视频调色
video-grade-034	video-grade	video-grade/video_grade_034.sh	视频调色
video-grade-035	video-grade	video-grade/video_grade_035.sh	视频调色
video-grade-036	video-grade	video-grade/video_grade_036.sh	视频调色
video-grade-037	video-grade	video-grade/video_grade_037.sh	视频调色
video-grade-038	video-grade	video-grade/video_grade_038.sh	视频调色
video-grade-039	video-grade	video-grade/video_grade_039.sh	视频调色
video-grade-040	video-grade	video-grade/video_grade_040.sh	视频调色
video-grade-041	video-grade	video-grade/video_grade_041.sh	视频调色
video-grade-042	video-grade	video-grade/video_grade_042.sh	视频调色
video-grade-043	video-grade	video-grade/video_grade_043.sh	视频调色
video-grade-044	video-grade	video-grade/video_grade_044.sh	视频调色
video-grade-045	video-grade	video-grade/video_grade_045.sh	视频调色
video-grade-046	video-grade	video-grade/video_grade_046.sh	视频调色
video-grade-047	video-grade	video-grade/video_grade_047.sh	视频调色
video-grade-048	video-grade	video-grade/video_grade_048.sh	视频调色
video-grade-049	video-grade	video-grade/video_grade_049.sh	视频调色
video-grade-050	video-grade	video-grade/video_grade_050.sh	视频调色
video-grade-051	video-grade	video-grade/video_grade_051.sh	视频调色
video-grade-052	video-grade	video-grade/video_grade_052.sh	视频调色
video-grade-053	video-grade	video-grade/video_grade_053.sh	视频调色
video-grade-054	video-grade	video-grade/video_grade_054.sh	视频调色
video-grade-055	video-grade	video-grade/video_grade_055.sh	视频调色
video-grade-056	video-grade	video-grade/video_grade_056.sh	视频调色
video-grade-057	video-grade	video-grade/video_grade_057.sh	视频调色
video-grade-058	video-grade	video-grade/video_grade_058.sh	视频调色
video-grade-059	video-grade	video-grade/video_grade_059.sh	视频调色
video-grade-060	video-grade	video-grade/video_grade_060.sh	视频调色
video-grade-061	video-grade	video-grade/video_grade_061.sh	视频调色
video-grade-062	video-grade	video-grade/video_grade_062.sh	视频调色
video-grade-063	video-grade	video-grade/video_grade_063.sh	视频调色
video-grade-064	video-grade	video-grade/video_grade_064.sh	视频调色
video-grade-065	video-grade	video-grade/video_grade_065.sh	视频调色
video-grade-066	video-grade	video-grade/video_grade_066.sh	视频调色
video-grade-067	video-grade	video-grade/video_grade_067.sh	视频调色
video-grade-068	video-grade	video-grade/video_grade_068.sh	视频调色
video-grade-069	video-grade	video-grade/video_grade_069.sh	视频调色
video-grade-070	video-grade	video-grade/video_grade_070.sh	视频调色
video-grade-071	video-grade	video-grade/video_grade_071.sh	视频调色
video-grade-072	video-grade	video-grade/video_grade_072.sh	视频调色
video-grade-073	video-grade	video-grade/video_grade_073.sh	视频调色
video-grade-074	video-grade	video-grade/video_grade_074.sh	视频调色
video-grade-075	video-grade	video-grade/video_grade_075.sh	视频调色
video-grade-076	video-grade	video-grade/video_grade_076.sh	视频调色
video-grade-077	video-grade	video-grade/video_grade_077.sh	视频调色
video-grade-078	video-grade	video-grade/video_grade_078.sh	视频调色
video-grade-079	video-grade	video-grade/video_grade_079.sh	视频调色
video-grade-080	video-grade	video-grade/video_grade_080.sh	视频调色
video-grade-081	video-grade	video-grade/video_grade_081.sh	视频调色
video-grade-082	video-grade	video-grade/video_grade_082.sh	视频调色
video-grade-083	video-grade	video-grade/video_grade_083.sh	视频调色
video-grade-084	video-grade	video-grade/video_grade_084.sh	视频调色
video-grade-085	video-grade	video-grade/video_grade_085.sh	视频调色
video-grade-086	video-grade	video-grade/video_grade_086.sh	视频调色
video-grade-087	video-grade	video-grade/video_grade_087.sh	视频调色
video-grade-088	video-grade	video-grade/video_grade_088.sh	视频调色
video-grade-089	video-grade	video-grade/video_grade_089.sh	视频调色
video-grade-090	video-grade	video-grade/video_grade_090.sh	视频调色
video-grade-091	video-grade	video-grade/video_grade_091.sh	视频调色
video-grade-092	video-grade	video-grade/video_grade_092.sh	视频调色
video-grade-093	video-grade	video-grade/video_grade_093.sh	视频调色
video-grade-094	video-grade	video-grade/video_grade_094.sh	视频调色
video-grade-095	video-grade	video-grade/video_grade_095.sh	视频调色
video-grade-096	video-grade	video-grade/video_grade_096.sh	视频调色
video-grade-097	video-grade	video-grade/video_grade_097.sh	视频调色
video-grade-098	video-grade	video-grade/video_grade_098.sh	视频调色
video-grade-099	video-grade	video-grade/video_grade_099.sh	视频调色
video-grade-100	video-grade	video-grade/video_grade_100.sh	视频调色
video-grade-101	video-grade	video-grade/video_grade_101.sh	视频调色
video-grade-102	video-grade	video-grade/video_grade_102.sh	视频调色
video-grade-103	video-grade	video-grade/video_grade_103.sh	视频调色
video-grade-104	video-grade	video-grade/video_grade_104.sh	视频调色
video-grade-105	video-grade	video-grade/video_grade_105.sh	视频调色
video-grade-106	video-grade	video-grade/video_grade_106.sh	视频调色
video-grade-107	video-grade	video-grade/video_grade_107.sh	视频调色
video-grade-108	video-grade	video-grade/video_grade_108.sh	视频调色
video-grade-109	video-grade	video-grade/video_grade_109.sh	视频调色
video-grade-110	video-grade	video-grade/video_grade_110.sh	视频调色
video-grade-111	video-grade	video-grade/video_grade_111.sh	视频调色
video-grade-112	video-grade	video-grade/video_grade_112.sh	视频调色
video-grade-113	video-grade	video-grade/video_grade_113.sh	视频调色
video-grade-114	video-grade	video-grade/video_grade_114.sh	视频调色
video-grade-115	video-grade	video-grade/video_grade_115.sh	视频调色
video-grade-116	video-grade	video-grade/video_grade_116.sh	视频调色
video-grade-117	video-grade	video-grade/video_grade_117.sh	视频调色
video-grade-118	video-grade	video-grade/video_grade_118.sh	视频调色
video-grade-119	video-grade	video-grade/video_grade_119.sh	视频调色
video-grade-120	video-grade	video-grade/video_grade_120.sh	视频调色
video-grade-121	video-grade	video-grade/video_grade_121.sh	视频调色
video-grade-122	video-grade	video-grade/video_grade_122.sh	视频调色
video-grade-123	video-grade	video-grade/video_grade_123.sh	视频调色
video-grade-124	video-grade	video-grade/video_grade_124.sh	视频调色
video-grade-125	video-grade	video-grade/video_grade_125.sh	视频调色
video-grade-126	video-grade	video-grade/video_grade_126.sh	视频调色
video-grade-127	video-grade	video-grade/video_grade_127.sh	视频调色
video-grade-128	video-grade	video-grade/video_grade_128.sh	视频调色
video-grade-129	video-grade	video-grade/video_grade_129.sh	视频调色
video-grade-130	video-grade	video-grade/video_grade_130.sh	视频调色
video-grade-131	video-grade	video-grade/video_grade_131.sh	视频调色
video-grade-132	video-grade	video-grade/video_grade_132.sh	视频调色
video-grade-133	video-grade	video-grade/video_grade_133.sh	视频调色
video-grade-134	video-grade	video-grade/video_grade_134.sh	视频调色
video-grade-135	video-grade	video-grade/video_grade_135.sh	视频调色
video-grade-136	video-grade	video-grade/video_grade_136.sh	视频调色
video-grade-137	video-grade	video-grade/video_grade_137.sh	视频调色
video-grade-138	video-grade	video-grade/video_grade_138.sh	视频调色
video-grade-139	video-grade	video-grade/video_grade_139.sh	视频调色
video-grade-140	video-grade	video-grade/video_grade_140.sh	视频调色
video-grade-141	video-grade	video-grade/video_grade_141.sh	视频调色
video-grade-142	video-grade	video-grade/video_grade_142.sh	视频调色
video-grade-143	video-grade	video-grade/video_grade_143.sh	视频调色
video-grade-144	video-grade	video-grade/video_grade_144.sh	视频调色
video-grade-145	video-grade	video-grade/video_grade_145.sh	视频调色
video-grade-146	video-grade	video-grade/video_grade_146.sh	视频调色
video-grade-147	video-grade	video-grade/video_grade_147.sh	视频调色
video-grade-148	video-grade	video-grade/video_grade_148.sh	视频调色
video-grade-149	video-grade	video-grade/video_grade_149.sh	视频调色
video-grade-150	video-grade	video-grade/video_grade_150.sh	视频调色
video-grade-151	video-grade	video-grade/video_grade_151.sh	视频调色
video-grade-152	video-grade	video-grade/video_grade_152.sh	视频调色
video-grade-153	video-grade	video-grade/video_grade_153.sh	视频调色
video-grade-154	video-grade	video-grade/video_grade_154.sh	视频调色
video-grade-155	video-grade	video-grade/video_grade_155.sh	视频调色
video-grade-156	video-grade	video-grade/video_grade_156.sh	视频调色
video-grade-157	video-grade	video-grade/video_grade_157.sh	视频调色
video-grade-158	video-grade	video-grade/video_grade_158.sh	视频调色
video-grade-159	video-grade	video-grade/video_grade_159.sh	视频调色
video-grade-160	video-grade	video-grade/video_grade_160.sh	视频调色
video-grade-161	video-grade	video-grade/video_grade_161.sh	视频调色
video-grade-162	video-grade	video-grade/video_grade_162.sh	视频调色
video-grade-163	video-grade	video-grade/video_grade_163.sh	视频调色
video-grade-164	video-grade	video-grade/video_grade_164.sh	视频调色
video-grade-165	video-grade	video-grade/video_grade_165.sh	视频调色
video-grade-166	video-grade	video-grade/video_grade_166.sh	视频调色
video-grade-167	video-grade	video-grade/video_grade_167.sh	视频调色
video-grade-168	video-grade	video-grade/video_grade_168.sh	视频调色
video-grade-169	video-grade	video-grade/video_grade_169.sh	视频调色
video-grade-170	video-grade	video-grade/video_grade_170.sh	视频调色
video-grade-171	video-grade	video-grade/video_grade_171.sh	视频调色
video-grade-172	video-grade	video-grade/video_grade_172.sh	视频调色
video-grade-173	video-grade	video-grade/video_grade_173.sh	视频调色
video-grade-174	video-grade	video-grade/video_grade_174.sh	视频调色
video-grade-175	video-grade	video-grade/video_grade_175.sh	视频调色
video-grade-176	video-grade	video-grade/video_grade_176.sh	视频调色
video-grade-177	video-grade	video-grade/video_grade_177.sh	视频调色
video-grade-178	video-grade	video-grade/video_grade_178.sh	视频调色
video-grade-179	video-grade	video-grade/video_grade_179.sh	视频调色
video-grade-180	video-grade	video-grade/video_grade_180.sh	视频调色
video-grade-181	video-grade	video-grade/video_grade_181.sh	视频调色
video-grade-182	video-grade	video-grade/video_grade_182.sh	视频调色
video-grade-183	video-grade	video-grade/video_grade_183.sh	视频调色
video-grade-184	video-grade	video-grade/video_grade_184.sh	视频调色
video-grade-185	video-grade	video-grade/video_grade_185.sh	视频调色
video-grade-186	video-grade	video-grade/video_grade_186.sh	视频调色
video-grade-187	video-grade	video-grade/video_grade_187.sh	视频调色
video-grade-188	video-grade	video-grade/video_grade_188.sh	视频调色
video-grade-189	video-grade	video-grade/video_grade_189.sh	视频调色
video-grade-190	video-grade	video-grade/video_grade_190.sh	视频调色
video-grade-191	video-grade	video-grade/video_grade_191.sh	视频调色
video-grade-192	video-grade	video-grade/video_grade_192.sh	视频调色
video-grade-193	video-grade	video-grade/video_grade_193.sh	视频调色
video-grade-194	video-grade	video-grade/video_grade_194.sh	视频调色
video-grade-195	video-grade	video-grade/video_grade_195.sh	视频调色
video-grade-196	video-grade	video-grade/video_grade_196.sh	视频调色
video-grade-197	video-grade	video-grade/video_grade_197.sh	视频调色
video-grade-198	video-grade	video-grade/video_grade_198.sh	视频调色
video-grade-199	video-grade	video-grade/video_grade_199.sh	视频调色
video-grade-200	video-grade	video-grade/video_grade_200.sh	视频调色
video-grade-201	video-grade	video-grade/video_grade_201.sh	视频调色
video-grade-202	video-grade	video-grade/video_grade_202.sh	视频调色
video-grade-203	video-grade	video-grade/video_grade_203.sh	视频调色
video-grade-204	video-grade	video-grade/video_grade_204.sh	视频调色
video-grade-205	video-grade	video-grade/video_grade_205.sh	视频调色
video-grade-206	video-grade	video-grade/video_grade_206.sh	视频调色
video-grade-207	video-grade	video-grade/video_grade_207.sh	视频调色
video-grade-208	video-grade	video-grade/video_grade_208.sh	视频调色
video-grade-209	video-grade	video-grade/video_grade_209.sh	视频调色
video-grade-210	video-grade	video-grade/video_grade_210.sh	视频调色
video-grade-211	video-grade	video-grade/video_grade_211.sh	视频调色
video-grade-212	video-grade	video-grade/video_grade_212.sh	视频调色
video-grade-213	video-grade	video-grade/video_grade_213.sh	视频调色
video-grade-214	video-grade	video-grade/video_grade_214.sh	视频调色
video-grade-215	video-grade	video-grade/video_grade_215.sh	视频调色
video-grade-216	video-grade	video-grade/video_grade_216.sh	视频调色
video-grade-217	video-grade	video-grade/video_grade_217.sh	视频调色
video-grade-218	video-grade	video-grade/video_grade_218.sh	视频调色
video-grade-219	video-grade	video-grade/video_grade_219.sh	视频调色
video-grade-220	video-grade	video-grade/video_grade_220.sh	视频调色
video-grade-221	video-grade	video-grade/video_grade_221.sh	视频调色
video-grade-222	video-grade	video-grade/video_grade_222.sh	视频调色
video-grade-223	video-grade	video-grade/video_grade_223.sh	视频调色
video-grade-224	video-grade	video-grade/video_grade_224.sh	视频调色
video-grade-225	video-grade	video-grade/video_grade_225.sh	视频调色
video-grade-226	video-grade	video-grade/video_grade_226.sh	视频调色
video-grade-227	video-grade	video-grade/video_grade_227.sh	视频调色
video-grade-228	video-grade	video-grade/video_grade_228.sh	视频调色
video-grade-229	video-grade	video-grade/video_grade_229.sh	视频调色
video-grade-230	video-grade	video-grade/video_grade_230.sh	视频调色
video-grade-231	video-grade	video-grade/video_grade_231.sh	视频调色
video-grade-232	video-grade	video-grade/video_grade_232.sh	视频调色
video-grade-233	video-grade	video-grade/video_grade_233.sh	视频调色
video-grade-234	video-grade	video-grade/video_grade_234.sh	视频调色
video-grade-235	video-grade	video-grade/video_grade_235.sh	视频调色
video-grade-236	video-grade	video-grade/video_grade_236.sh	视频调色
video-grade-237	video-grade	video-grade/video_grade_237.sh	视频调色
video-grade-238	video-grade	video-grade/video_grade_238.sh	视频调色
video-grade-239	video-grade	video-grade/video_grade_239.sh	视频调色
video-grade-240	video-grade	video-grade/video_grade_240.sh	视频调色
video-grade-241	video-grade	video-grade/video_grade_241.sh	视频调色
video-grade-242	video-grade	video-grade/video_grade_242.sh	视频调色
video-grade-243	video-grade	video-grade/video_grade_243.sh	视频调色
video-grade-244	video-grade	video-grade/video_grade_244.sh	视频调色
video-grade-245	video-grade	video-grade/video_grade_245.sh	视频调色
video-grade-246	video-grade	video-grade/video_grade_246.sh	视频调色
video-grade-247	video-grade	video-grade/video_grade_247.sh	视频调色
video-grade-248	video-grade	video-grade/video_grade_248.sh	视频调色
video-grade-249	video-grade	video-grade/video_grade_249.sh	视频调色
video-grade-250	video-grade	video-grade/video_grade_250.sh	视频调色
video-grade-251	video-grade	video-grade/video_grade_251.sh	视频调色
video-grade-252	video-grade	video-grade/video_grade_252.sh	视频调色
video-grade-253	video-grade	video-grade/video_grade_253.sh	视频调色
video-grade-254	video-grade	video-grade/video_grade_254.sh	视频调色
video-grade-255	video-grade	video-grade/video_grade_255.sh	视频调色
video-grade-256	video-grade	video-grade/video_grade_256.sh	视频调色
video-grade-257	video-grade	video-grade/video_grade_257.sh	视频调色
video-grade-258	video-grade	video-grade/video_grade_258.sh	视频调色
video-grade-259	video-grade	video-grade/video_grade_259.sh	视频调色
video-grade-260	video-grade	video-grade/video_grade_260.sh	视频调色
video-grade-261	video-grade	video-grade/video_grade_261.sh	视频调色
video-grade-262	video-grade	video-grade/video_grade_262.sh	视频调色
video-grade-263	video-grade	video-grade/video_grade_263.sh	视频调色
video-grade-264	video-grade	video-grade/video_grade_264.sh	视频调色
video-grade-265	video-grade	video-grade/video_grade_265.sh	视频调色
video-grade-266	video-grade	video-grade/video_grade_266.sh	视频调色
video-grade-267	video-grade	video-grade/video_grade_267.sh	视频调色
video-grade-268	video-grade	video-grade/video_grade_268.sh	视频调色
video-grade-269	video-grade	video-grade/video_grade_269.sh	视频调色
video-grade-270	video-grade	video-grade/video_grade_270.sh	视频调色
video-grade-271	video-grade	video-grade/video_grade_271.sh	视频调色
video-grade-272	video-grade	video-grade/video_grade_272.sh	视频调色
video-grade-273	video-grade	video-grade/video_grade_273.sh	视频调色
video-grade-274	video-grade	video-grade/video_grade_274.sh	视频调色
video-grade-275	video-grade	video-grade/video_grade_275.sh	视频调色
video-grade-276	video-grade	video-grade/video_grade_276.sh	视频调色
video-grade-277	video-grade	video-grade/video_grade_277.sh	视频调色
video-grade-278	video-grade	video-grade/video_grade_278.sh	视频调色
video-grade-279	video-grade	video-grade/video_grade_279.sh	视频调色
video-grade-280	video-grade	video-grade/video_grade_280.sh	视频调色
video-grade-281	video-grade	video-grade/video_grade_281.sh	视频调色
video-grade-282	video-grade	video-grade/video_grade_282.sh	视频调色
video-grade-283	video-grade	video-grade/video_grade_283.sh	视频调色
video-grade-284	video-grade	video-grade/video_grade_284.sh	视频调色
video-grade-285	video-grade	video-grade/video_grade_285.sh	视频调色
video-grade-286	video-grade	video-grade/video_grade_286.sh	视频调色
video-grade-287	video-grade	video-grade/video_grade_287.sh	视频调色
video-grade-288	video-grade	video-grade/video_grade_288.sh	视频调色
video-grade-289	video-grade	video-grade/video_grade_289.sh	视频调色
video-grade-290	video-grade	video-grade/video_grade_290.sh	视频调色
video-grade-291	video-grade	video-grade/video_grade_291.sh	视频调色
video-grade-292	video-grade	video-grade/video_grade_292.sh	视频调色
video-grade-293	video-grade	video-grade/video_grade_293.sh	视频调色
video-grade-294	video-grade	video-grade/video_grade_294.sh	视频调色
video-grade-295	video-grade	video-grade/video_grade_295.sh	视频调色
video-grade-296	video-grade	video-grade/video_grade_296.sh	视频调色
video-grade-297	video-grade	video-grade/video_grade_297.sh	视频调色
video-grade-298	video-grade	video-grade/video_grade_298.sh	视频调色
video-grade-299	video-grade	video-grade/video_grade_299.sh	视频调色
video-grade-300	video-grade	video-grade/video_grade_300.sh	视频调色
video-grade-301	video-grade	video-grade/video_grade_301.sh	视频调色
video-grade-302	video-grade	video-grade/video_grade_302.sh	视频调色
video-grade-303	video-grade	video-grade/video_grade_303.sh	视频调色
video-grade-304	video-grade	video-grade/video_grade_304.sh	视频调色
video-grade-305	video-grade	video-grade/video_grade_305.sh	视频调色
video-grade-306	video-grade	video-grade/video_grade_306.sh	视频调色
video-grade-307	video-grade	video-grade/video_grade_307.sh	视频调色
video-grade-308	video-grade	video-grade/video_grade_308.sh	视频调色
video-grade-309	video-grade	video-grade/video_grade_309.sh	视频调色
video-grade-310	video-grade	video-grade/video_grade_310.sh	视频调色
video-grade-311	video-grade	video-grade/video_grade_311.sh	视频调色
video-grade-312	video-grade	video-grade/video_grade_312.sh	视频调色
video-grade-313	video-grade	video-grade/video_grade_313.sh	视频调色
video-grade-314	video-grade	video-grade/video_grade_314.sh	视频调色
video-grade-315	video-grade	video-grade/video_grade_315.sh	视频调色
video-grade-316	video-grade	video-grade/video_grade_316.sh	视频调色
video-grade-317	video-grade	video-grade/video_grade_317.sh	视频调色
video-grade-318	video-grade	video-grade/video_grade_318.sh	视频调色
video-grade-319	video-grade	video-grade/video_grade_319.sh	视频调色
video-grade-320	video-grade	video-grade/video_grade_320.sh	视频调色
video-grade-321	video-grade	video-grade/video_grade_321.sh	视频调色
video-grade-322	video-grade	video-grade/video_grade_322.sh	视频调色
video-grade-323	video-grade	video-grade/video_grade_323.sh	视频调色
video-grade-324	video-grade	video-grade/video_grade_324.sh	视频调色
video-grade-325	video-grade	video-grade/video_grade_325.sh	视频调色
video-grade-326	video-grade	video-grade/video_grade_326.sh	视频调色
video-grade-327	video-grade	video-grade/video_grade_327.sh	视频调色
video-grade-328	video-grade	video-grade/video_grade_328.sh	视频调色
video-grade-329	video-grade	video-grade/video_grade_329.sh	视频调色
video-grade-330	video-grade	video-grade/video_grade_330.sh	视频调色
video-grade-331	video-grade	video-grade/video_grade_331.sh	视频调色
video-grade-332	video-grade	video-grade/video_grade_332.sh	视频调色
video-grade-333	video-grade	video-grade/video_grade_333.sh	视频调色
video-grade-334	video-grade	video-grade/video_grade_334.sh	视频调色
video-grade-335	video-grade	video-grade/video_grade_335.sh	视频调色
video-grade-336	video-grade	video-grade/video_grade_336.sh	视频调色
video-grade-337	video-grade	video-grade/video_grade_337.sh	视频调色
video-grade-338	video-grade	video-grade/video_grade_338.sh	视频调色
video-grade-339	video-grade	video-grade/video_grade_339.sh	视频调色
video-grade-340	video-grade	video-grade/video_grade_340.sh	视频调色
video-grade-341	video-grade	video-grade/video_grade_341.sh	视频调色
video-grade-342	video-grade	video-grade/video_grade_342.sh	视频调色
video-grade-343	video-grade	video-grade/video_grade_343.sh	视频调色
video-grade-344	video-grade	video-grade/video_grade_344.sh	视频调色
video-grade-345	video-grade	video-grade/video_grade_345.sh	视频调色
video-grade-346	video-grade	video-grade/video_grade_346.sh	视频调色
video-grade-347	video-grade	video-grade/video_grade_347.sh	视频调色
video-grade-348	video-grade	video-grade/video_grade_348.sh	视频调色
video-grade-349	video-grade	video-grade/video_grade_349.sh	视频调色
video-grade-350	video-grade	video-grade/video_grade_350.sh	视频调色
video-grade-351	video-grade	video-grade/video_grade_351.sh	视频调色
video-grade-352	video-grade	video-grade/video_grade_352.sh	视频调色
video-grade-353	video-grade	video-grade/video_grade_353.sh	视频调色
video-grade-354	video-grade	video-grade/video_grade_354.sh	视频调色
video-grade-355	video-grade	video-grade/video_grade_355.sh	视频调色
video-grade-356	video-grade	video-grade/video_grade_356.sh	视频调色
video-grade-357	video-grade	video-grade/video_grade_357.sh	视频调色
video-grade-358	video-grade	video-grade/video_grade_358.sh	视频调色
video-grade-359	video-grade	video-grade/video_grade_359.sh	视频调色
video-grade-360	video-grade	video-grade/video_grade_360.sh	视频调色
video-grade-361	video-grade	video-grade/video_grade_361.sh	视频调色
video-grade-362	video-grade	video-grade/video_grade_362.sh	视频调色
video-grade-363	video-grade	video-grade/video_grade_363.sh	视频调色
video-grade-364	video-grade	video-grade/video_grade_364.sh	视频调色
video-grade-365	video-grade	video-grade/video_grade_365.sh	视频调色
video-grade-366	video-grade	video-grade/video_grade_366.sh	视频调色
video-grade-367	video-grade	video-grade/video_grade_367.sh	视频调色
video-grade-368	video-grade	video-grade/video_grade_368.sh	视频调色
video-grade-369	video-grade	video-grade/video_grade_369.sh	视频调色
video-grade-370	video-grade	video-grade/video_grade_370.sh	视频调色
video-grade-371	video-grade	video-grade/video_grade_371.sh	视频调色
video-grade-372	video-grade	video-grade/video_grade_372.sh	视频调色
video-grade-373	video-grade	video-grade/video_grade_373.sh	视频调色
video-grade-374	video-grade	video-grade/video_grade_374.sh	视频调色
video-grade-375	video-grade	video-grade/video_grade_375.sh	视频调色
video-grade-376	video-grade	video-grade/video_grade_376.sh	视频调色
video-grade-377	video-grade	video-grade/video_grade_377.sh	视频调色
video-grade-378	video-grade	video-grade/video_grade_378.sh	视频调色
video-grade-379	video-grade	video-grade/video_grade_379.sh	视频调色
video-grade-380	video-grade	video-grade/video_grade_380.sh	视频调色
video-grade-381	video-grade	video-grade/video_grade_381.sh	视频调色
video-grade-382	video-grade	video-grade/video_grade_382.sh	视频调色
video-grade-383	video-grade	video-grade/video_grade_383.sh	视频调色
video-grade-384	video-grade	video-grade/video_grade_384.sh	视频调色
video-grade-385	video-grade	video-grade/video_grade_385.sh	视频调色
video-grade-386	video-grade	video-grade/video_grade_386.sh	视频调色
video-grade-387	video-grade	video-grade/video_grade_387.sh	视频调色
video-grade-388	video-grade	video-grade/video_grade_388.sh	视频调色
video-grade-389	video-grade	video-grade/video_grade_389.sh	视频调色
video-grade-390	video-grade	video-grade/video_grade_390.sh	视频调色
video-grade-391	video-grade	video-grade/video_grade_391.sh	视频调色
video-grade-392	video-grade	video-grade/video_grade_392.sh	视频调色
video-grade-393	video-grade	video-grade/video_grade_393.sh	视频调色
video-grade-394	video-grade	video-grade/video_grade_394.sh	视频调色
video-grade-395	video-grade	video-grade/video_grade_395.sh	视频调色
video-grade-396	video-grade	video-grade/video_grade_396.sh	视频调色
video-grade-397	video-grade	video-grade/video_grade_397.sh	视频调色
video-grade-398	video-grade	video-grade/video_grade_398.sh	视频调色
video-grade-399	video-grade	video-grade/video_grade_399.sh	视频调色
video-grade-400	video-grade	video-grade/video_grade_400.sh	视频调色
video-grade-401	video-grade	video-grade/video_grade_401.sh	视频调色
video-grade-402	video-grade	video-grade/video_grade_402.sh	视频调色
video-grade-403	video-grade	video-grade/video_grade_403.sh	视频调色
video-grade-404	video-grade	video-grade/video_grade_404.sh	视频调色
video-grade-405	video-grade	video-grade/video_grade_405.sh	视频调色
video-grade-406	video-grade	video-grade/video_grade_406.sh	视频调色
video-grade-407	video-grade	video-grade/video_grade_407.sh	视频调色
video-grade-408	video-grade	video-grade/video_grade_408.sh	视频调色
video-grade-409	video-grade	video-grade/video_grade_409.sh	视频调色
video-grade-410	video-grade	video-grade/video_grade_410.sh	视频调色
video-grade-411	video-grade	video-grade/video_grade_411.sh	视频调色
video-grade-412	video-grade	video-grade/video_grade_412.sh	视频调色
video-grade-413	video-grade	video-grade/video_grade_413.sh	视频调色
video-grade-414	video-grade	video-grade/video_grade_414.sh	视频调色
video-grade-415	video-grade	video-grade/video_grade_415.sh	视频调色
video-grade-416	video-grade	video-grade/video_grade_416.sh	视频调色
video-grade-417	video-grade	video-grade/video_grade_417.sh	视频调色
video-grade-418	video-grade	video-grade/video_grade_418.sh	视频调色
video-grade-419	video-grade	video-grade/video_grade_419.sh	视频调色
video-grade-420	video-grade	video-grade/video_grade_420.sh	视频调色
video-grade-421	video-grade	video-grade/video_grade_421.sh	视频调色
video-grade-422	video-grade	video-grade/video_grade_422.sh	视频调色
video-grade-423	video-grade	video-grade/video_grade_423.sh	视频调色
video-grade-424	video-grade	video-grade/video_grade_424.sh	视频调色
video-grade-425	video-grade	video-grade/video_grade_425.sh	视频调色
video-grade-426	video-grade	video-grade/video_grade_426.sh	视频调色
video-grade-427	video-grade	video-grade/video_grade_427.sh	视频调色
video-grade-428	video-grade	video-grade/video_grade_428.sh	视频调色
video-grade-429	video-grade	video-grade/video_grade_429.sh	视频调色
video-grade-430	video-grade	video-grade/video_grade_430.sh	视频调色
video-grade-431	video-grade	video-grade/video_grade_431.sh	视频调色
video-grade-432	video-grade	video-grade/video_grade_432.sh	视频调色
video-grade-433	video-grade	video-grade/video_grade_433.sh	视频调色
video-grade-434	video-grade	video-grade/video_grade_434.sh	视频调色
video-grade-435	video-grade	video-grade/video_grade_435.sh	视频调色
video-grade-436	video-grade	video-grade/video_grade_436.sh	视频调色
video-grade-437	video-grade	video-grade/video_grade_437.sh	视频调色
video-grade-438	video-grade	video-grade/video_grade_438.sh	视频调色
video-grade-439	video-grade	video-grade/video_grade_439.sh	视频调色
video-grade-440	video-grade	video-grade/video_grade_440.sh	视频调色
video-grade-441	video-grade	video-grade/video_grade_441.sh	视频调色
video-grade-442	video-grade	video-grade/video_grade_442.sh	视频调色
video-grade-443	video-grade	video-grade/video_grade_443.sh	视频调色
video-grade-444	video-grade	video-grade/video_grade_444.sh	视频调色
video-grade-445	video-grade	video-grade/video_grade_445.sh	视频调色
video-grade-446	video-grade	video-grade/video_grade_446.sh	视频调色
video-grade-447	video-grade	video-grade/video_grade_447.sh	视频调色
video-grade-448	video-grade	video-grade/video_grade_448.sh	视频调色
video-grade-449	video-grade	video-grade/video_grade_449.sh	视频调色
video-grade-450	video-grade	video-grade/video_grade_450.sh	视频调色
video-grade-451	video-grade	video-grade/video_grade_451.sh	视频调色
video-grade-452	video-grade	video-grade/video_grade_452.sh	视频调色
video-grade-453	video-grade	video-grade/video_grade_453.sh	视频调色
video-grade-454	video-grade	video-grade/video_grade_454.sh	视频调色
video-grade-455	video-grade	video-grade/video_grade_455.sh	视频调色
video-grade-456	video-grade	video-grade/video_grade_456.sh	视频调色
video-grade-457	video-grade	video-grade/video_grade_457.sh	视频调色
video-grade-458	video-grade	video-grade/video_grade_458.sh	视频调色
video-grade-459	video-grade	video-grade/video_grade_459.sh	视频调色
video-grade-460	video-grade	video-grade/video_grade_460.sh	视频调色
video-grade-461	video-grade	video-grade/video_grade_461.sh	视频调色
video-grade-462	video-grade	video-grade/video_grade_462.sh	视频调色
video-grade-463	video-grade	video-grade/video_grade_463.sh	视频调色
video-grade-464	video-grade	video-grade/video_grade_464.sh	视频调色
video-grade-465	video-grade	video-grade/video_grade_465.sh	视频调色
video-grade-466	video-grade	video-grade/video_grade_466.sh	视频调色
video-grade-467	video-grade	video-grade/video_grade_467.sh	视频调色
video-grade-468	video-grade	video-grade/video_grade_468.sh	视频调色
video-grade-469	video-grade	video-grade/video_grade_469.sh	视频调色
video-grade-470	video-grade	video-grade/video_grade_470.sh	视频调色
video-grade-471	video-grade	video-grade/video_grade_471.sh	视频调色
video-grade-472	video-grade	video-grade/video_grade_472.sh	视频调色
video-grade-473	video-grade	video-grade/video_grade_473.sh	视频调色
video-grade-474	video-grade	video-grade/video_grade_474.sh	视频调色
video-grade-475	video-grade	video-grade/video_grade_475.sh	视频调色
video-grade-476	video-grade	video-grade/video_grade_476.sh	视频调色
video-grade-477	video-grade	video-grade/video_grade_477.sh	视频调色
video-grade-478	video-grade	video-grade/video_grade_478.sh	视频调色
video-grade-479	video-grade	video-grade/video_grade_479.sh	视频调色
video-grade-480	video-grade	video-grade/video_grade_480.sh	视频调色
video-grade-481	video-grade	video-grade/video_grade_481.sh	视频调色
video-grade-482	video-grade	video-grade/video_grade_482.sh	视频调色
video-grade-483	video-grade	video-grade/video_grade_483.sh	视频调色
video-grade-484	video-grade	video-grade/video_grade_484.sh	视频调色
video-grade-485	video-grade	video-grade/video_grade_485.sh	视频调色
video-grade-486	video-grade	video-grade/video_grade_486.sh	视频调色
video-grade-487	video-grade	video-grade/video_grade_487.sh	视频调色
video-grade-488	video-grade	video-grade/video_grade_488.sh	视频调色
video-motion-001	video-motion	video-motion/video_motion_001.sh	视频运动
video-motion-002	video-motion	video-motion/video_motion_002.sh	视频运动
video-motion-003	video-motion	video-motion/video_motion_003.sh	视频运动
video-motion-004	video-motion	video-motion/video_motion_004.sh	视频运动
video-motion-005	video-motion	video-motion/video_motion_005.sh	视频运动
video-motion-006	video-motion	video-motion/video_motion_006.sh	视频运动
video-motion-007	video-motion	video-motion/video_motion_007.sh	视频运动
video-motion-008	video-motion	video-motion/video_motion_008.sh	视频运动
video-motion-009	video-motion	video-motion/video_motion_009.sh	视频运动
video-motion-010	video-motion	video-motion/video_motion_010.sh	视频运动
video-motion-011	video-motion	video-motion/video_motion_011.sh	视频运动
video-motion-012	video-motion	video-motion/video_motion_012.sh	视频运动
video-motion-013	video-motion	video-motion/video_motion_013.sh	视频运动
video-motion-014	video-motion	video-motion/video_motion_014.sh	视频运动
video-motion-015	video-motion	video-motion/video_motion_015.sh	视频运动
video-motion-016	video-motion	video-motion/video_motion_016.sh	视频运动
video-motion-017	video-motion	video-motion/video_motion_017.sh	视频运动
video-motion-018	video-motion	video-motion/video_motion_018.sh	视频运动
video-motion-019	video-motion	video-motion/video_motion_019.sh	视频运动
video-motion-020	video-motion	video-motion/video_motion_020.sh	视频运动
video-motion-021	video-motion	video-motion/video_motion_021.sh	视频运动
video-motion-022	video-motion	video-motion/video_motion_022.sh	视频运动
video-motion-023	video-motion	video-motion/video_motion_023.sh	视频运动
video-motion-024	video-motion	video-motion/video_motion_024.sh	视频运动
video-motion-025	video-motion	video-motion/video_motion_025.sh	视频运动
video-motion-026	video-motion	video-motion/video_motion_026.sh	视频运动
video-motion-027	video-motion	video-motion/video_motion_027.sh	视频运动
video-motion-028	video-motion	video-motion/video_motion_028.sh	视频运动
video-motion-029	video-motion	video-motion/video_motion_029.sh	视频运动
video-motion-030	video-motion	video-motion/video_motion_030.sh	视频运动
video-motion-031	video-motion	video-motion/video_motion_031.sh	视频运动
video-motion-032	video-motion	video-motion/video_motion_032.sh	视频运动
video-motion-033	video-motion	video-motion/video_motion_033.sh	视频运动
video-motion-034	video-motion	video-motion/video_motion_034.sh	视频运动
video-motion-035	video-motion	video-motion/video_motion_035.sh	视频运动
video-motion-036	video-motion	video-motion/video_motion_036.sh	视频运动
video-motion-037	video-motion	video-motion/video_motion_037.sh	视频运动
video-motion-038	video-motion	video-motion/video_motion_038.sh	视频运动
video-motion-039	video-motion	video-motion/video_motion_039.sh	视频运动
video-motion-040	video-motion	video-motion/video_motion_040.sh	视频运动
video-motion-041	video-motion	video-motion/video_motion_041.sh	视频运动
video-motion-042	video-motion	video-motion/video_motion_042.sh	视频运动
video-motion-043	video-motion	video-motion/video_motion_043.sh	视频运动
video-motion-044	video-motion	video-motion/video_motion_044.sh	视频运动
video-motion-045	video-motion	video-motion/video_motion_045.sh	视频运动
video-motion-046	video-motion	video-motion/video_motion_046.sh	视频运动
video-motion-047	video-motion	video-motion/video_motion_047.sh	视频运动
video-motion-048	video-motion	video-motion/video_motion_048.sh	视频运动
video-motion-049	video-motion	video-motion/video_motion_049.sh	视频运动
video-motion-050	video-motion	video-motion/video_motion_050.sh	视频运动
video-motion-051	video-motion	video-motion/video_motion_051.sh	视频运动
video-motion-052	video-motion	video-motion/video_motion_052.sh	视频运动
video-motion-053	video-motion	video-motion/video_motion_053.sh	视频运动
video-motion-054	video-motion	video-motion/video_motion_054.sh	视频运动
video-motion-055	video-motion	video-motion/video_motion_055.sh	视频运动
video-motion-056	video-motion	video-motion/video_motion_056.sh	视频运动
video-motion-057	video-motion	video-motion/video_motion_057.sh	视频运动
video-motion-058	video-motion	video-motion/video_motion_058.sh	视频运动
video-motion-059	video-motion	video-motion/video_motion_059.sh	视频运动
video-motion-060	video-motion	video-motion/video_motion_060.sh	视频运动
video-motion-061	video-motion	video-motion/video_motion_061.sh	视频运动
video-motion-062	video-motion	video-motion/video_motion_062.sh	视频运动
video-motion-063	video-motion	video-motion/video_motion_063.sh	视频运动
video-motion-064	video-motion	video-motion/video_motion_064.sh	视频运动
video-motion-065	video-motion	video-motion/video_motion_065.sh	视频运动
video-motion-066	video-motion	video-motion/video_motion_066.sh	视频运动
video-motion-067	video-motion	video-motion/video_motion_067.sh	视频运动
video-motion-068	video-motion	video-motion/video_motion_068.sh	视频运动
video-motion-069	video-motion	video-motion/video_motion_069.sh	视频运动
video-motion-070	video-motion	video-motion/video_motion_070.sh	视频运动
video-motion-071	video-motion	video-motion/video_motion_071.sh	视频运动
video-motion-072	video-motion	video-motion/video_motion_072.sh	视频运动
video-motion-073	video-motion	video-motion/video_motion_073.sh	视频运动
video-motion-074	video-motion	video-motion/video_motion_074.sh	视频运动
video-motion-075	video-motion	video-motion/video_motion_075.sh	视频运动
video-motion-076	video-motion	video-motion/video_motion_076.sh	视频运动
video-motion-077	video-motion	video-motion/video_motion_077.sh	视频运动
video-motion-078	video-motion	video-motion/video_motion_078.sh	视频运动
video-motion-079	video-motion	video-motion/video_motion_079.sh	视频运动
video-motion-080	video-motion	video-motion/video_motion_080.sh	视频运动
video-motion-081	video-motion	video-motion/video_motion_081.sh	视频运动
video-motion-082	video-motion	video-motion/video_motion_082.sh	视频运动
video-motion-083	video-motion	video-motion/video_motion_083.sh	视频运动
video-motion-084	video-motion	video-motion/video_motion_084.sh	视频运动
video-motion-085	video-motion	video-motion/video_motion_085.sh	视频运动
video-motion-086	video-motion	video-motion/video_motion_086.sh	视频运动
video-motion-087	video-motion	video-motion/video_motion_087.sh	视频运动
video-motion-088	video-motion	video-motion/video_motion_088.sh	视频运动
video-motion-089	video-motion	video-motion/video_motion_089.sh	视频运动
video-motion-090	video-motion	video-motion/video_motion_090.sh	视频运动
video-motion-091	video-motion	video-motion/video_motion_091.sh	视频运动
video-motion-092	video-motion	video-motion/video_motion_092.sh	视频运动
video-motion-093	video-motion	video-motion/video_motion_093.sh	视频运动
video-motion-094	video-motion	video-motion/video_motion_094.sh	视频运动
video-motion-095	video-motion	video-motion/video_motion_095.sh	视频运动
video-motion-096	video-motion	video-motion/video_motion_096.sh	视频运动
video-motion-097	video-motion	video-motion/video_motion_097.sh	视频运动
video-motion-098	video-motion	video-motion/video_motion_098.sh	视频运动
video-motion-099	video-motion	video-motion/video_motion_099.sh	视频运动
video-motion-100	video-motion	video-motion/video_motion_100.sh	视频运动
video-motion-101	video-motion	video-motion/video_motion_101.sh	视频运动
video-motion-102	video-motion	video-motion/video_motion_102.sh	视频运动
video-motion-103	video-motion	video-motion/video_motion_103.sh	视频运动
video-motion-104	video-motion	video-motion/video_motion_104.sh	视频运动
video-motion-105	video-motion	video-motion/video_motion_105.sh	视频运动
video-motion-106	video-motion	video-motion/video_motion_106.sh	视频运动
video-motion-107	video-motion	video-motion/video_motion_107.sh	视频运动
video-motion-108	video-motion	video-motion/video_motion_108.sh	视频运动
video-motion-109	video-motion	video-motion/video_motion_109.sh	视频运动
video-motion-110	video-motion	video-motion/video_motion_110.sh	视频运动
video-motion-111	video-motion	video-motion/video_motion_111.sh	视频运动
video-motion-112	video-motion	video-motion/video_motion_112.sh	视频运动
video-motion-113	video-motion	video-motion/video_motion_113.sh	视频运动
video-motion-114	video-motion	video-motion/video_motion_114.sh	视频运动
video-motion-115	video-motion	video-motion/video_motion_115.sh	视频运动
video-motion-116	video-motion	video-motion/video_motion_116.sh	视频运动
video-motion-117	video-motion	video-motion/video_motion_117.sh	视频运动
video-motion-118	video-motion	video-motion/video_motion_118.sh	视频运动
video-motion-119	video-motion	video-motion/video_motion_119.sh	视频运动
video-motion-120	video-motion	video-motion/video_motion_120.sh	视频运动
video-motion-121	video-motion	video-motion/video_motion_121.sh	视频运动
video-motion-122	video-motion	video-motion/video_motion_122.sh	视频运动
video-motion-123	video-motion	video-motion/video_motion_123.sh	视频运动
video-motion-124	video-motion	video-motion/video_motion_124.sh	视频运动
video-motion-125	video-motion	video-motion/video_motion_125.sh	视频运动
video-motion-126	video-motion	video-motion/video_motion_126.sh	视频运动
video-motion-127	video-motion	video-motion/video_motion_127.sh	视频运动
video-motion-128	video-motion	video-motion/video_motion_128.sh	视频运动
video-motion-129	video-motion	video-motion/video_motion_129.sh	视频运动
video-motion-130	video-motion	video-motion/video_motion_130.sh	视频运动
video-motion-131	video-motion	video-motion/video_motion_131.sh	视频运动
video-motion-132	video-motion	video-motion/video_motion_132.sh	视频运动
video-motion-133	video-motion	video-motion/video_motion_133.sh	视频运动
video-motion-134	video-motion	video-motion/video_motion_134.sh	视频运动
video-motion-135	video-motion	video-motion/video_motion_135.sh	视频运动
video-motion-136	video-motion	video-motion/video_motion_136.sh	视频运动
video-motion-137	video-motion	video-motion/video_motion_137.sh	视频运动
video-motion-138	video-motion	video-motion/video_motion_138.sh	视频运动
video-motion-139	video-motion	video-motion/video_motion_139.sh	视频运动
video-motion-140	video-motion	video-motion/video_motion_140.sh	视频运动
video-motion-141	video-motion	video-motion/video_motion_141.sh	视频运动
video-motion-142	video-motion	video-motion/video_motion_142.sh	视频运动
video-motion-143	video-motion	video-motion/video_motion_143.sh	视频运动
video-motion-144	video-motion	video-motion/video_motion_144.sh	视频运动
video-motion-145	video-motion	video-motion/video_motion_145.sh	视频运动
video-motion-146	video-motion	video-motion/video_motion_146.sh	视频运动
video-motion-147	video-motion	video-motion/video_motion_147.sh	视频运动
video-motion-148	video-motion	video-motion/video_motion_148.sh	视频运动
video-motion-149	video-motion	video-motion/video_motion_149.sh	视频运动
video-motion-150	video-motion	video-motion/video_motion_150.sh	视频运动
video-motion-151	video-motion	video-motion/video_motion_151.sh	视频运动
video-motion-152	video-motion	video-motion/video_motion_152.sh	视频运动
video-motion-153	video-motion	video-motion/video_motion_153.sh	视频运动
video-motion-154	video-motion	video-motion/video_motion_154.sh	视频运动
video-motion-155	video-motion	video-motion/video_motion_155.sh	视频运动
video-motion-156	video-motion	video-motion/video_motion_156.sh	视频运动
video-motion-157	video-motion	video-motion/video_motion_157.sh	视频运动
video-motion-158	video-motion	video-motion/video_motion_158.sh	视频运动
video-motion-159	video-motion	video-motion/video_motion_159.sh	视频运动
video-motion-160	video-motion	video-motion/video_motion_160.sh	视频运动
video-motion-161	video-motion	video-motion/video_motion_161.sh	视频运动
video-motion-162	video-motion	video-motion/video_motion_162.sh	视频运动
video-motion-163	video-motion	video-motion/video_motion_163.sh	视频运动
video-motion-164	video-motion	video-motion/video_motion_164.sh	视频运动
video-motion-165	video-motion	video-motion/video_motion_165.sh	视频运动
video-motion-166	video-motion	video-motion/video_motion_166.sh	视频运动
video-motion-167	video-motion	video-motion/video_motion_167.sh	视频运动
video-motion-168	video-motion	video-motion/video_motion_168.sh	视频运动
video-motion-169	video-motion	video-motion/video_motion_169.sh	视频运动
video-motion-170	video-motion	video-motion/video_motion_170.sh	视频运动
video-motion-171	video-motion	video-motion/video_motion_171.sh	视频运动
video-motion-172	video-motion	video-motion/video_motion_172.sh	视频运动
video-motion-173	video-motion	video-motion/video_motion_173.sh	视频运动
video-motion-174	video-motion	video-motion/video_motion_174.sh	视频运动
video-motion-175	video-motion	video-motion/video_motion_175.sh	视频运动
video-motion-176	video-motion	video-motion/video_motion_176.sh	视频运动
video-motion-177	video-motion	video-motion/video_motion_177.sh	视频运动
video-motion-178	video-motion	video-motion/video_motion_178.sh	视频运动
video-motion-179	video-motion	video-motion/video_motion_179.sh	视频运动
video-motion-180	video-motion	video-motion/video_motion_180.sh	视频运动
video-motion-181	video-motion	video-motion/video_motion_181.sh	视频运动
video-motion-182	video-motion	video-motion/video_motion_182.sh	视频运动
video-motion-183	video-motion	video-motion/video_motion_183.sh	视频运动
video-motion-184	video-motion	video-motion/video_motion_184.sh	视频运动
video-motion-185	video-motion	video-motion/video_motion_185.sh	视频运动
video-motion-186	video-motion	video-motion/video_motion_186.sh	视频运动
video-motion-187	video-motion	video-motion/video_motion_187.sh	视频运动
video-motion-188	video-motion	video-motion/video_motion_188.sh	视频运动
video-motion-189	video-motion	video-motion/video_motion_189.sh	视频运动
video-motion-190	video-motion	video-motion/video_motion_190.sh	视频运动
video-motion-191	video-motion	video-motion/video_motion_191.sh	视频运动
video-motion-192	video-motion	video-motion/video_motion_192.sh	视频运动
video-motion-193	video-motion	video-motion/video_motion_193.sh	视频运动
video-motion-194	video-motion	video-motion/video_motion_194.sh	视频运动
video-motion-195	video-motion	video-motion/video_motion_195.sh	视频运动
video-motion-196	video-motion	video-motion/video_motion_196.sh	视频运动
video-motion-197	video-motion	video-motion/video_motion_197.sh	视频运动
video-motion-198	video-motion	video-motion/video_motion_198.sh	视频运动
video-motion-199	video-motion	video-motion/video_motion_199.sh	视频运动
video-motion-200	video-motion	video-motion/video_motion_200.sh	视频运动
video-motion-201	video-motion	video-motion/video_motion_201.sh	视频运动
video-motion-202	video-motion	video-motion/video_motion_202.sh	视频运动
video-motion-203	video-motion	video-motion/video_motion_203.sh	视频运动
video-motion-204	video-motion	video-motion/video_motion_204.sh	视频运动
video-motion-205	video-motion	video-motion/video_motion_205.sh	视频运动
video-motion-206	video-motion	video-motion/video_motion_206.sh	视频运动
video-motion-207	video-motion	video-motion/video_motion_207.sh	视频运动
video-motion-208	video-motion	video-motion/video_motion_208.sh	视频运动
video-motion-209	video-motion	video-motion/video_motion_209.sh	视频运动
video-motion-210	video-motion	video-motion/video_motion_210.sh	视频运动
video-motion-211	video-motion	video-motion/video_motion_211.sh	视频运动
video-motion-212	video-motion	video-motion/video_motion_212.sh	视频运动
video-motion-213	video-motion	video-motion/video_motion_213.sh	视频运动
video-motion-214	video-motion	video-motion/video_motion_214.sh	视频运动
video-motion-215	video-motion	video-motion/video_motion_215.sh	视频运动
video-motion-216	video-motion	video-motion/video_motion_216.sh	视频运动
video-motion-217	video-motion	video-motion/video_motion_217.sh	视频运动
video-motion-218	video-motion	video-motion/video_motion_218.sh	视频运动
video-motion-219	video-motion	video-motion/video_motion_219.sh	视频运动
video-motion-220	video-motion	video-motion/video_motion_220.sh	视频运动
video-motion-221	video-motion	video-motion/video_motion_221.sh	视频运动
video-motion-222	video-motion	video-motion/video_motion_222.sh	视频运动
video-motion-223	video-motion	video-motion/video_motion_223.sh	视频运动
video-motion-224	video-motion	video-motion/video_motion_224.sh	视频运动
video-motion-225	video-motion	video-motion/video_motion_225.sh	视频运动
video-motion-226	video-motion	video-motion/video_motion_226.sh	视频运动
video-motion-227	video-motion	video-motion/video_motion_227.sh	视频运动
video-motion-228	video-motion	video-motion/video_motion_228.sh	视频运动
video-motion-229	video-motion	video-motion/video_motion_229.sh	视频运动
video-motion-230	video-motion	video-motion/video_motion_230.sh	视频运动
video-motion-231	video-motion	video-motion/video_motion_231.sh	视频运动
video-motion-232	video-motion	video-motion/video_motion_232.sh	视频运动
video-motion-233	video-motion	video-motion/video_motion_233.sh	视频运动
video-motion-234	video-motion	video-motion/video_motion_234.sh	视频运动
video-motion-235	video-motion	video-motion/video_motion_235.sh	视频运动
video-motion-236	video-motion	video-motion/video_motion_236.sh	视频运动
video-motion-237	video-motion	video-motion/video_motion_237.sh	视频运动
video-motion-238	video-motion	video-motion/video_motion_238.sh	视频运动
video-motion-239	video-motion	video-motion/video_motion_239.sh	视频运动
video-motion-240	video-motion	video-motion/video_motion_240.sh	视频运动
video-motion-241	video-motion	video-motion/video_motion_241.sh	视频运动
video-motion-242	video-motion	video-motion/video_motion_242.sh	视频运动
video-motion-243	video-motion	video-motion/video_motion_243.sh	视频运动
video-motion-244	video-motion	video-motion/video_motion_244.sh	视频运动
video-motion-245	video-motion	video-motion/video_motion_245.sh	视频运动
video-motion-246	video-motion	video-motion/video_motion_246.sh	视频运动
video-motion-247	video-motion	video-motion/video_motion_247.sh	视频运动
video-motion-248	video-motion	video-motion/video_motion_248.sh	视频运动
video-motion-249	video-motion	video-motion/video_motion_249.sh	视频运动
video-motion-250	video-motion	video-motion/video_motion_250.sh	视频运动
video-motion-251	video-motion	video-motion/video_motion_251.sh	视频运动
video-motion-252	video-motion	video-motion/video_motion_252.sh	视频运动
video-motion-253	video-motion	video-motion/video_motion_253.sh	视频运动
video-motion-254	video-motion	video-motion/video_motion_254.sh	视频运动
video-motion-255	video-motion	video-motion/video_motion_255.sh	视频运动
video-motion-256	video-motion	video-motion/video_motion_256.sh	视频运动
video-motion-257	video-motion	video-motion/video_motion_257.sh	视频运动
video-motion-258	video-motion	video-motion/video_motion_258.sh	视频运动
video-motion-259	video-motion	video-motion/video_motion_259.sh	视频运动
video-motion-260	video-motion	video-motion/video_motion_260.sh	视频运动
video-motion-261	video-motion	video-motion/video_motion_261.sh	视频运动
video-motion-262	video-motion	video-motion/video_motion_262.sh	视频运动
video-motion-263	video-motion	video-motion/video_motion_263.sh	视频运动
video-motion-264	video-motion	video-motion/video_motion_264.sh	视频运动
video-motion-265	video-motion	video-motion/video_motion_265.sh	视频运动
video-motion-266	video-motion	video-motion/video_motion_266.sh	视频运动
video-motion-267	video-motion	video-motion/video_motion_267.sh	视频运动
video-motion-268	video-motion	video-motion/video_motion_268.sh	视频运动
video-motion-269	video-motion	video-motion/video_motion_269.sh	视频运动
video-motion-270	video-motion	video-motion/video_motion_270.sh	视频运动
video-motion-271	video-motion	video-motion/video_motion_271.sh	视频运动
video-motion-272	video-motion	video-motion/video_motion_272.sh	视频运动
video-motion-273	video-motion	video-motion/video_motion_273.sh	视频运动
video-motion-274	video-motion	video-motion/video_motion_274.sh	视频运动
video-motion-275	video-motion	video-motion/video_motion_275.sh	视频运动
video-motion-276	video-motion	video-motion/video_motion_276.sh	视频运动
video-motion-277	video-motion	video-motion/video_motion_277.sh	视频运动
video-motion-278	video-motion	video-motion/video_motion_278.sh	视频运动
video-motion-279	video-motion	video-motion/video_motion_279.sh	视频运动
video-motion-280	video-motion	video-motion/video_motion_280.sh	视频运动
video-motion-281	video-motion	video-motion/video_motion_281.sh	视频运动
video-motion-282	video-motion	video-motion/video_motion_282.sh	视频运动
video-motion-283	video-motion	video-motion/video_motion_283.sh	视频运动
video-motion-284	video-motion	video-motion/video_motion_284.sh	视频运动
video-motion-285	video-motion	video-motion/video_motion_285.sh	视频运动
video-motion-286	video-motion	video-motion/video_motion_286.sh	视频运动
video-motion-287	video-motion	video-motion/video_motion_287.sh	视频运动
video-motion-288	video-motion	video-motion/video_motion_288.sh	视频运动
video-motion-289	video-motion	video-motion/video_motion_289.sh	视频运动
video-motion-290	video-motion	video-motion/video_motion_290.sh	视频运动
video-motion-291	video-motion	video-motion/video_motion_291.sh	视频运动
video-motion-292	video-motion	video-motion/video_motion_292.sh	视频运动
video-motion-293	video-motion	video-motion/video_motion_293.sh	视频运动
video-motion-294	video-motion	video-motion/video_motion_294.sh	视频运动
video-motion-295	video-motion	video-motion/video_motion_295.sh	视频运动
video-motion-296	video-motion	video-motion/video_motion_296.sh	视频运动
video-motion-297	video-motion	video-motion/video_motion_297.sh	视频运动
video-motion-298	video-motion	video-motion/video_motion_298.sh	视频运动
video-motion-299	video-motion	video-motion/video_motion_299.sh	视频运动
video-motion-300	video-motion	video-motion/video_motion_300.sh	视频运动
video-motion-301	video-motion	video-motion/video_motion_301.sh	视频运动
video-motion-302	video-motion	video-motion/video_motion_302.sh	视频运动
video-motion-303	video-motion	video-motion/video_motion_303.sh	视频运动
video-motion-304	video-motion	video-motion/video_motion_304.sh	视频运动
video-motion-305	video-motion	video-motion/video_motion_305.sh	视频运动
video-motion-306	video-motion	video-motion/video_motion_306.sh	视频运动
video-motion-307	video-motion	video-motion/video_motion_307.sh	视频运动
video-motion-308	video-motion	video-motion/video_motion_308.sh	视频运动
video-motion-309	video-motion	video-motion/video_motion_309.sh	视频运动
video-motion-310	video-motion	video-motion/video_motion_310.sh	视频运动
video-motion-311	video-motion	video-motion/video_motion_311.sh	视频运动
video-motion-312	video-motion	video-motion/video_motion_312.sh	视频运动
video-motion-313	video-motion	video-motion/video_motion_313.sh	视频运动
video-motion-314	video-motion	video-motion/video_motion_314.sh	视频运动
video-motion-315	video-motion	video-motion/video_motion_315.sh	视频运动
video-motion-316	video-motion	video-motion/video_motion_316.sh	视频运动
video-motion-317	video-motion	video-motion/video_motion_317.sh	视频运动
video-motion-318	video-motion	video-motion/video_motion_318.sh	视频运动
video-motion-319	video-motion	video-motion/video_motion_319.sh	视频运动
video-motion-320	video-motion	video-motion/video_motion_320.sh	视频运动
video-motion-321	video-motion	video-motion/video_motion_321.sh	视频运动
video-motion-322	video-motion	video-motion/video_motion_322.sh	视频运动
video-motion-323	video-motion	video-motion/video_motion_323.sh	视频运动
video-motion-324	video-motion	video-motion/video_motion_324.sh	视频运动
video-motion-325	video-motion	video-motion/video_motion_325.sh	视频运动
video-motion-326	video-motion	video-motion/video_motion_326.sh	视频运动
video-motion-327	video-motion	video-motion/video_motion_327.sh	视频运动
video-motion-328	video-motion	video-motion/video_motion_328.sh	视频运动
video-motion-329	video-motion	video-motion/video_motion_329.sh	视频运动
video-motion-330	video-motion	video-motion/video_motion_330.sh	视频运动
video-motion-331	video-motion	video-motion/video_motion_331.sh	视频运动
video-motion-332	video-motion	video-motion/video_motion_332.sh	视频运动
video-motion-333	video-motion	video-motion/video_motion_333.sh	视频运动
video-motion-334	video-motion	video-motion/video_motion_334.sh	视频运动
video-motion-335	video-motion	video-motion/video_motion_335.sh	视频运动
video-motion-336	video-motion	video-motion/video_motion_336.sh	视频运动
video-motion-337	video-motion	video-motion/video_motion_337.sh	视频运动
video-motion-338	video-motion	video-motion/video_motion_338.sh	视频运动
video-motion-339	video-motion	video-motion/video_motion_339.sh	视频运动
video-motion-340	video-motion	video-motion/video_motion_340.sh	视频运动
video-motion-341	video-motion	video-motion/video_motion_341.sh	视频运动
video-motion-342	video-motion	video-motion/video_motion_342.sh	视频运动
video-motion-343	video-motion	video-motion/video_motion_343.sh	视频运动
video-motion-344	video-motion	video-motion/video_motion_344.sh	视频运动
video-motion-345	video-motion	video-motion/video_motion_345.sh	视频运动
video-motion-346	video-motion	video-motion/video_motion_346.sh	视频运动
video-motion-347	video-motion	video-motion/video_motion_347.sh	视频运动
video-motion-348	video-motion	video-motion/video_motion_348.sh	视频运动
video-motion-349	video-motion	video-motion/video_motion_349.sh	视频运动
video-motion-350	video-motion	video-motion/video_motion_350.sh	视频运动
video-motion-351	video-motion	video-motion/video_motion_351.sh	视频运动
video-motion-352	video-motion	video-motion/video_motion_352.sh	视频运动
video-motion-353	video-motion	video-motion/video_motion_353.sh	视频运动
video-motion-354	video-motion	video-motion/video_motion_354.sh	视频运动
video-motion-355	video-motion	video-motion/video_motion_355.sh	视频运动
video-motion-356	video-motion	video-motion/video_motion_356.sh	视频运动
video-motion-357	video-motion	video-motion/video_motion_357.sh	视频运动
video-motion-358	video-motion	video-motion/video_motion_358.sh	视频运动
video-motion-359	video-motion	video-motion/video_motion_359.sh	视频运动
video-motion-360	video-motion	video-motion/video_motion_360.sh	视频运动
video-motion-361	video-motion	video-motion/video_motion_361.sh	视频运动
video-motion-362	video-motion	video-motion/video_motion_362.sh	视频运动
video-motion-363	video-motion	video-motion/video_motion_363.sh	视频运动
video-motion-364	video-motion	video-motion/video_motion_364.sh	视频运动
video-motion-365	video-motion	video-motion/video_motion_365.sh	视频运动
video-motion-366	video-motion	video-motion/video_motion_366.sh	视频运动
video-motion-367	video-motion	video-motion/video_motion_367.sh	视频运动
video-motion-368	video-motion	video-motion/video_motion_368.sh	视频运动
video-motion-369	video-motion	video-motion/video_motion_369.sh	视频运动
video-motion-370	video-motion	video-motion/video_motion_370.sh	视频运动
video-motion-371	video-motion	video-motion/video_motion_371.sh	视频运动
video-motion-372	video-motion	video-motion/video_motion_372.sh	视频运动
video-motion-373	video-motion	video-motion/video_motion_373.sh	视频运动
video-motion-374	video-motion	video-motion/video_motion_374.sh	视频运动
video-motion-375	video-motion	video-motion/video_motion_375.sh	视频运动
video-motion-376	video-motion	video-motion/video_motion_376.sh	视频运动
video-motion-377	video-motion	video-motion/video_motion_377.sh	视频运动
video-motion-378	video-motion	video-motion/video_motion_378.sh	视频运动
video-motion-379	video-motion	video-motion/video_motion_379.sh	视频运动
video-motion-380	video-motion	video-motion/video_motion_380.sh	视频运动
video-motion-381	video-motion	video-motion/video_motion_381.sh	视频运动
video-motion-382	video-motion	video-motion/video_motion_382.sh	视频运动
video-motion-383	video-motion	video-motion/video_motion_383.sh	视频运动
video-motion-384	video-motion	video-motion/video_motion_384.sh	视频运动
video-motion-385	video-motion	video-motion/video_motion_385.sh	视频运动
video-motion-386	video-motion	video-motion/video_motion_386.sh	视频运动
video-motion-387	video-motion	video-motion/video_motion_387.sh	视频运动
video-motion-388	video-motion	video-motion/video_motion_388.sh	视频运动
video-motion-389	video-motion	video-motion/video_motion_389.sh	视频运动
video-motion-390	video-motion	video-motion/video_motion_390.sh	视频运动
video-motion-391	video-motion	video-motion/video_motion_391.sh	视频运动
video-motion-392	video-motion	video-motion/video_motion_392.sh	视频运动
video-motion-393	video-motion	video-motion/video_motion_393.sh	视频运动
video-motion-394	video-motion	video-motion/video_motion_394.sh	视频运动
video-motion-395	video-motion	video-motion/video_motion_395.sh	视频运动
video-motion-396	video-motion	video-motion/video_motion_396.sh	视频运动
video-motion-397	video-motion	video-motion/video_motion_397.sh	视频运动
video-motion-398	video-motion	video-motion/video_motion_398.sh	视频运动
video-motion-399	video-motion	video-motion/video_motion_399.sh	视频运动
video-motion-400	video-motion	video-motion/video_motion_400.sh	视频运动
video-motion-401	video-motion	video-motion/video_motion_401.sh	视频运动
video-motion-402	video-motion	video-motion/video_motion_402.sh	视频运动
video-motion-403	video-motion	video-motion/video_motion_403.sh	视频运动
video-motion-404	video-motion	video-motion/video_motion_404.sh	视频运动
video-motion-405	video-motion	video-motion/video_motion_405.sh	视频运动
video-motion-406	video-motion	video-motion/video_motion_406.sh	视频运动
video-motion-407	video-motion	video-motion/video_motion_407.sh	视频运动
video-motion-408	video-motion	video-motion/video_motion_408.sh	视频运动
video-motion-409	video-motion	video-motion/video_motion_409.sh	视频运动
video-motion-410	video-motion	video-motion/video_motion_410.sh	视频运动
video-motion-411	video-motion	video-motion/video_motion_411.sh	视频运动
video-motion-412	video-motion	video-motion/video_motion_412.sh	视频运动
video-motion-413	video-motion	video-motion/video_motion_413.sh	视频运动
video-motion-414	video-motion	video-motion/video_motion_414.sh	视频运动
video-motion-415	video-motion	video-motion/video_motion_415.sh	视频运动
video-motion-416	video-motion	video-motion/video_motion_416.sh	视频运动
video-motion-417	video-motion	video-motion/video_motion_417.sh	视频运动
video-motion-418	video-motion	video-motion/video_motion_418.sh	视频运动
video-motion-419	video-motion	video-motion/video_motion_419.sh	视频运动
video-motion-420	video-motion	video-motion/video_motion_420.sh	视频运动
video-motion-421	video-motion	video-motion/video_motion_421.sh	视频运动
video-motion-422	video-motion	video-motion/video_motion_422.sh	视频运动
video-motion-423	video-motion	video-motion/video_motion_423.sh	视频运动
video-motion-424	video-motion	video-motion/video_motion_424.sh	视频运动
video-motion-425	video-motion	video-motion/video_motion_425.sh	视频运动
video-motion-426	video-motion	video-motion/video_motion_426.sh	视频运动
video-motion-427	video-motion	video-motion/video_motion_427.sh	视频运动
video-motion-428	video-motion	video-motion/video_motion_428.sh	视频运动
video-motion-429	video-motion	video-motion/video_motion_429.sh	视频运动
video-motion-430	video-motion	video-motion/video_motion_430.sh	视频运动
video-motion-431	video-motion	video-motion/video_motion_431.sh	视频运动
video-motion-432	video-motion	video-motion/video_motion_432.sh	视频运动
video-motion-433	video-motion	video-motion/video_motion_433.sh	视频运动
video-motion-434	video-motion	video-motion/video_motion_434.sh	视频运动
video-motion-435	video-motion	video-motion/video_motion_435.sh	视频运动
video-motion-436	video-motion	video-motion/video_motion_436.sh	视频运动
video-motion-437	video-motion	video-motion/video_motion_437.sh	视频运动
video-motion-438	video-motion	video-motion/video_motion_438.sh	视频运动
video-motion-439	video-motion	video-motion/video_motion_439.sh	视频运动
video-motion-440	video-motion	video-motion/video_motion_440.sh	视频运动
video-motion-441	video-motion	video-motion/video_motion_441.sh	视频运动
video-motion-442	video-motion	video-motion/video_motion_442.sh	视频运动
video-motion-443	video-motion	video-motion/video_motion_443.sh	视频运动
video-motion-444	video-motion	video-motion/video_motion_444.sh	视频运动
video-motion-445	video-motion	video-motion/video_motion_445.sh	视频运动
video-motion-446	video-motion	video-motion/video_motion_446.sh	视频运动
video-motion-447	video-motion	video-motion/video_motion_447.sh	视频运动
video-motion-448	video-motion	video-motion/video_motion_448.sh	视频运动
video-motion-449	video-motion	video-motion/video_motion_449.sh	视频运动
video-motion-450	video-motion	video-motion/video_motion_450.sh	视频运动
video-motion-451	video-motion	video-motion/video_motion_451.sh	视频运动
video-motion-452	video-motion	video-motion/video_motion_452.sh	视频运动
video-motion-453	video-motion	video-motion/video_motion_453.sh	视频运动
video-motion-454	video-motion	video-motion/video_motion_454.sh	视频运动
video-motion-455	video-motion	video-motion/video_motion_455.sh	视频运动
video-motion-456	video-motion	video-motion/video_motion_456.sh	视频运动
video-motion-457	video-motion	video-motion/video_motion_457.sh	视频运动
video-motion-458	video-motion	video-motion/video_motion_458.sh	视频运动
video-motion-459	video-motion	video-motion/video_motion_459.sh	视频运动
video-motion-460	video-motion	video-motion/video_motion_460.sh	视频运动
video-motion-461	video-motion	video-motion/video_motion_461.sh	视频运动
video-motion-462	video-motion	video-motion/video_motion_462.sh	视频运动
video-motion-463	video-motion	video-motion/video_motion_463.sh	视频运动
video-motion-464	video-motion	video-motion/video_motion_464.sh	视频运动
video-motion-465	video-motion	video-motion/video_motion_465.sh	视频运动
video-motion-466	video-motion	video-motion/video_motion_466.sh	视频运动
video-motion-467	video-motion	video-motion/video_motion_467.sh	视频运动
video-motion-468	video-motion	video-motion/video_motion_468.sh	视频运动
video-motion-469	video-motion	video-motion/video_motion_469.sh	视频运动
video-motion-470	video-motion	video-motion/video_motion_470.sh	视频运动
video-motion-471	video-motion	video-motion/video_motion_471.sh	视频运动
video-motion-472	video-motion	video-motion/video_motion_472.sh	视频运动
video-motion-473	video-motion	video-motion/video_motion_473.sh	视频运动
video-motion-474	video-motion	video-motion/video_motion_474.sh	视频运动
video-motion-475	video-motion	video-motion/video_motion_475.sh	视频运动
video-motion-476	video-motion	video-motion/video_motion_476.sh	视频运动
video-motion-477	video-motion	video-motion/video_motion_477.sh	视频运动
video-motion-478	video-motion	video-motion/video_motion_478.sh	视频运动
video-motion-479	video-motion	video-motion/video_motion_479.sh	视频运动
video-motion-480	video-motion	video-motion/video_motion_480.sh	视频运动
video-motion-481	video-motion	video-motion/video_motion_481.sh	视频运动
video-motion-482	video-motion	video-motion/video_motion_482.sh	视频运动
video-motion-483	video-motion	video-motion/video_motion_483.sh	视频运动
video-motion-484	video-motion	video-motion/video_motion_484.sh	视频运动
video-motion-485	video-motion	video-motion/video_motion_485.sh	视频运动
video-motion-486	video-motion	video-motion/video_motion_486.sh	视频运动
video-motion-487	video-motion	video-motion/video_motion_487.sh	视频运动
video-motion-488	video-motion	video-motion/video_motion_488.sh	视频运动
video-quality-001	video-quality	video-quality/video_quality_001.sh	视频质量
video-quality-002	video-quality	video-quality/video_quality_002.sh	视频质量
video-quality-003	video-quality	video-quality/video_quality_003.sh	视频质量
video-quality-004	video-quality	video-quality/video_quality_004.sh	视频质量
video-quality-005	video-quality	video-quality/video_quality_005.sh	视频质量
video-quality-006	video-quality	video-quality/video_quality_006.sh	视频质量
video-quality-007	video-quality	video-quality/video_quality_007.sh	视频质量
video-quality-008	video-quality	video-quality/video_quality_008.sh	视频质量
video-quality-009	video-quality	video-quality/video_quality_009.sh	视频质量
video-quality-010	video-quality	video-quality/video_quality_010.sh	视频质量
video-quality-011	video-quality	video-quality/video_quality_011.sh	视频质量
video-quality-012	video-quality	video-quality/video_quality_012.sh	视频质量
video-quality-013	video-quality	video-quality/video_quality_013.sh	视频质量
video-quality-014	video-quality	video-quality/video_quality_014.sh	视频质量
video-quality-015	video-quality	video-quality/video_quality_015.sh	视频质量
video-quality-016	video-quality	video-quality/video_quality_016.sh	视频质量
video-quality-017	video-quality	video-quality/video_quality_017.sh	视频质量
video-quality-018	video-quality	video-quality/video_quality_018.sh	视频质量
video-quality-019	video-quality	video-quality/video_quality_019.sh	视频质量
video-quality-020	video-quality	video-quality/video_quality_020.sh	视频质量
video-quality-021	video-quality	video-quality/video_quality_021.sh	视频质量
video-quality-022	video-quality	video-quality/video_quality_022.sh	视频质量
video-quality-023	video-quality	video-quality/video_quality_023.sh	视频质量
video-quality-024	video-quality	video-quality/video_quality_024.sh	视频质量
video-quality-025	video-quality	video-quality/video_quality_025.sh	视频质量
video-quality-026	video-quality	video-quality/video_quality_026.sh	视频质量
video-quality-027	video-quality	video-quality/video_quality_027.sh	视频质量
video-quality-028	video-quality	video-quality/video_quality_028.sh	视频质量
video-quality-029	video-quality	video-quality/video_quality_029.sh	视频质量
video-quality-030	video-quality	video-quality/video_quality_030.sh	视频质量
video-quality-031	video-quality	video-quality/video_quality_031.sh	视频质量
video-quality-032	video-quality	video-quality/video_quality_032.sh	视频质量
video-quality-033	video-quality	video-quality/video_quality_033.sh	视频质量
video-quality-034	video-quality	video-quality/video_quality_034.sh	视频质量
video-quality-035	video-quality	video-quality/video_quality_035.sh	视频质量
video-quality-036	video-quality	video-quality/video_quality_036.sh	视频质量
video-quality-037	video-quality	video-quality/video_quality_037.sh	视频质量
video-quality-038	video-quality	video-quality/video_quality_038.sh	视频质量
video-quality-039	video-quality	video-quality/video_quality_039.sh	视频质量
video-quality-040	video-quality	video-quality/video_quality_040.sh	视频质量
video-quality-041	video-quality	video-quality/video_quality_041.sh	视频质量
video-quality-042	video-quality	video-quality/video_quality_042.sh	视频质量
video-quality-043	video-quality	video-quality/video_quality_043.sh	视频质量
video-quality-044	video-quality	video-quality/video_quality_044.sh	视频质量
video-quality-045	video-quality	video-quality/video_quality_045.sh	视频质量
video-quality-046	video-quality	video-quality/video_quality_046.sh	视频质量
video-quality-047	video-quality	video-quality/video_quality_047.sh	视频质量
video-quality-048	video-quality	video-quality/video_quality_048.sh	视频质量
video-quality-049	video-quality	video-quality/video_quality_049.sh	视频质量
video-quality-050	video-quality	video-quality/video_quality_050.sh	视频质量
video-quality-051	video-quality	video-quality/video_quality_051.sh	视频质量
video-quality-052	video-quality	video-quality/video_quality_052.sh	视频质量
video-quality-053	video-quality	video-quality/video_quality_053.sh	视频质量
video-quality-054	video-quality	video-quality/video_quality_054.sh	视频质量
video-quality-055	video-quality	video-quality/video_quality_055.sh	视频质量
video-quality-056	video-quality	video-quality/video_quality_056.sh	视频质量
video-quality-057	video-quality	video-quality/video_quality_057.sh	视频质量
video-quality-058	video-quality	video-quality/video_quality_058.sh	视频质量
video-quality-059	video-quality	video-quality/video_quality_059.sh	视频质量
video-quality-060	video-quality	video-quality/video_quality_060.sh	视频质量
video-quality-061	video-quality	video-quality/video_quality_061.sh	视频质量
video-quality-062	video-quality	video-quality/video_quality_062.sh	视频质量
video-quality-063	video-quality	video-quality/video_quality_063.sh	视频质量
video-quality-064	video-quality	video-quality/video_quality_064.sh	视频质量
video-quality-065	video-quality	video-quality/video_quality_065.sh	视频质量
video-quality-066	video-quality	video-quality/video_quality_066.sh	视频质量
video-quality-067	video-quality	video-quality/video_quality_067.sh	视频质量
video-quality-068	video-quality	video-quality/video_quality_068.sh	视频质量
video-quality-069	video-quality	video-quality/video_quality_069.sh	视频质量
video-quality-070	video-quality	video-quality/video_quality_070.sh	视频质量
video-quality-071	video-quality	video-quality/video_quality_071.sh	视频质量
video-quality-072	video-quality	video-quality/video_quality_072.sh	视频质量
video-quality-073	video-quality	video-quality/video_quality_073.sh	视频质量
video-quality-074	video-quality	video-quality/video_quality_074.sh	视频质量
video-quality-075	video-quality	video-quality/video_quality_075.sh	视频质量
video-quality-076	video-quality	video-quality/video_quality_076.sh	视频质量
video-quality-077	video-quality	video-quality/video_quality_077.sh	视频质量
video-quality-078	video-quality	video-quality/video_quality_078.sh	视频质量
video-quality-079	video-quality	video-quality/video_quality_079.sh	视频质量
video-quality-080	video-quality	video-quality/video_quality_080.sh	视频质量
video-quality-081	video-quality	video-quality/video_quality_081.sh	视频质量
video-quality-082	video-quality	video-quality/video_quality_082.sh	视频质量
video-quality-083	video-quality	video-quality/video_quality_083.sh	视频质量
video-quality-084	video-quality	video-quality/video_quality_084.sh	视频质量
video-quality-085	video-quality	video-quality/video_quality_085.sh	视频质量
video-quality-086	video-quality	video-quality/video_quality_086.sh	视频质量
video-quality-087	video-quality	video-quality/video_quality_087.sh	视频质量
video-quality-088	video-quality	video-quality/video_quality_088.sh	视频质量
video-quality-089	video-quality	video-quality/video_quality_089.sh	视频质量
video-quality-090	video-quality	video-quality/video_quality_090.sh	视频质量
video-quality-091	video-quality	video-quality/video_quality_091.sh	视频质量
video-quality-092	video-quality	video-quality/video_quality_092.sh	视频质量
video-quality-093	video-quality	video-quality/video_quality_093.sh	视频质量
video-quality-094	video-quality	video-quality/video_quality_094.sh	视频质量
video-quality-095	video-quality	video-quality/video_quality_095.sh	视频质量
video-quality-096	video-quality	video-quality/video_quality_096.sh	视频质量
video-quality-097	video-quality	video-quality/video_quality_097.sh	视频质量
video-quality-098	video-quality	video-quality/video_quality_098.sh	视频质量
video-quality-099	video-quality	video-quality/video_quality_099.sh	视频质量
video-quality-100	video-quality	video-quality/video_quality_100.sh	视频质量
video-quality-101	video-quality	video-quality/video_quality_101.sh	视频质量
video-quality-102	video-quality	video-quality/video_quality_102.sh	视频质量
video-quality-103	video-quality	video-quality/video_quality_103.sh	视频质量
video-quality-104	video-quality	video-quality/video_quality_104.sh	视频质量
video-quality-105	video-quality	video-quality/video_quality_105.sh	视频质量
video-quality-106	video-quality	video-quality/video_quality_106.sh	视频质量
video-quality-107	video-quality	video-quality/video_quality_107.sh	视频质量
video-quality-108	video-quality	video-quality/video_quality_108.sh	视频质量
video-quality-109	video-quality	video-quality/video_quality_109.sh	视频质量
video-quality-110	video-quality	video-quality/video_quality_110.sh	视频质量
video-quality-111	video-quality	video-quality/video_quality_111.sh	视频质量
video-quality-112	video-quality	video-quality/video_quality_112.sh	视频质量
video-quality-113	video-quality	video-quality/video_quality_113.sh	视频质量
video-quality-114	video-quality	video-quality/video_quality_114.sh	视频质量
video-quality-115	video-quality	video-quality/video_quality_115.sh	视频质量
video-quality-116	video-quality	video-quality/video_quality_116.sh	视频质量
video-quality-117	video-quality	video-quality/video_quality_117.sh	视频质量
video-quality-118	video-quality	video-quality/video_quality_118.sh	视频质量
video-quality-119	video-quality	video-quality/video_quality_119.sh	视频质量
video-quality-120	video-quality	video-quality/video_quality_120.sh	视频质量
video-quality-121	video-quality	video-quality/video_quality_121.sh	视频质量
video-quality-122	video-quality	video-quality/video_quality_122.sh	视频质量
video-quality-123	video-quality	video-quality/video_quality_123.sh	视频质量
video-quality-124	video-quality	video-quality/video_quality_124.sh	视频质量
video-quality-125	video-quality	video-quality/video_quality_125.sh	视频质量
video-quality-126	video-quality	video-quality/video_quality_126.sh	视频质量
video-quality-127	video-quality	video-quality/video_quality_127.sh	视频质量
video-quality-128	video-quality	video-quality/video_quality_128.sh	视频质量
video-quality-129	video-quality	video-quality/video_quality_129.sh	视频质量
video-quality-130	video-quality	video-quality/video_quality_130.sh	视频质量
video-quality-131	video-quality	video-quality/video_quality_131.sh	视频质量
video-quality-132	video-quality	video-quality/video_quality_132.sh	视频质量
video-quality-133	video-quality	video-quality/video_quality_133.sh	视频质量
video-quality-134	video-quality	video-quality/video_quality_134.sh	视频质量
video-quality-135	video-quality	video-quality/video_quality_135.sh	视频质量
video-quality-136	video-quality	video-quality/video_quality_136.sh	视频质量
video-quality-137	video-quality	video-quality/video_quality_137.sh	视频质量
video-quality-138	video-quality	video-quality/video_quality_138.sh	视频质量
video-quality-139	video-quality	video-quality/video_quality_139.sh	视频质量
video-quality-140	video-quality	video-quality/video_quality_140.sh	视频质量
video-quality-141	video-quality	video-quality/video_quality_141.sh	视频质量
video-quality-142	video-quality	video-quality/video_quality_142.sh	视频质量
video-quality-143	video-quality	video-quality/video_quality_143.sh	视频质量
video-quality-144	video-quality	video-quality/video_quality_144.sh	视频质量
video-quality-145	video-quality	video-quality/video_quality_145.sh	视频质量
video-quality-146	video-quality	video-quality/video_quality_146.sh	视频质量
video-quality-147	video-quality	video-quality/video_quality_147.sh	视频质量
video-quality-148	video-quality	video-quality/video_quality_148.sh	视频质量
video-quality-149	video-quality	video-quality/video_quality_149.sh	视频质量
video-quality-150	video-quality	video-quality/video_quality_150.sh	视频质量
video-quality-151	video-quality	video-quality/video_quality_151.sh	视频质量
video-quality-152	video-quality	video-quality/video_quality_152.sh	视频质量
video-quality-153	video-quality	video-quality/video_quality_153.sh	视频质量
video-quality-154	video-quality	video-quality/video_quality_154.sh	视频质量
video-quality-155	video-quality	video-quality/video_quality_155.sh	视频质量
video-quality-156	video-quality	video-quality/video_quality_156.sh	视频质量
video-quality-157	video-quality	video-quality/video_quality_157.sh	视频质量
video-quality-158	video-quality	video-quality/video_quality_158.sh	视频质量
video-quality-159	video-quality	video-quality/video_quality_159.sh	视频质量
video-quality-160	video-quality	video-quality/video_quality_160.sh	视频质量
video-quality-161	video-quality	video-quality/video_quality_161.sh	视频质量
video-quality-162	video-quality	video-quality/video_quality_162.sh	视频质量
video-quality-163	video-quality	video-quality/video_quality_163.sh	视频质量
video-quality-164	video-quality	video-quality/video_quality_164.sh	视频质量
video-quality-165	video-quality	video-quality/video_quality_165.sh	视频质量
video-quality-166	video-quality	video-quality/video_quality_166.sh	视频质量
video-quality-167	video-quality	video-quality/video_quality_167.sh	视频质量
video-quality-168	video-quality	video-quality/video_quality_168.sh	视频质量
video-quality-169	video-quality	video-quality/video_quality_169.sh	视频质量
video-quality-170	video-quality	video-quality/video_quality_170.sh	视频质量
video-quality-171	video-quality	video-quality/video_quality_171.sh	视频质量
video-quality-172	video-quality	video-quality/video_quality_172.sh	视频质量
video-quality-173	video-quality	video-quality/video_quality_173.sh	视频质量
video-quality-174	video-quality	video-quality/video_quality_174.sh	视频质量
video-quality-175	video-quality	video-quality/video_quality_175.sh	视频质量
video-quality-176	video-quality	video-quality/video_quality_176.sh	视频质量
video-quality-177	video-quality	video-quality/video_quality_177.sh	视频质量
video-quality-178	video-quality	video-quality/video_quality_178.sh	视频质量
video-quality-179	video-quality	video-quality/video_quality_179.sh	视频质量
video-quality-180	video-quality	video-quality/video_quality_180.sh	视频质量
video-quality-181	video-quality	video-quality/video_quality_181.sh	视频质量
video-quality-182	video-quality	video-quality/video_quality_182.sh	视频质量
video-quality-183	video-quality	video-quality/video_quality_183.sh	视频质量
video-quality-184	video-quality	video-quality/video_quality_184.sh	视频质量
video-quality-185	video-quality	video-quality/video_quality_185.sh	视频质量
video-quality-186	video-quality	video-quality/video_quality_186.sh	视频质量
video-quality-187	video-quality	video-quality/video_quality_187.sh	视频质量
video-quality-188	video-quality	video-quality/video_quality_188.sh	视频质量
video-quality-189	video-quality	video-quality/video_quality_189.sh	视频质量
video-quality-190	video-quality	video-quality/video_quality_190.sh	视频质量
video-quality-191	video-quality	video-quality/video_quality_191.sh	视频质量
video-quality-192	video-quality	video-quality/video_quality_192.sh	视频质量
video-quality-193	video-quality	video-quality/video_quality_193.sh	视频质量
video-quality-194	video-quality	video-quality/video_quality_194.sh	视频质量
video-quality-195	video-quality	video-quality/video_quality_195.sh	视频质量
video-quality-196	video-quality	video-quality/video_quality_196.sh	视频质量
video-quality-197	video-quality	video-quality/video_quality_197.sh	视频质量
video-quality-198	video-quality	video-quality/video_quality_198.sh	视频质量
video-quality-199	video-quality	video-quality/video_quality_199.sh	视频质量
video-quality-200	video-quality	video-quality/video_quality_200.sh	视频质量
video-quality-201	video-quality	video-quality/video_quality_201.sh	视频质量
video-quality-202	video-quality	video-quality/video_quality_202.sh	视频质量
video-quality-203	video-quality	video-quality/video_quality_203.sh	视频质量
video-quality-204	video-quality	video-quality/video_quality_204.sh	视频质量
video-quality-205	video-quality	video-quality/video_quality_205.sh	视频质量
video-quality-206	video-quality	video-quality/video_quality_206.sh	视频质量
video-quality-207	video-quality	video-quality/video_quality_207.sh	视频质量
video-quality-208	video-quality	video-quality/video_quality_208.sh	视频质量
video-quality-209	video-quality	video-quality/video_quality_209.sh	视频质量
video-quality-210	video-quality	video-quality/video_quality_210.sh	视频质量
video-quality-211	video-quality	video-quality/video_quality_211.sh	视频质量
video-quality-212	video-quality	video-quality/video_quality_212.sh	视频质量
video-quality-213	video-quality	video-quality/video_quality_213.sh	视频质量
video-quality-214	video-quality	video-quality/video_quality_214.sh	视频质量
video-quality-215	video-quality	video-quality/video_quality_215.sh	视频质量
video-quality-216	video-quality	video-quality/video_quality_216.sh	视频质量
video-quality-217	video-quality	video-quality/video_quality_217.sh	视频质量
video-quality-218	video-quality	video-quality/video_quality_218.sh	视频质量
video-quality-219	video-quality	video-quality/video_quality_219.sh	视频质量
video-quality-220	video-quality	video-quality/video_quality_220.sh	视频质量
video-quality-221	video-quality	video-quality/video_quality_221.sh	视频质量
video-quality-222	video-quality	video-quality/video_quality_222.sh	视频质量
video-quality-223	video-quality	video-quality/video_quality_223.sh	视频质量
video-quality-224	video-quality	video-quality/video_quality_224.sh	视频质量
video-quality-225	video-quality	video-quality/video_quality_225.sh	视频质量
video-quality-226	video-quality	video-quality/video_quality_226.sh	视频质量
video-quality-227	video-quality	video-quality/video_quality_227.sh	视频质量
video-quality-228	video-quality	video-quality/video_quality_228.sh	视频质量
video-quality-229	video-quality	video-quality/video_quality_229.sh	视频质量
video-quality-230	video-quality	video-quality/video_quality_230.sh	视频质量
video-quality-231	video-quality	video-quality/video_quality_231.sh	视频质量
video-quality-232	video-quality	video-quality/video_quality_232.sh	视频质量
video-quality-233	video-quality	video-quality/video_quality_233.sh	视频质量
video-quality-234	video-quality	video-quality/video_quality_234.sh	视频质量
video-quality-235	video-quality	video-quality/video_quality_235.sh	视频质量
video-quality-236	video-quality	video-quality/video_quality_236.sh	视频质量
video-quality-237	video-quality	video-quality/video_quality_237.sh	视频质量
video-quality-238	video-quality	video-quality/video_quality_238.sh	视频质量
video-quality-239	video-quality	video-quality/video_quality_239.sh	视频质量
video-quality-240	video-quality	video-quality/video_quality_240.sh	视频质量
video-quality-241	video-quality	video-quality/video_quality_241.sh	视频质量
video-quality-242	video-quality	video-quality/video_quality_242.sh	视频质量
video-quality-243	video-quality	video-quality/video_quality_243.sh	视频质量
video-quality-244	video-quality	video-quality/video_quality_244.sh	视频质量
video-quality-245	video-quality	video-quality/video_quality_245.sh	视频质量
video-quality-246	video-quality	video-quality/video_quality_246.sh	视频质量
video-quality-247	video-quality	video-quality/video_quality_247.sh	视频质量
video-quality-248	video-quality	video-quality/video_quality_248.sh	视频质量
video-quality-249	video-quality	video-quality/video_quality_249.sh	视频质量
video-quality-250	video-quality	video-quality/video_quality_250.sh	视频质量
video-quality-251	video-quality	video-quality/video_quality_251.sh	视频质量
video-quality-252	video-quality	video-quality/video_quality_252.sh	视频质量
video-quality-253	video-quality	video-quality/video_quality_253.sh	视频质量
video-quality-254	video-quality	video-quality/video_quality_254.sh	视频质量
video-quality-255	video-quality	video-quality/video_quality_255.sh	视频质量
video-quality-256	video-quality	video-quality/video_quality_256.sh	视频质量
video-quality-257	video-quality	video-quality/video_quality_257.sh	视频质量
video-quality-258	video-quality	video-quality/video_quality_258.sh	视频质量
video-quality-259	video-quality	video-quality/video_quality_259.sh	视频质量
video-quality-260	video-quality	video-quality/video_quality_260.sh	视频质量
video-quality-261	video-quality	video-quality/video_quality_261.sh	视频质量
video-quality-262	video-quality	video-quality/video_quality_262.sh	视频质量
video-quality-263	video-quality	video-quality/video_quality_263.sh	视频质量
video-quality-264	video-quality	video-quality/video_quality_264.sh	视频质量
video-quality-265	video-quality	video-quality/video_quality_265.sh	视频质量
video-quality-266	video-quality	video-quality/video_quality_266.sh	视频质量
video-quality-267	video-quality	video-quality/video_quality_267.sh	视频质量
video-quality-268	video-quality	video-quality/video_quality_268.sh	视频质量
video-quality-269	video-quality	video-quality/video_quality_269.sh	视频质量
video-quality-270	video-quality	video-quality/video_quality_270.sh	视频质量
video-quality-271	video-quality	video-quality/video_quality_271.sh	视频质量
video-quality-272	video-quality	video-quality/video_quality_272.sh	视频质量
video-quality-273	video-quality	video-quality/video_quality_273.sh	视频质量
video-quality-274	video-quality	video-quality/video_quality_274.sh	视频质量
video-quality-275	video-quality	video-quality/video_quality_275.sh	视频质量
video-quality-276	video-quality	video-quality/video_quality_276.sh	视频质量
video-quality-277	video-quality	video-quality/video_quality_277.sh	视频质量
video-quality-278	video-quality	video-quality/video_quality_278.sh	视频质量
video-quality-279	video-quality	video-quality/video_quality_279.sh	视频质量
video-quality-280	video-quality	video-quality/video_quality_280.sh	视频质量
video-quality-281	video-quality	video-quality/video_quality_281.sh	视频质量
video-quality-282	video-quality	video-quality/video_quality_282.sh	视频质量
video-quality-283	video-quality	video-quality/video_quality_283.sh	视频质量
video-quality-284	video-quality	video-quality/video_quality_284.sh	视频质量
video-quality-285	video-quality	video-quality/video_quality_285.sh	视频质量
video-quality-286	video-quality	video-quality/video_quality_286.sh	视频质量
video-quality-287	video-quality	video-quality/video_quality_287.sh	视频质量
video-quality-288	video-quality	video-quality/video_quality_288.sh	视频质量
video-quality-289	video-quality	video-quality/video_quality_289.sh	视频质量
video-quality-290	video-quality	video-quality/video_quality_290.sh	视频质量
video-quality-291	video-quality	video-quality/video_quality_291.sh	视频质量
video-quality-292	video-quality	video-quality/video_quality_292.sh	视频质量
video-quality-293	video-quality	video-quality/video_quality_293.sh	视频质量
video-quality-294	video-quality	video-quality/video_quality_294.sh	视频质量
video-quality-295	video-quality	video-quality/video_quality_295.sh	视频质量
video-quality-296	video-quality	video-quality/video_quality_296.sh	视频质量
video-quality-297	video-quality	video-quality/video_quality_297.sh	视频质量
video-quality-298	video-quality	video-quality/video_quality_298.sh	视频质量
video-quality-299	video-quality	video-quality/video_quality_299.sh	视频质量
video-quality-300	video-quality	video-quality/video_quality_300.sh	视频质量
video-quality-301	video-quality	video-quality/video_quality_301.sh	视频质量
video-quality-302	video-quality	video-quality/video_quality_302.sh	视频质量
video-quality-303	video-quality	video-quality/video_quality_303.sh	视频质量
video-quality-304	video-quality	video-quality/video_quality_304.sh	视频质量
video-quality-305	video-quality	video-quality/video_quality_305.sh	视频质量
video-quality-306	video-quality	video-quality/video_quality_306.sh	视频质量
video-quality-307	video-quality	video-quality/video_quality_307.sh	视频质量
video-quality-308	video-quality	video-quality/video_quality_308.sh	视频质量
video-quality-309	video-quality	video-quality/video_quality_309.sh	视频质量
video-quality-310	video-quality	video-quality/video_quality_310.sh	视频质量
video-quality-311	video-quality	video-quality/video_quality_311.sh	视频质量
video-quality-312	video-quality	video-quality/video_quality_312.sh	视频质量
video-quality-313	video-quality	video-quality/video_quality_313.sh	视频质量
video-quality-314	video-quality	video-quality/video_quality_314.sh	视频质量
video-quality-315	video-quality	video-quality/video_quality_315.sh	视频质量
video-quality-316	video-quality	video-quality/video_quality_316.sh	视频质量
video-quality-317	video-quality	video-quality/video_quality_317.sh	视频质量
video-quality-318	video-quality	video-quality/video_quality_318.sh	视频质量
video-quality-319	video-quality	video-quality/video_quality_319.sh	视频质量
video-quality-320	video-quality	video-quality/video_quality_320.sh	视频质量
video-quality-321	video-quality	video-quality/video_quality_321.sh	视频质量
video-quality-322	video-quality	video-quality/video_quality_322.sh	视频质量
video-quality-323	video-quality	video-quality/video_quality_323.sh	视频质量
video-quality-324	video-quality	video-quality/video_quality_324.sh	视频质量
video-quality-325	video-quality	video-quality/video_quality_325.sh	视频质量
video-quality-326	video-quality	video-quality/video_quality_326.sh	视频质量
video-quality-327	video-quality	video-quality/video_quality_327.sh	视频质量
video-quality-328	video-quality	video-quality/video_quality_328.sh	视频质量
video-quality-329	video-quality	video-quality/video_quality_329.sh	视频质量
video-quality-330	video-quality	video-quality/video_quality_330.sh	视频质量
video-quality-331	video-quality	video-quality/video_quality_331.sh	视频质量
video-quality-332	video-quality	video-quality/video_quality_332.sh	视频质量
video-quality-333	video-quality	video-quality/video_quality_333.sh	视频质量
video-quality-334	video-quality	video-quality/video_quality_334.sh	视频质量
video-quality-335	video-quality	video-quality/video_quality_335.sh	视频质量
video-quality-336	video-quality	video-quality/video_quality_336.sh	视频质量
video-quality-337	video-quality	video-quality/video_quality_337.sh	视频质量
video-quality-338	video-quality	video-quality/video_quality_338.sh	视频质量
video-quality-339	video-quality	video-quality/video_quality_339.sh	视频质量
video-quality-340	video-quality	video-quality/video_quality_340.sh	视频质量
video-quality-341	video-quality	video-quality/video_quality_341.sh	视频质量
video-quality-342	video-quality	video-quality/video_quality_342.sh	视频质量
video-quality-343	video-quality	video-quality/video_quality_343.sh	视频质量
video-quality-344	video-quality	video-quality/video_quality_344.sh	视频质量
video-quality-345	video-quality	video-quality/video_quality_345.sh	视频质量
video-quality-346	video-quality	video-quality/video_quality_346.sh	视频质量
video-quality-347	video-quality	video-quality/video_quality_347.sh	视频质量
video-quality-348	video-quality	video-quality/video_quality_348.sh	视频质量
video-quality-349	video-quality	video-quality/video_quality_349.sh	视频质量
video-quality-350	video-quality	video-quality/video_quality_350.sh	视频质量
video-quality-351	video-quality	video-quality/video_quality_351.sh	视频质量
video-quality-352	video-quality	video-quality/video_quality_352.sh	视频质量
video-quality-353	video-quality	video-quality/video_quality_353.sh	视频质量
video-quality-354	video-quality	video-quality/video_quality_354.sh	视频质量
video-quality-355	video-quality	video-quality/video_quality_355.sh	视频质量
video-quality-356	video-quality	video-quality/video_quality_356.sh	视频质量
video-quality-357	video-quality	video-quality/video_quality_357.sh	视频质量
video-quality-358	video-quality	video-quality/video_quality_358.sh	视频质量
video-quality-359	video-quality	video-quality/video_quality_359.sh	视频质量
video-quality-360	video-quality	video-quality/video_quality_360.sh	视频质量
video-quality-361	video-quality	video-quality/video_quality_361.sh	视频质量
video-quality-362	video-quality	video-quality/video_quality_362.sh	视频质量
video-quality-363	video-quality	video-quality/video_quality_363.sh	视频质量
video-quality-364	video-quality	video-quality/video_quality_364.sh	视频质量
video-quality-365	video-quality	video-quality/video_quality_365.sh	视频质量
video-quality-366	video-quality	video-quality/video_quality_366.sh	视频质量
video-quality-367	video-quality	video-quality/video_quality_367.sh	视频质量
video-quality-368	video-quality	video-quality/video_quality_368.sh	视频质量
video-quality-369	video-quality	video-quality/video_quality_369.sh	视频质量
video-quality-370	video-quality	video-quality/video_quality_370.sh	视频质量
video-quality-371	video-quality	video-quality/video_quality_371.sh	视频质量
video-quality-372	video-quality	video-quality/video_quality_372.sh	视频质量
video-quality-373	video-quality	video-quality/video_quality_373.sh	视频质量
video-quality-374	video-quality	video-quality/video_quality_374.sh	视频质量
video-quality-375	video-quality	video-quality/video_quality_375.sh	视频质量
video-quality-376	video-quality	video-quality/video_quality_376.sh	视频质量
video-quality-377	video-quality	video-quality/video_quality_377.sh	视频质量
video-quality-378	video-quality	video-quality/video_quality_378.sh	视频质量
video-quality-379	video-quality	video-quality/video_quality_379.sh	视频质量
video-quality-380	video-quality	video-quality/video_quality_380.sh	视频质量
video-quality-381	video-quality	video-quality/video_quality_381.sh	视频质量
video-quality-382	video-quality	video-quality/video_quality_382.sh	视频质量
video-quality-383	video-quality	video-quality/video_quality_383.sh	视频质量
video-quality-384	video-quality	video-quality/video_quality_384.sh	视频质量
video-quality-385	video-quality	video-quality/video_quality_385.sh	视频质量
video-quality-386	video-quality	video-quality/video_quality_386.sh	视频质量
video-quality-387	video-quality	video-quality/video_quality_387.sh	视频质量
video-quality-388	video-quality	video-quality/video_quality_388.sh	视频质量
video-quality-389	video-quality	video-quality/video_quality_389.sh	视频质量
video-quality-390	video-quality	video-quality/video_quality_390.sh	视频质量
video-quality-391	video-quality	video-quality/video_quality_391.sh	视频质量
video-quality-392	video-quality	video-quality/video_quality_392.sh	视频质量
video-quality-393	video-quality	video-quality/video_quality_393.sh	视频质量
video-quality-394	video-quality	video-quality/video_quality_394.sh	视频质量
video-quality-395	video-quality	video-quality/video_quality_395.sh	视频质量
video-quality-396	video-quality	video-quality/video_quality_396.sh	视频质量
video-quality-397	video-quality	video-quality/video_quality_397.sh	视频质量
video-quality-398	video-quality	video-quality/video_quality_398.sh	视频质量
video-quality-399	video-quality	video-quality/video_quality_399.sh	视频质量
video-quality-400	video-quality	video-quality/video_quality_400.sh	视频质量
video-quality-401	video-quality	video-quality/video_quality_401.sh	视频质量
video-quality-402	video-quality	video-quality/video_quality_402.sh	视频质量
video-quality-403	video-quality	video-quality/video_quality_403.sh	视频质量
video-quality-404	video-quality	video-quality/video_quality_404.sh	视频质量
video-quality-405	video-quality	video-quality/video_quality_405.sh	视频质量
video-quality-406	video-quality	video-quality/video_quality_406.sh	视频质量
video-quality-407	video-quality	video-quality/video_quality_407.sh	视频质量
video-quality-408	video-quality	video-quality/video_quality_408.sh	视频质量
video-quality-409	video-quality	video-quality/video_quality_409.sh	视频质量
video-quality-410	video-quality	video-quality/video_quality_410.sh	视频质量
video-quality-411	video-quality	video-quality/video_quality_411.sh	视频质量
video-quality-412	video-quality	video-quality/video_quality_412.sh	视频质量
video-quality-413	video-quality	video-quality/video_quality_413.sh	视频质量
video-quality-414	video-quality	video-quality/video_quality_414.sh	视频质量
video-quality-415	video-quality	video-quality/video_quality_415.sh	视频质量
video-quality-416	video-quality	video-quality/video_quality_416.sh	视频质量
video-quality-417	video-quality	video-quality/video_quality_417.sh	视频质量
video-quality-418	video-quality	video-quality/video_quality_418.sh	视频质量
video-quality-419	video-quality	video-quality/video_quality_419.sh	视频质量
video-quality-420	video-quality	video-quality/video_quality_420.sh	视频质量
video-quality-421	video-quality	video-quality/video_quality_421.sh	视频质量
video-quality-422	video-quality	video-quality/video_quality_422.sh	视频质量
video-quality-423	video-quality	video-quality/video_quality_423.sh	视频质量
video-quality-424	video-quality	video-quality/video_quality_424.sh	视频质量
video-quality-425	video-quality	video-quality/video_quality_425.sh	视频质量
video-quality-426	video-quality	video-quality/video_quality_426.sh	视频质量
video-quality-427	video-quality	video-quality/video_quality_427.sh	视频质量
video-quality-428	video-quality	video-quality/video_quality_428.sh	视频质量
video-quality-429	video-quality	video-quality/video_quality_429.sh	视频质量
video-quality-430	video-quality	video-quality/video_quality_430.sh	视频质量
video-quality-431	video-quality	video-quality/video_quality_431.sh	视频质量
video-quality-432	video-quality	video-quality/video_quality_432.sh	视频质量
video-quality-433	video-quality	video-quality/video_quality_433.sh	视频质量
video-quality-434	video-quality	video-quality/video_quality_434.sh	视频质量
video-quality-435	video-quality	video-quality/video_quality_435.sh	视频质量
video-quality-436	video-quality	video-quality/video_quality_436.sh	视频质量
video-quality-437	video-quality	video-quality/video_quality_437.sh	视频质量
video-quality-438	video-quality	video-quality/video_quality_438.sh	视频质量
video-quality-439	video-quality	video-quality/video_quality_439.sh	视频质量
video-quality-440	video-quality	video-quality/video_quality_440.sh	视频质量
video-quality-441	video-quality	video-quality/video_quality_441.sh	视频质量
video-quality-442	video-quality	video-quality/video_quality_442.sh	视频质量
video-quality-443	video-quality	video-quality/video_quality_443.sh	视频质量
video-quality-444	video-quality	video-quality/video_quality_444.sh	视频质量
video-quality-445	video-quality	video-quality/video_quality_445.sh	视频质量
video-quality-446	video-quality	video-quality/video_quality_446.sh	视频质量
video-quality-447	video-quality	video-quality/video_quality_447.sh	视频质量
video-quality-448	video-quality	video-quality/video_quality_448.sh	视频质量
video-quality-449	video-quality	video-quality/video_quality_449.sh	视频质量
video-quality-450	video-quality	video-quality/video_quality_450.sh	视频质量
video-quality-451	video-quality	video-quality/video_quality_451.sh	视频质量
video-quality-452	video-quality	video-quality/video_quality_452.sh	视频质量
video-quality-453	video-quality	video-quality/video_quality_453.sh	视频质量
video-quality-454	video-quality	video-quality/video_quality_454.sh	视频质量
video-quality-455	video-quality	video-quality/video_quality_455.sh	视频质量
video-quality-456	video-quality	video-quality/video_quality_456.sh	视频质量
video-quality-457	video-quality	video-quality/video_quality_457.sh	视频质量
video-quality-458	video-quality	video-quality/video_quality_458.sh	视频质量
video-quality-459	video-quality	video-quality/video_quality_459.sh	视频质量
video-quality-460	video-quality	video-quality/video_quality_460.sh	视频质量
video-quality-461	video-quality	video-quality/video_quality_461.sh	视频质量
video-quality-462	video-quality	video-quality/video_quality_462.sh	视频质量
video-quality-463	video-quality	video-quality/video_quality_463.sh	视频质量
video-quality-464	video-quality	video-quality/video_quality_464.sh	视频质量
video-quality-465	video-quality	video-quality/video_quality_465.sh	视频质量
video-quality-466	video-quality	video-quality/video_quality_466.sh	视频质量
video-quality-467	video-quality	video-quality/video_quality_467.sh	视频质量
video-quality-468	video-quality	video-quality/video_quality_468.sh	视频质量
video-quality-469	video-quality	video-quality/video_quality_469.sh	视频质量
video-quality-470	video-quality	video-quality/video_quality_470.sh	视频质量
video-quality-471	video-quality	video-quality/video_quality_471.sh	视频质量
video-quality-472	video-quality	video-quality/video_quality_472.sh	视频质量
video-quality-473	video-quality	video-quality/video_quality_473.sh	视频质量
video-quality-474	video-quality	video-quality/video_quality_474.sh	视频质量
video-quality-475	video-quality	video-quality/video_quality_475.sh	视频质量
video-quality-476	video-quality	video-quality/video_quality_476.sh	视频质量
video-quality-477	video-quality	video-quality/video_quality_477.sh	视频质量
video-quality-478	video-quality	video-quality/video_quality_478.sh	视频质量
video-quality-479	video-quality	video-quality/video_quality_479.sh	视频质量
video-quality-480	video-quality	video-quality/video_quality_480.sh	视频质量
video-quality-481	video-quality	video-quality/video_quality_481.sh	视频质量
video-quality-482	video-quality	video-quality/video_quality_482.sh	视频质量
video-quality-483	video-quality	video-quality/video_quality_483.sh	视频质量
video-quality-484	video-quality	video-quality/video_quality_484.sh	视频质量
video-quality-485	video-quality	video-quality/video_quality_485.sh	视频质量
video-quality-486	video-quality	video-quality/video_quality_486.sh	视频质量
video-quality-487	video-quality	video-quality/video_quality_487.sh	视频质量
video-quality-488	video-quality	video-quality/video_quality_488.sh	视频质量
camera-ingest-001	camera-ingest	camera-ingest/camera_ingest_001.sh	相机素材接入
camera-ingest-002	camera-ingest	camera-ingest/camera_ingest_002.sh	相机素材接入
camera-ingest-003	camera-ingest	camera-ingest/camera_ingest_003.sh	相机素材接入
camera-ingest-004	camera-ingest	camera-ingest/camera_ingest_004.sh	相机素材接入
camera-ingest-005	camera-ingest	camera-ingest/camera_ingest_005.sh	相机素材接入
camera-ingest-006	camera-ingest	camera-ingest/camera_ingest_006.sh	相机素材接入
camera-ingest-007	camera-ingest	camera-ingest/camera_ingest_007.sh	相机素材接入
camera-ingest-008	camera-ingest	camera-ingest/camera_ingest_008.sh	相机素材接入
camera-ingest-009	camera-ingest	camera-ingest/camera_ingest_009.sh	相机素材接入
camera-ingest-010	camera-ingest	camera-ingest/camera_ingest_010.sh	相机素材接入
camera-ingest-011	camera-ingest	camera-ingest/camera_ingest_011.sh	相机素材接入
camera-ingest-012	camera-ingest	camera-ingest/camera_ingest_012.sh	相机素材接入
camera-ingest-013	camera-ingest	camera-ingest/camera_ingest_013.sh	相机素材接入
camera-ingest-014	camera-ingest	camera-ingest/camera_ingest_014.sh	相机素材接入
camera-ingest-015	camera-ingest	camera-ingest/camera_ingest_015.sh	相机素材接入
camera-ingest-016	camera-ingest	camera-ingest/camera_ingest_016.sh	相机素材接入
camera-ingest-017	camera-ingest	camera-ingest/camera_ingest_017.sh	相机素材接入
camera-ingest-018	camera-ingest	camera-ingest/camera_ingest_018.sh	相机素材接入
camera-ingest-019	camera-ingest	camera-ingest/camera_ingest_019.sh	相机素材接入
camera-ingest-020	camera-ingest	camera-ingest/camera_ingest_020.sh	相机素材接入
camera-ingest-021	camera-ingest	camera-ingest/camera_ingest_021.sh	相机素材接入
camera-ingest-022	camera-ingest	camera-ingest/camera_ingest_022.sh	相机素材接入
camera-ingest-023	camera-ingest	camera-ingest/camera_ingest_023.sh	相机素材接入
camera-ingest-024	camera-ingest	camera-ingest/camera_ingest_024.sh	相机素材接入
camera-ingest-025	camera-ingest	camera-ingest/camera_ingest_025.sh	相机素材接入
camera-ingest-026	camera-ingest	camera-ingest/camera_ingest_026.sh	相机素材接入
camera-ingest-027	camera-ingest	camera-ingest/camera_ingest_027.sh	相机素材接入
camera-ingest-028	camera-ingest	camera-ingest/camera_ingest_028.sh	相机素材接入
camera-ingest-029	camera-ingest	camera-ingest/camera_ingest_029.sh	相机素材接入
camera-ingest-030	camera-ingest	camera-ingest/camera_ingest_030.sh	相机素材接入
camera-ingest-031	camera-ingest	camera-ingest/camera_ingest_031.sh	相机素材接入
camera-ingest-032	camera-ingest	camera-ingest/camera_ingest_032.sh	相机素材接入
camera-ingest-033	camera-ingest	camera-ingest/camera_ingest_033.sh	相机素材接入
camera-ingest-034	camera-ingest	camera-ingest/camera_ingest_034.sh	相机素材接入
camera-ingest-035	camera-ingest	camera-ingest/camera_ingest_035.sh	相机素材接入
camera-ingest-036	camera-ingest	camera-ingest/camera_ingest_036.sh	相机素材接入
camera-ingest-037	camera-ingest	camera-ingest/camera_ingest_037.sh	相机素材接入
camera-ingest-038	camera-ingest	camera-ingest/camera_ingest_038.sh	相机素材接入
camera-ingest-039	camera-ingest	camera-ingest/camera_ingest_039.sh	相机素材接入
camera-ingest-040	camera-ingest	camera-ingest/camera_ingest_040.sh	相机素材接入
camera-ingest-041	camera-ingest	camera-ingest/camera_ingest_041.sh	相机素材接入
camera-ingest-042	camera-ingest	camera-ingest/camera_ingest_042.sh	相机素材接入
camera-ingest-043	camera-ingest	camera-ingest/camera_ingest_043.sh	相机素材接入
camera-ingest-044	camera-ingest	camera-ingest/camera_ingest_044.sh	相机素材接入
camera-ingest-045	camera-ingest	camera-ingest/camera_ingest_045.sh	相机素材接入
camera-ingest-046	camera-ingest	camera-ingest/camera_ingest_046.sh	相机素材接入
camera-ingest-047	camera-ingest	camera-ingest/camera_ingest_047.sh	相机素材接入
camera-ingest-048	camera-ingest	camera-ingest/camera_ingest_048.sh	相机素材接入
camera-ingest-049	camera-ingest	camera-ingest/camera_ingest_049.sh	相机素材接入
camera-ingest-050	camera-ingest	camera-ingest/camera_ingest_050.sh	相机素材接入
camera-ingest-051	camera-ingest	camera-ingest/camera_ingest_051.sh	相机素材接入
camera-ingest-052	camera-ingest	camera-ingest/camera_ingest_052.sh	相机素材接入
camera-ingest-053	camera-ingest	camera-ingest/camera_ingest_053.sh	相机素材接入
camera-ingest-054	camera-ingest	camera-ingest/camera_ingest_054.sh	相机素材接入
camera-ingest-055	camera-ingest	camera-ingest/camera_ingest_055.sh	相机素材接入
camera-ingest-056	camera-ingest	camera-ingest/camera_ingest_056.sh	相机素材接入
camera-ingest-057	camera-ingest	camera-ingest/camera_ingest_057.sh	相机素材接入
camera-ingest-058	camera-ingest	camera-ingest/camera_ingest_058.sh	相机素材接入
camera-ingest-059	camera-ingest	camera-ingest/camera_ingest_059.sh	相机素材接入
camera-ingest-060	camera-ingest	camera-ingest/camera_ingest_060.sh	相机素材接入
camera-ingest-061	camera-ingest	camera-ingest/camera_ingest_061.sh	相机素材接入
camera-ingest-062	camera-ingest	camera-ingest/camera_ingest_062.sh	相机素材接入
camera-ingest-063	camera-ingest	camera-ingest/camera_ingest_063.sh	相机素材接入
camera-ingest-064	camera-ingest	camera-ingest/camera_ingest_064.sh	相机素材接入
camera-ingest-065	camera-ingest	camera-ingest/camera_ingest_065.sh	相机素材接入
camera-ingest-066	camera-ingest	camera-ingest/camera_ingest_066.sh	相机素材接入
camera-ingest-067	camera-ingest	camera-ingest/camera_ingest_067.sh	相机素材接入
camera-ingest-068	camera-ingest	camera-ingest/camera_ingest_068.sh	相机素材接入
camera-ingest-069	camera-ingest	camera-ingest/camera_ingest_069.sh	相机素材接入
camera-ingest-070	camera-ingest	camera-ingest/camera_ingest_070.sh	相机素材接入
camera-ingest-071	camera-ingest	camera-ingest/camera_ingest_071.sh	相机素材接入
camera-ingest-072	camera-ingest	camera-ingest/camera_ingest_072.sh	相机素材接入
camera-ingest-073	camera-ingest	camera-ingest/camera_ingest_073.sh	相机素材接入
camera-ingest-074	camera-ingest	camera-ingest/camera_ingest_074.sh	相机素材接入
camera-ingest-075	camera-ingest	camera-ingest/camera_ingest_075.sh	相机素材接入
camera-ingest-076	camera-ingest	camera-ingest/camera_ingest_076.sh	相机素材接入
camera-ingest-077	camera-ingest	camera-ingest/camera_ingest_077.sh	相机素材接入
camera-ingest-078	camera-ingest	camera-ingest/camera_ingest_078.sh	相机素材接入
camera-ingest-079	camera-ingest	camera-ingest/camera_ingest_079.sh	相机素材接入
camera-ingest-080	camera-ingest	camera-ingest/camera_ingest_080.sh	相机素材接入
camera-ingest-081	camera-ingest	camera-ingest/camera_ingest_081.sh	相机素材接入
camera-ingest-082	camera-ingest	camera-ingest/camera_ingest_082.sh	相机素材接入
camera-ingest-083	camera-ingest	camera-ingest/camera_ingest_083.sh	相机素材接入
camera-ingest-084	camera-ingest	camera-ingest/camera_ingest_084.sh	相机素材接入
camera-ingest-085	camera-ingest	camera-ingest/camera_ingest_085.sh	相机素材接入
camera-ingest-086	camera-ingest	camera-ingest/camera_ingest_086.sh	相机素材接入
camera-ingest-087	camera-ingest	camera-ingest/camera_ingest_087.sh	相机素材接入
camera-ingest-088	camera-ingest	camera-ingest/camera_ingest_088.sh	相机素材接入
camera-ingest-089	camera-ingest	camera-ingest/camera_ingest_089.sh	相机素材接入
camera-ingest-090	camera-ingest	camera-ingest/camera_ingest_090.sh	相机素材接入
camera-ingest-091	camera-ingest	camera-ingest/camera_ingest_091.sh	相机素材接入
camera-ingest-092	camera-ingest	camera-ingest/camera_ingest_092.sh	相机素材接入
camera-ingest-093	camera-ingest	camera-ingest/camera_ingest_093.sh	相机素材接入
camera-ingest-094	camera-ingest	camera-ingest/camera_ingest_094.sh	相机素材接入
camera-ingest-095	camera-ingest	camera-ingest/camera_ingest_095.sh	相机素材接入
camera-ingest-096	camera-ingest	camera-ingest/camera_ingest_096.sh	相机素材接入
camera-ingest-097	camera-ingest	camera-ingest/camera_ingest_097.sh	相机素材接入
camera-ingest-098	camera-ingest	camera-ingest/camera_ingest_098.sh	相机素材接入
camera-ingest-099	camera-ingest	camera-ingest/camera_ingest_099.sh	相机素材接入
camera-ingest-100	camera-ingest	camera-ingest/camera_ingest_100.sh	相机素材接入
camera-ingest-101	camera-ingest	camera-ingest/camera_ingest_101.sh	相机素材接入
camera-ingest-102	camera-ingest	camera-ingest/camera_ingest_102.sh	相机素材接入
camera-ingest-103	camera-ingest	camera-ingest/camera_ingest_103.sh	相机素材接入
camera-ingest-104	camera-ingest	camera-ingest/camera_ingest_104.sh	相机素材接入
camera-ingest-105	camera-ingest	camera-ingest/camera_ingest_105.sh	相机素材接入
camera-ingest-106	camera-ingest	camera-ingest/camera_ingest_106.sh	相机素材接入
camera-ingest-107	camera-ingest	camera-ingest/camera_ingest_107.sh	相机素材接入
camera-ingest-108	camera-ingest	camera-ingest/camera_ingest_108.sh	相机素材接入
camera-ingest-109	camera-ingest	camera-ingest/camera_ingest_109.sh	相机素材接入
camera-ingest-110	camera-ingest	camera-ingest/camera_ingest_110.sh	相机素材接入
camera-ingest-111	camera-ingest	camera-ingest/camera_ingest_111.sh	相机素材接入
camera-ingest-112	camera-ingest	camera-ingest/camera_ingest_112.sh	相机素材接入
camera-ingest-113	camera-ingest	camera-ingest/camera_ingest_113.sh	相机素材接入
camera-ingest-114	camera-ingest	camera-ingest/camera_ingest_114.sh	相机素材接入
camera-ingest-115	camera-ingest	camera-ingest/camera_ingest_115.sh	相机素材接入
camera-ingest-116	camera-ingest	camera-ingest/camera_ingest_116.sh	相机素材接入
camera-ingest-117	camera-ingest	camera-ingest/camera_ingest_117.sh	相机素材接入
camera-ingest-118	camera-ingest	camera-ingest/camera_ingest_118.sh	相机素材接入
camera-ingest-119	camera-ingest	camera-ingest/camera_ingest_119.sh	相机素材接入
camera-ingest-120	camera-ingest	camera-ingest/camera_ingest_120.sh	相机素材接入
camera-ingest-121	camera-ingest	camera-ingest/camera_ingest_121.sh	相机素材接入
camera-ingest-122	camera-ingest	camera-ingest/camera_ingest_122.sh	相机素材接入
camera-ingest-123	camera-ingest	camera-ingest/camera_ingest_123.sh	相机素材接入
camera-ingest-124	camera-ingest	camera-ingest/camera_ingest_124.sh	相机素材接入
camera-ingest-125	camera-ingest	camera-ingest/camera_ingest_125.sh	相机素材接入
camera-ingest-126	camera-ingest	camera-ingest/camera_ingest_126.sh	相机素材接入
camera-ingest-127	camera-ingest	camera-ingest/camera_ingest_127.sh	相机素材接入
camera-ingest-128	camera-ingest	camera-ingest/camera_ingest_128.sh	相机素材接入
camera-ingest-129	camera-ingest	camera-ingest/camera_ingest_129.sh	相机素材接入
camera-ingest-130	camera-ingest	camera-ingest/camera_ingest_130.sh	相机素材接入
camera-ingest-131	camera-ingest	camera-ingest/camera_ingest_131.sh	相机素材接入
camera-ingest-132	camera-ingest	camera-ingest/camera_ingest_132.sh	相机素材接入
camera-ingest-133	camera-ingest	camera-ingest/camera_ingest_133.sh	相机素材接入
camera-ingest-134	camera-ingest	camera-ingest/camera_ingest_134.sh	相机素材接入
camera-ingest-135	camera-ingest	camera-ingest/camera_ingest_135.sh	相机素材接入
camera-ingest-136	camera-ingest	camera-ingest/camera_ingest_136.sh	相机素材接入
camera-ingest-137	camera-ingest	camera-ingest/camera_ingest_137.sh	相机素材接入
camera-ingest-138	camera-ingest	camera-ingest/camera_ingest_138.sh	相机素材接入
camera-ingest-139	camera-ingest	camera-ingest/camera_ingest_139.sh	相机素材接入
camera-ingest-140	camera-ingest	camera-ingest/camera_ingest_140.sh	相机素材接入
camera-ingest-141	camera-ingest	camera-ingest/camera_ingest_141.sh	相机素材接入
camera-ingest-142	camera-ingest	camera-ingest/camera_ingest_142.sh	相机素材接入
camera-ingest-143	camera-ingest	camera-ingest/camera_ingest_143.sh	相机素材接入
camera-ingest-144	camera-ingest	camera-ingest/camera_ingest_144.sh	相机素材接入
camera-ingest-145	camera-ingest	camera-ingest/camera_ingest_145.sh	相机素材接入
camera-ingest-146	camera-ingest	camera-ingest/camera_ingest_146.sh	相机素材接入
camera-ingest-147	camera-ingest	camera-ingest/camera_ingest_147.sh	相机素材接入
camera-ingest-148	camera-ingest	camera-ingest/camera_ingest_148.sh	相机素材接入
camera-ingest-149	camera-ingest	camera-ingest/camera_ingest_149.sh	相机素材接入
camera-ingest-150	camera-ingest	camera-ingest/camera_ingest_150.sh	相机素材接入
camera-ingest-151	camera-ingest	camera-ingest/camera_ingest_151.sh	相机素材接入
camera-ingest-152	camera-ingest	camera-ingest/camera_ingest_152.sh	相机素材接入
camera-ingest-153	camera-ingest	camera-ingest/camera_ingest_153.sh	相机素材接入
camera-ingest-154	camera-ingest	camera-ingest/camera_ingest_154.sh	相机素材接入
camera-ingest-155	camera-ingest	camera-ingest/camera_ingest_155.sh	相机素材接入
camera-ingest-156	camera-ingest	camera-ingest/camera_ingest_156.sh	相机素材接入
camera-ingest-157	camera-ingest	camera-ingest/camera_ingest_157.sh	相机素材接入
camera-ingest-158	camera-ingest	camera-ingest/camera_ingest_158.sh	相机素材接入
camera-ingest-159	camera-ingest	camera-ingest/camera_ingest_159.sh	相机素材接入
camera-ingest-160	camera-ingest	camera-ingest/camera_ingest_160.sh	相机素材接入
camera-ingest-161	camera-ingest	camera-ingest/camera_ingest_161.sh	相机素材接入
camera-ingest-162	camera-ingest	camera-ingest/camera_ingest_162.sh	相机素材接入
camera-ingest-163	camera-ingest	camera-ingest/camera_ingest_163.sh	相机素材接入
camera-ingest-164	camera-ingest	camera-ingest/camera_ingest_164.sh	相机素材接入
camera-ingest-165	camera-ingest	camera-ingest/camera_ingest_165.sh	相机素材接入
camera-ingest-166	camera-ingest	camera-ingest/camera_ingest_166.sh	相机素材接入
camera-ingest-167	camera-ingest	camera-ingest/camera_ingest_167.sh	相机素材接入
camera-ingest-168	camera-ingest	camera-ingest/camera_ingest_168.sh	相机素材接入
camera-ingest-169	camera-ingest	camera-ingest/camera_ingest_169.sh	相机素材接入
camera-ingest-170	camera-ingest	camera-ingest/camera_ingest_170.sh	相机素材接入
camera-ingest-171	camera-ingest	camera-ingest/camera_ingest_171.sh	相机素材接入
camera-ingest-172	camera-ingest	camera-ingest/camera_ingest_172.sh	相机素材接入
camera-ingest-173	camera-ingest	camera-ingest/camera_ingest_173.sh	相机素材接入
camera-ingest-174	camera-ingest	camera-ingest/camera_ingest_174.sh	相机素材接入
camera-ingest-175	camera-ingest	camera-ingest/camera_ingest_175.sh	相机素材接入
camera-ingest-176	camera-ingest	camera-ingest/camera_ingest_176.sh	相机素材接入
camera-ingest-177	camera-ingest	camera-ingest/camera_ingest_177.sh	相机素材接入
camera-ingest-178	camera-ingest	camera-ingest/camera_ingest_178.sh	相机素材接入
camera-ingest-179	camera-ingest	camera-ingest/camera_ingest_179.sh	相机素材接入
camera-ingest-180	camera-ingest	camera-ingest/camera_ingest_180.sh	相机素材接入
camera-ingest-181	camera-ingest	camera-ingest/camera_ingest_181.sh	相机素材接入
camera-ingest-182	camera-ingest	camera-ingest/camera_ingest_182.sh	相机素材接入
camera-ingest-183	camera-ingest	camera-ingest/camera_ingest_183.sh	相机素材接入
camera-ingest-184	camera-ingest	camera-ingest/camera_ingest_184.sh	相机素材接入
camera-ingest-185	camera-ingest	camera-ingest/camera_ingest_185.sh	相机素材接入
camera-ingest-186	camera-ingest	camera-ingest/camera_ingest_186.sh	相机素材接入
camera-ingest-187	camera-ingest	camera-ingest/camera_ingest_187.sh	相机素材接入
camera-ingest-188	camera-ingest	camera-ingest/camera_ingest_188.sh	相机素材接入
camera-ingest-189	camera-ingest	camera-ingest/camera_ingest_189.sh	相机素材接入
camera-ingest-190	camera-ingest	camera-ingest/camera_ingest_190.sh	相机素材接入
camera-ingest-191	camera-ingest	camera-ingest/camera_ingest_191.sh	相机素材接入
camera-ingest-192	camera-ingest	camera-ingest/camera_ingest_192.sh	相机素材接入
camera-ingest-193	camera-ingest	camera-ingest/camera_ingest_193.sh	相机素材接入
camera-ingest-194	camera-ingest	camera-ingest/camera_ingest_194.sh	相机素材接入
camera-ingest-195	camera-ingest	camera-ingest/camera_ingest_195.sh	相机素材接入
camera-ingest-196	camera-ingest	camera-ingest/camera_ingest_196.sh	相机素材接入
camera-ingest-197	camera-ingest	camera-ingest/camera_ingest_197.sh	相机素材接入
camera-ingest-198	camera-ingest	camera-ingest/camera_ingest_198.sh	相机素材接入
camera-ingest-199	camera-ingest	camera-ingest/camera_ingest_199.sh	相机素材接入
camera-ingest-200	camera-ingest	camera-ingest/camera_ingest_200.sh	相机素材接入
camera-ingest-201	camera-ingest	camera-ingest/camera_ingest_201.sh	相机素材接入
camera-ingest-202	camera-ingest	camera-ingest/camera_ingest_202.sh	相机素材接入
camera-ingest-203	camera-ingest	camera-ingest/camera_ingest_203.sh	相机素材接入
camera-ingest-204	camera-ingest	camera-ingest/camera_ingest_204.sh	相机素材接入
camera-ingest-205	camera-ingest	camera-ingest/camera_ingest_205.sh	相机素材接入
camera-ingest-206	camera-ingest	camera-ingest/camera_ingest_206.sh	相机素材接入
camera-ingest-207	camera-ingest	camera-ingest/camera_ingest_207.sh	相机素材接入
camera-ingest-208	camera-ingest	camera-ingest/camera_ingest_208.sh	相机素材接入
camera-ingest-209	camera-ingest	camera-ingest/camera_ingest_209.sh	相机素材接入
camera-ingest-210	camera-ingest	camera-ingest/camera_ingest_210.sh	相机素材接入
camera-ingest-211	camera-ingest	camera-ingest/camera_ingest_211.sh	相机素材接入
camera-ingest-212	camera-ingest	camera-ingest/camera_ingest_212.sh	相机素材接入
camera-ingest-213	camera-ingest	camera-ingest/camera_ingest_213.sh	相机素材接入
camera-ingest-214	camera-ingest	camera-ingest/camera_ingest_214.sh	相机素材接入
camera-ingest-215	camera-ingest	camera-ingest/camera_ingest_215.sh	相机素材接入
camera-ingest-216	camera-ingest	camera-ingest/camera_ingest_216.sh	相机素材接入
camera-ingest-217	camera-ingest	camera-ingest/camera_ingest_217.sh	相机素材接入
camera-ingest-218	camera-ingest	camera-ingest/camera_ingest_218.sh	相机素材接入
camera-ingest-219	camera-ingest	camera-ingest/camera_ingest_219.sh	相机素材接入
camera-ingest-220	camera-ingest	camera-ingest/camera_ingest_220.sh	相机素材接入
camera-ingest-221	camera-ingest	camera-ingest/camera_ingest_221.sh	相机素材接入
camera-ingest-222	camera-ingest	camera-ingest/camera_ingest_222.sh	相机素材接入
camera-ingest-223	camera-ingest	camera-ingest/camera_ingest_223.sh	相机素材接入
camera-ingest-224	camera-ingest	camera-ingest/camera_ingest_224.sh	相机素材接入
camera-ingest-225	camera-ingest	camera-ingest/camera_ingest_225.sh	相机素材接入
camera-ingest-226	camera-ingest	camera-ingest/camera_ingest_226.sh	相机素材接入
camera-ingest-227	camera-ingest	camera-ingest/camera_ingest_227.sh	相机素材接入
camera-ingest-228	camera-ingest	camera-ingest/camera_ingest_228.sh	相机素材接入
camera-ingest-229	camera-ingest	camera-ingest/camera_ingest_229.sh	相机素材接入
camera-ingest-230	camera-ingest	camera-ingest/camera_ingest_230.sh	相机素材接入
camera-ingest-231	camera-ingest	camera-ingest/camera_ingest_231.sh	相机素材接入
camera-ingest-232	camera-ingest	camera-ingest/camera_ingest_232.sh	相机素材接入
camera-ingest-233	camera-ingest	camera-ingest/camera_ingest_233.sh	相机素材接入
camera-ingest-234	camera-ingest	camera-ingest/camera_ingest_234.sh	相机素材接入
camera-ingest-235	camera-ingest	camera-ingest/camera_ingest_235.sh	相机素材接入
camera-ingest-236	camera-ingest	camera-ingest/camera_ingest_236.sh	相机素材接入
camera-ingest-237	camera-ingest	camera-ingest/camera_ingest_237.sh	相机素材接入
camera-ingest-238	camera-ingest	camera-ingest/camera_ingest_238.sh	相机素材接入
camera-ingest-239	camera-ingest	camera-ingest/camera_ingest_239.sh	相机素材接入
camera-ingest-240	camera-ingest	camera-ingest/camera_ingest_240.sh	相机素材接入
camera-ingest-241	camera-ingest	camera-ingest/camera_ingest_241.sh	相机素材接入
camera-ingest-242	camera-ingest	camera-ingest/camera_ingest_242.sh	相机素材接入
camera-ingest-243	camera-ingest	camera-ingest/camera_ingest_243.sh	相机素材接入
camera-ingest-244	camera-ingest	camera-ingest/camera_ingest_244.sh	相机素材接入
camera-ingest-245	camera-ingest	camera-ingest/camera_ingest_245.sh	相机素材接入
camera-ingest-246	camera-ingest	camera-ingest/camera_ingest_246.sh	相机素材接入
camera-ingest-247	camera-ingest	camera-ingest/camera_ingest_247.sh	相机素材接入
camera-ingest-248	camera-ingest	camera-ingest/camera_ingest_248.sh	相机素材接入
camera-ingest-249	camera-ingest	camera-ingest/camera_ingest_249.sh	相机素材接入
camera-ingest-250	camera-ingest	camera-ingest/camera_ingest_250.sh	相机素材接入
camera-ingest-251	camera-ingest	camera-ingest/camera_ingest_251.sh	相机素材接入
camera-ingest-252	camera-ingest	camera-ingest/camera_ingest_252.sh	相机素材接入
camera-ingest-253	camera-ingest	camera-ingest/camera_ingest_253.sh	相机素材接入
camera-ingest-254	camera-ingest	camera-ingest/camera_ingest_254.sh	相机素材接入
camera-ingest-255	camera-ingest	camera-ingest/camera_ingest_255.sh	相机素材接入
camera-ingest-256	camera-ingest	camera-ingest/camera_ingest_256.sh	相机素材接入
camera-ingest-257	camera-ingest	camera-ingest/camera_ingest_257.sh	相机素材接入
camera-ingest-258	camera-ingest	camera-ingest/camera_ingest_258.sh	相机素材接入
camera-ingest-259	camera-ingest	camera-ingest/camera_ingest_259.sh	相机素材接入
camera-ingest-260	camera-ingest	camera-ingest/camera_ingest_260.sh	相机素材接入
camera-ingest-261	camera-ingest	camera-ingest/camera_ingest_261.sh	相机素材接入
camera-ingest-262	camera-ingest	camera-ingest/camera_ingest_262.sh	相机素材接入
camera-ingest-263	camera-ingest	camera-ingest/camera_ingest_263.sh	相机素材接入
camera-ingest-264	camera-ingest	camera-ingest/camera_ingest_264.sh	相机素材接入
camera-ingest-265	camera-ingest	camera-ingest/camera_ingest_265.sh	相机素材接入
camera-ingest-266	camera-ingest	camera-ingest/camera_ingest_266.sh	相机素材接入
camera-ingest-267	camera-ingest	camera-ingest/camera_ingest_267.sh	相机素材接入
camera-ingest-268	camera-ingest	camera-ingest/camera_ingest_268.sh	相机素材接入
camera-ingest-269	camera-ingest	camera-ingest/camera_ingest_269.sh	相机素材接入
camera-ingest-270	camera-ingest	camera-ingest/camera_ingest_270.sh	相机素材接入
camera-ingest-271	camera-ingest	camera-ingest/camera_ingest_271.sh	相机素材接入
camera-ingest-272	camera-ingest	camera-ingest/camera_ingest_272.sh	相机素材接入
camera-ingest-273	camera-ingest	camera-ingest/camera_ingest_273.sh	相机素材接入
camera-ingest-274	camera-ingest	camera-ingest/camera_ingest_274.sh	相机素材接入
camera-ingest-275	camera-ingest	camera-ingest/camera_ingest_275.sh	相机素材接入
camera-ingest-276	camera-ingest	camera-ingest/camera_ingest_276.sh	相机素材接入
camera-ingest-277	camera-ingest	camera-ingest/camera_ingest_277.sh	相机素材接入
camera-ingest-278	camera-ingest	camera-ingest/camera_ingest_278.sh	相机素材接入
camera-ingest-279	camera-ingest	camera-ingest/camera_ingest_279.sh	相机素材接入
camera-ingest-280	camera-ingest	camera-ingest/camera_ingest_280.sh	相机素材接入
camera-ingest-281	camera-ingest	camera-ingest/camera_ingest_281.sh	相机素材接入
camera-ingest-282	camera-ingest	camera-ingest/camera_ingest_282.sh	相机素材接入
camera-ingest-283	camera-ingest	camera-ingest/camera_ingest_283.sh	相机素材接入
camera-ingest-284	camera-ingest	camera-ingest/camera_ingest_284.sh	相机素材接入
camera-ingest-285	camera-ingest	camera-ingest/camera_ingest_285.sh	相机素材接入
camera-ingest-286	camera-ingest	camera-ingest/camera_ingest_286.sh	相机素材接入
camera-ingest-287	camera-ingest	camera-ingest/camera_ingest_287.sh	相机素材接入
camera-ingest-288	camera-ingest	camera-ingest/camera_ingest_288.sh	相机素材接入
camera-ingest-289	camera-ingest	camera-ingest/camera_ingest_289.sh	相机素材接入
camera-ingest-290	camera-ingest	camera-ingest/camera_ingest_290.sh	相机素材接入
camera-ingest-291	camera-ingest	camera-ingest/camera_ingest_291.sh	相机素材接入
camera-ingest-292	camera-ingest	camera-ingest/camera_ingest_292.sh	相机素材接入
camera-ingest-293	camera-ingest	camera-ingest/camera_ingest_293.sh	相机素材接入
camera-ingest-294	camera-ingest	camera-ingest/camera_ingest_294.sh	相机素材接入
camera-ingest-295	camera-ingest	camera-ingest/camera_ingest_295.sh	相机素材接入
camera-ingest-296	camera-ingest	camera-ingest/camera_ingest_296.sh	相机素材接入
camera-ingest-297	camera-ingest	camera-ingest/camera_ingest_297.sh	相机素材接入
camera-ingest-298	camera-ingest	camera-ingest/camera_ingest_298.sh	相机素材接入
camera-ingest-299	camera-ingest	camera-ingest/camera_ingest_299.sh	相机素材接入
camera-ingest-300	camera-ingest	camera-ingest/camera_ingest_300.sh	相机素材接入
camera-ingest-301	camera-ingest	camera-ingest/camera_ingest_301.sh	相机素材接入
camera-ingest-302	camera-ingest	camera-ingest/camera_ingest_302.sh	相机素材接入
camera-ingest-303	camera-ingest	camera-ingest/camera_ingest_303.sh	相机素材接入
camera-ingest-304	camera-ingest	camera-ingest/camera_ingest_304.sh	相机素材接入
camera-ingest-305	camera-ingest	camera-ingest/camera_ingest_305.sh	相机素材接入
camera-ingest-306	camera-ingest	camera-ingest/camera_ingest_306.sh	相机素材接入
camera-ingest-307	camera-ingest	camera-ingest/camera_ingest_307.sh	相机素材接入
camera-ingest-308	camera-ingest	camera-ingest/camera_ingest_308.sh	相机素材接入
camera-ingest-309	camera-ingest	camera-ingest/camera_ingest_309.sh	相机素材接入
camera-ingest-310	camera-ingest	camera-ingest/camera_ingest_310.sh	相机素材接入
camera-ingest-311	camera-ingest	camera-ingest/camera_ingest_311.sh	相机素材接入
camera-ingest-312	camera-ingest	camera-ingest/camera_ingest_312.sh	相机素材接入
camera-ingest-313	camera-ingest	camera-ingest/camera_ingest_313.sh	相机素材接入
camera-ingest-314	camera-ingest	camera-ingest/camera_ingest_314.sh	相机素材接入
camera-ingest-315	camera-ingest	camera-ingest/camera_ingest_315.sh	相机素材接入
camera-ingest-316	camera-ingest	camera-ingest/camera_ingest_316.sh	相机素材接入
camera-ingest-317	camera-ingest	camera-ingest/camera_ingest_317.sh	相机素材接入
camera-ingest-318	camera-ingest	camera-ingest/camera_ingest_318.sh	相机素材接入
camera-ingest-319	camera-ingest	camera-ingest/camera_ingest_319.sh	相机素材接入
camera-ingest-320	camera-ingest	camera-ingest/camera_ingest_320.sh	相机素材接入
camera-ingest-321	camera-ingest	camera-ingest/camera_ingest_321.sh	相机素材接入
camera-ingest-322	camera-ingest	camera-ingest/camera_ingest_322.sh	相机素材接入
camera-ingest-323	camera-ingest	camera-ingest/camera_ingest_323.sh	相机素材接入
camera-ingest-324	camera-ingest	camera-ingest/camera_ingest_324.sh	相机素材接入
camera-ingest-325	camera-ingest	camera-ingest/camera_ingest_325.sh	相机素材接入
camera-ingest-326	camera-ingest	camera-ingest/camera_ingest_326.sh	相机素材接入
camera-ingest-327	camera-ingest	camera-ingest/camera_ingest_327.sh	相机素材接入
camera-ingest-328	camera-ingest	camera-ingest/camera_ingest_328.sh	相机素材接入
camera-ingest-329	camera-ingest	camera-ingest/camera_ingest_329.sh	相机素材接入
camera-ingest-330	camera-ingest	camera-ingest/camera_ingest_330.sh	相机素材接入
camera-ingest-331	camera-ingest	camera-ingest/camera_ingest_331.sh	相机素材接入
camera-ingest-332	camera-ingest	camera-ingest/camera_ingest_332.sh	相机素材接入
camera-ingest-333	camera-ingest	camera-ingest/camera_ingest_333.sh	相机素材接入
camera-ingest-334	camera-ingest	camera-ingest/camera_ingest_334.sh	相机素材接入
camera-ingest-335	camera-ingest	camera-ingest/camera_ingest_335.sh	相机素材接入
camera-ingest-336	camera-ingest	camera-ingest/camera_ingest_336.sh	相机素材接入
camera-ingest-337	camera-ingest	camera-ingest/camera_ingest_337.sh	相机素材接入
camera-ingest-338	camera-ingest	camera-ingest/camera_ingest_338.sh	相机素材接入
camera-ingest-339	camera-ingest	camera-ingest/camera_ingest_339.sh	相机素材接入
camera-ingest-340	camera-ingest	camera-ingest/camera_ingest_340.sh	相机素材接入
camera-ingest-341	camera-ingest	camera-ingest/camera_ingest_341.sh	相机素材接入
camera-ingest-342	camera-ingest	camera-ingest/camera_ingest_342.sh	相机素材接入
camera-ingest-343	camera-ingest	camera-ingest/camera_ingest_343.sh	相机素材接入
camera-ingest-344	camera-ingest	camera-ingest/camera_ingest_344.sh	相机素材接入
camera-ingest-345	camera-ingest	camera-ingest/camera_ingest_345.sh	相机素材接入
camera-ingest-346	camera-ingest	camera-ingest/camera_ingest_346.sh	相机素材接入
camera-ingest-347	camera-ingest	camera-ingest/camera_ingest_347.sh	相机素材接入
camera-ingest-348	camera-ingest	camera-ingest/camera_ingest_348.sh	相机素材接入
camera-ingest-349	camera-ingest	camera-ingest/camera_ingest_349.sh	相机素材接入
camera-ingest-350	camera-ingest	camera-ingest/camera_ingest_350.sh	相机素材接入
camera-ingest-351	camera-ingest	camera-ingest/camera_ingest_351.sh	相机素材接入
camera-ingest-352	camera-ingest	camera-ingest/camera_ingest_352.sh	相机素材接入
camera-ingest-353	camera-ingest	camera-ingest/camera_ingest_353.sh	相机素材接入
camera-ingest-354	camera-ingest	camera-ingest/camera_ingest_354.sh	相机素材接入
camera-ingest-355	camera-ingest	camera-ingest/camera_ingest_355.sh	相机素材接入
camera-ingest-356	camera-ingest	camera-ingest/camera_ingest_356.sh	相机素材接入
camera-ingest-357	camera-ingest	camera-ingest/camera_ingest_357.sh	相机素材接入
camera-ingest-358	camera-ingest	camera-ingest/camera_ingest_358.sh	相机素材接入
camera-ingest-359	camera-ingest	camera-ingest/camera_ingest_359.sh	相机素材接入
camera-ingest-360	camera-ingest	camera-ingest/camera_ingest_360.sh	相机素材接入
camera-ingest-361	camera-ingest	camera-ingest/camera_ingest_361.sh	相机素材接入
camera-ingest-362	camera-ingest	camera-ingest/camera_ingest_362.sh	相机素材接入
camera-ingest-363	camera-ingest	camera-ingest/camera_ingest_363.sh	相机素材接入
camera-ingest-364	camera-ingest	camera-ingest/camera_ingest_364.sh	相机素材接入
camera-ingest-365	camera-ingest	camera-ingest/camera_ingest_365.sh	相机素材接入
camera-ingest-366	camera-ingest	camera-ingest/camera_ingest_366.sh	相机素材接入
camera-ingest-367	camera-ingest	camera-ingest/camera_ingest_367.sh	相机素材接入
camera-ingest-368	camera-ingest	camera-ingest/camera_ingest_368.sh	相机素材接入
camera-ingest-369	camera-ingest	camera-ingest/camera_ingest_369.sh	相机素材接入
camera-ingest-370	camera-ingest	camera-ingest/camera_ingest_370.sh	相机素材接入
camera-ingest-371	camera-ingest	camera-ingest/camera_ingest_371.sh	相机素材接入
camera-ingest-372	camera-ingest	camera-ingest/camera_ingest_372.sh	相机素材接入
camera-ingest-373	camera-ingest	camera-ingest/camera_ingest_373.sh	相机素材接入
camera-ingest-374	camera-ingest	camera-ingest/camera_ingest_374.sh	相机素材接入
camera-ingest-375	camera-ingest	camera-ingest/camera_ingest_375.sh	相机素材接入
camera-ingest-376	camera-ingest	camera-ingest/camera_ingest_376.sh	相机素材接入
camera-ingest-377	camera-ingest	camera-ingest/camera_ingest_377.sh	相机素材接入
camera-ingest-378	camera-ingest	camera-ingest/camera_ingest_378.sh	相机素材接入
camera-ingest-379	camera-ingest	camera-ingest/camera_ingest_379.sh	相机素材接入
camera-ingest-380	camera-ingest	camera-ingest/camera_ingest_380.sh	相机素材接入
camera-ingest-381	camera-ingest	camera-ingest/camera_ingest_381.sh	相机素材接入
camera-ingest-382	camera-ingest	camera-ingest/camera_ingest_382.sh	相机素材接入
camera-ingest-383	camera-ingest	camera-ingest/camera_ingest_383.sh	相机素材接入
camera-ingest-384	camera-ingest	camera-ingest/camera_ingest_384.sh	相机素材接入
camera-ingest-385	camera-ingest	camera-ingest/camera_ingest_385.sh	相机素材接入
camera-ingest-386	camera-ingest	camera-ingest/camera_ingest_386.sh	相机素材接入
camera-ingest-387	camera-ingest	camera-ingest/camera_ingest_387.sh	相机素材接入
camera-ingest-388	camera-ingest	camera-ingest/camera_ingest_388.sh	相机素材接入
camera-ingest-389	camera-ingest	camera-ingest/camera_ingest_389.sh	相机素材接入
camera-ingest-390	camera-ingest	camera-ingest/camera_ingest_390.sh	相机素材接入
camera-ingest-391	camera-ingest	camera-ingest/camera_ingest_391.sh	相机素材接入
camera-ingest-392	camera-ingest	camera-ingest/camera_ingest_392.sh	相机素材接入
camera-ingest-393	camera-ingest	camera-ingest/camera_ingest_393.sh	相机素材接入
camera-ingest-394	camera-ingest	camera-ingest/camera_ingest_394.sh	相机素材接入
camera-ingest-395	camera-ingest	camera-ingest/camera_ingest_395.sh	相机素材接入
camera-ingest-396	camera-ingest	camera-ingest/camera_ingest_396.sh	相机素材接入
camera-ingest-397	camera-ingest	camera-ingest/camera_ingest_397.sh	相机素材接入
camera-ingest-398	camera-ingest	camera-ingest/camera_ingest_398.sh	相机素材接入
camera-ingest-399	camera-ingest	camera-ingest/camera_ingest_399.sh	相机素材接入
camera-ingest-400	camera-ingest	camera-ingest/camera_ingest_400.sh	相机素材接入
camera-ingest-401	camera-ingest	camera-ingest/camera_ingest_401.sh	相机素材接入
camera-ingest-402	camera-ingest	camera-ingest/camera_ingest_402.sh	相机素材接入
camera-ingest-403	camera-ingest	camera-ingest/camera_ingest_403.sh	相机素材接入
camera-ingest-404	camera-ingest	camera-ingest/camera_ingest_404.sh	相机素材接入
camera-ingest-405	camera-ingest	camera-ingest/camera_ingest_405.sh	相机素材接入
camera-ingest-406	camera-ingest	camera-ingest/camera_ingest_406.sh	相机素材接入
camera-ingest-407	camera-ingest	camera-ingest/camera_ingest_407.sh	相机素材接入
camera-ingest-408	camera-ingest	camera-ingest/camera_ingest_408.sh	相机素材接入
camera-ingest-409	camera-ingest	camera-ingest/camera_ingest_409.sh	相机素材接入
camera-ingest-410	camera-ingest	camera-ingest/camera_ingest_410.sh	相机素材接入
camera-ingest-411	camera-ingest	camera-ingest/camera_ingest_411.sh	相机素材接入
camera-ingest-412	camera-ingest	camera-ingest/camera_ingest_412.sh	相机素材接入
camera-ingest-413	camera-ingest	camera-ingest/camera_ingest_413.sh	相机素材接入
camera-ingest-414	camera-ingest	camera-ingest/camera_ingest_414.sh	相机素材接入
camera-ingest-415	camera-ingest	camera-ingest/camera_ingest_415.sh	相机素材接入
camera-ingest-416	camera-ingest	camera-ingest/camera_ingest_416.sh	相机素材接入
camera-ingest-417	camera-ingest	camera-ingest/camera_ingest_417.sh	相机素材接入
camera-ingest-418	camera-ingest	camera-ingest/camera_ingest_418.sh	相机素材接入
camera-ingest-419	camera-ingest	camera-ingest/camera_ingest_419.sh	相机素材接入
camera-ingest-420	camera-ingest	camera-ingest/camera_ingest_420.sh	相机素材接入
camera-ingest-421	camera-ingest	camera-ingest/camera_ingest_421.sh	相机素材接入
camera-ingest-422	camera-ingest	camera-ingest/camera_ingest_422.sh	相机素材接入
camera-ingest-423	camera-ingest	camera-ingest/camera_ingest_423.sh	相机素材接入
camera-ingest-424	camera-ingest	camera-ingest/camera_ingest_424.sh	相机素材接入
camera-ingest-425	camera-ingest	camera-ingest/camera_ingest_425.sh	相机素材接入
camera-ingest-426	camera-ingest	camera-ingest/camera_ingest_426.sh	相机素材接入
camera-ingest-427	camera-ingest	camera-ingest/camera_ingest_427.sh	相机素材接入
camera-ingest-428	camera-ingest	camera-ingest/camera_ingest_428.sh	相机素材接入
camera-ingest-429	camera-ingest	camera-ingest/camera_ingest_429.sh	相机素材接入
camera-ingest-430	camera-ingest	camera-ingest/camera_ingest_430.sh	相机素材接入
camera-ingest-431	camera-ingest	camera-ingest/camera_ingest_431.sh	相机素材接入
camera-ingest-432	camera-ingest	camera-ingest/camera_ingest_432.sh	相机素材接入
camera-ingest-433	camera-ingest	camera-ingest/camera_ingest_433.sh	相机素材接入
camera-ingest-434	camera-ingest	camera-ingest/camera_ingest_434.sh	相机素材接入
camera-ingest-435	camera-ingest	camera-ingest/camera_ingest_435.sh	相机素材接入
camera-ingest-436	camera-ingest	camera-ingest/camera_ingest_436.sh	相机素材接入
camera-ingest-437	camera-ingest	camera-ingest/camera_ingest_437.sh	相机素材接入
camera-ingest-438	camera-ingest	camera-ingest/camera_ingest_438.sh	相机素材接入
camera-ingest-439	camera-ingest	camera-ingest/camera_ingest_439.sh	相机素材接入
camera-ingest-440	camera-ingest	camera-ingest/camera_ingest_440.sh	相机素材接入
camera-ingest-441	camera-ingest	camera-ingest/camera_ingest_441.sh	相机素材接入
camera-ingest-442	camera-ingest	camera-ingest/camera_ingest_442.sh	相机素材接入
camera-ingest-443	camera-ingest	camera-ingest/camera_ingest_443.sh	相机素材接入
camera-ingest-444	camera-ingest	camera-ingest/camera_ingest_444.sh	相机素材接入
camera-ingest-445	camera-ingest	camera-ingest/camera_ingest_445.sh	相机素材接入
camera-ingest-446	camera-ingest	camera-ingest/camera_ingest_446.sh	相机素材接入
camera-ingest-447	camera-ingest	camera-ingest/camera_ingest_447.sh	相机素材接入
camera-ingest-448	camera-ingest	camera-ingest/camera_ingest_448.sh	相机素材接入
camera-ingest-449	camera-ingest	camera-ingest/camera_ingest_449.sh	相机素材接入
camera-ingest-450	camera-ingest	camera-ingest/camera_ingest_450.sh	相机素材接入
camera-ingest-451	camera-ingest	camera-ingest/camera_ingest_451.sh	相机素材接入
camera-ingest-452	camera-ingest	camera-ingest/camera_ingest_452.sh	相机素材接入
camera-ingest-453	camera-ingest	camera-ingest/camera_ingest_453.sh	相机素材接入
camera-ingest-454	camera-ingest	camera-ingest/camera_ingest_454.sh	相机素材接入
camera-ingest-455	camera-ingest	camera-ingest/camera_ingest_455.sh	相机素材接入
camera-ingest-456	camera-ingest	camera-ingest/camera_ingest_456.sh	相机素材接入
camera-ingest-457	camera-ingest	camera-ingest/camera_ingest_457.sh	相机素材接入
camera-ingest-458	camera-ingest	camera-ingest/camera_ingest_458.sh	相机素材接入
camera-ingest-459	camera-ingest	camera-ingest/camera_ingest_459.sh	相机素材接入
camera-ingest-460	camera-ingest	camera-ingest/camera_ingest_460.sh	相机素材接入
camera-ingest-461	camera-ingest	camera-ingest/camera_ingest_461.sh	相机素材接入
camera-ingest-462	camera-ingest	camera-ingest/camera_ingest_462.sh	相机素材接入
camera-ingest-463	camera-ingest	camera-ingest/camera_ingest_463.sh	相机素材接入
camera-ingest-464	camera-ingest	camera-ingest/camera_ingest_464.sh	相机素材接入
camera-ingest-465	camera-ingest	camera-ingest/camera_ingest_465.sh	相机素材接入
camera-ingest-466	camera-ingest	camera-ingest/camera_ingest_466.sh	相机素材接入
camera-ingest-467	camera-ingest	camera-ingest/camera_ingest_467.sh	相机素材接入
camera-ingest-468	camera-ingest	camera-ingest/camera_ingest_468.sh	相机素材接入
camera-ingest-469	camera-ingest	camera-ingest/camera_ingest_469.sh	相机素材接入
camera-ingest-470	camera-ingest	camera-ingest/camera_ingest_470.sh	相机素材接入
camera-ingest-471	camera-ingest	camera-ingest/camera_ingest_471.sh	相机素材接入
camera-ingest-472	camera-ingest	camera-ingest/camera_ingest_472.sh	相机素材接入
camera-ingest-473	camera-ingest	camera-ingest/camera_ingest_473.sh	相机素材接入
camera-ingest-474	camera-ingest	camera-ingest/camera_ingest_474.sh	相机素材接入
camera-ingest-475	camera-ingest	camera-ingest/camera_ingest_475.sh	相机素材接入
camera-ingest-476	camera-ingest	camera-ingest/camera_ingest_476.sh	相机素材接入
camera-ingest-477	camera-ingest	camera-ingest/camera_ingest_477.sh	相机素材接入
camera-ingest-478	camera-ingest	camera-ingest/camera_ingest_478.sh	相机素材接入
camera-ingest-479	camera-ingest	camera-ingest/camera_ingest_479.sh	相机素材接入
camera-ingest-480	camera-ingest	camera-ingest/camera_ingest_480.sh	相机素材接入
camera-ingest-481	camera-ingest	camera-ingest/camera_ingest_481.sh	相机素材接入
camera-ingest-482	camera-ingest	camera-ingest/camera_ingest_482.sh	相机素材接入
camera-ingest-483	camera-ingest	camera-ingest/camera_ingest_483.sh	相机素材接入
camera-ingest-484	camera-ingest	camera-ingest/camera_ingest_484.sh	相机素材接入
camera-ingest-485	camera-ingest	camera-ingest/camera_ingest_485.sh	相机素材接入
camera-ingest-486	camera-ingest	camera-ingest/camera_ingest_486.sh	相机素材接入
camera-ingest-487	camera-ingest	camera-ingest/camera_ingest_487.sh	相机素材接入
camera-ingest-488	camera-ingest	camera-ingest/camera_ingest_488.sh	相机素材接入
camera-inspect-001	camera-inspect	camera-inspect/camera_inspect_001.sh	相机素材检查
camera-inspect-002	camera-inspect	camera-inspect/camera_inspect_002.sh	相机素材检查
camera-inspect-003	camera-inspect	camera-inspect/camera_inspect_003.sh	相机素材检查
camera-inspect-004	camera-inspect	camera-inspect/camera_inspect_004.sh	相机素材检查
camera-inspect-005	camera-inspect	camera-inspect/camera_inspect_005.sh	相机素材检查
camera-inspect-006	camera-inspect	camera-inspect/camera_inspect_006.sh	相机素材检查
camera-inspect-007	camera-inspect	camera-inspect/camera_inspect_007.sh	相机素材检查
camera-inspect-008	camera-inspect	camera-inspect/camera_inspect_008.sh	相机素材检查
camera-inspect-009	camera-inspect	camera-inspect/camera_inspect_009.sh	相机素材检查
camera-inspect-010	camera-inspect	camera-inspect/camera_inspect_010.sh	相机素材检查
camera-inspect-011	camera-inspect	camera-inspect/camera_inspect_011.sh	相机素材检查
camera-inspect-012	camera-inspect	camera-inspect/camera_inspect_012.sh	相机素材检查
camera-inspect-013	camera-inspect	camera-inspect/camera_inspect_013.sh	相机素材检查
camera-inspect-014	camera-inspect	camera-inspect/camera_inspect_014.sh	相机素材检查
camera-inspect-015	camera-inspect	camera-inspect/camera_inspect_015.sh	相机素材检查
camera-inspect-016	camera-inspect	camera-inspect/camera_inspect_016.sh	相机素材检查
camera-inspect-017	camera-inspect	camera-inspect/camera_inspect_017.sh	相机素材检查
camera-inspect-018	camera-inspect	camera-inspect/camera_inspect_018.sh	相机素材检查
camera-inspect-019	camera-inspect	camera-inspect/camera_inspect_019.sh	相机素材检查
camera-inspect-020	camera-inspect	camera-inspect/camera_inspect_020.sh	相机素材检查
camera-inspect-021	camera-inspect	camera-inspect/camera_inspect_021.sh	相机素材检查
camera-inspect-022	camera-inspect	camera-inspect/camera_inspect_022.sh	相机素材检查
camera-inspect-023	camera-inspect	camera-inspect/camera_inspect_023.sh	相机素材检查
camera-inspect-024	camera-inspect	camera-inspect/camera_inspect_024.sh	相机素材检查
camera-inspect-025	camera-inspect	camera-inspect/camera_inspect_025.sh	相机素材检查
camera-inspect-026	camera-inspect	camera-inspect/camera_inspect_026.sh	相机素材检查
camera-inspect-027	camera-inspect	camera-inspect/camera_inspect_027.sh	相机素材检查
camera-inspect-028	camera-inspect	camera-inspect/camera_inspect_028.sh	相机素材检查
camera-inspect-029	camera-inspect	camera-inspect/camera_inspect_029.sh	相机素材检查
camera-inspect-030	camera-inspect	camera-inspect/camera_inspect_030.sh	相机素材检查
camera-inspect-031	camera-inspect	camera-inspect/camera_inspect_031.sh	相机素材检查
camera-inspect-032	camera-inspect	camera-inspect/camera_inspect_032.sh	相机素材检查
camera-inspect-033	camera-inspect	camera-inspect/camera_inspect_033.sh	相机素材检查
camera-inspect-034	camera-inspect	camera-inspect/camera_inspect_034.sh	相机素材检查
camera-inspect-035	camera-inspect	camera-inspect/camera_inspect_035.sh	相机素材检查
camera-inspect-036	camera-inspect	camera-inspect/camera_inspect_036.sh	相机素材检查
camera-inspect-037	camera-inspect	camera-inspect/camera_inspect_037.sh	相机素材检查
camera-inspect-038	camera-inspect	camera-inspect/camera_inspect_038.sh	相机素材检查
camera-inspect-039	camera-inspect	camera-inspect/camera_inspect_039.sh	相机素材检查
camera-inspect-040	camera-inspect	camera-inspect/camera_inspect_040.sh	相机素材检查
camera-inspect-041	camera-inspect	camera-inspect/camera_inspect_041.sh	相机素材检查
camera-inspect-042	camera-inspect	camera-inspect/camera_inspect_042.sh	相机素材检查
camera-inspect-043	camera-inspect	camera-inspect/camera_inspect_043.sh	相机素材检查
camera-inspect-044	camera-inspect	camera-inspect/camera_inspect_044.sh	相机素材检查
camera-inspect-045	camera-inspect	camera-inspect/camera_inspect_045.sh	相机素材检查
camera-inspect-046	camera-inspect	camera-inspect/camera_inspect_046.sh	相机素材检查
camera-inspect-047	camera-inspect	camera-inspect/camera_inspect_047.sh	相机素材检查
camera-inspect-048	camera-inspect	camera-inspect/camera_inspect_048.sh	相机素材检查
camera-inspect-049	camera-inspect	camera-inspect/camera_inspect_049.sh	相机素材检查
camera-inspect-050	camera-inspect	camera-inspect/camera_inspect_050.sh	相机素材检查
camera-inspect-051	camera-inspect	camera-inspect/camera_inspect_051.sh	相机素材检查
camera-inspect-052	camera-inspect	camera-inspect/camera_inspect_052.sh	相机素材检查
camera-inspect-053	camera-inspect	camera-inspect/camera_inspect_053.sh	相机素材检查
camera-inspect-054	camera-inspect	camera-inspect/camera_inspect_054.sh	相机素材检查
camera-inspect-055	camera-inspect	camera-inspect/camera_inspect_055.sh	相机素材检查
camera-inspect-056	camera-inspect	camera-inspect/camera_inspect_056.sh	相机素材检查
camera-inspect-057	camera-inspect	camera-inspect/camera_inspect_057.sh	相机素材检查
camera-inspect-058	camera-inspect	camera-inspect/camera_inspect_058.sh	相机素材检查
camera-inspect-059	camera-inspect	camera-inspect/camera_inspect_059.sh	相机素材检查
camera-inspect-060	camera-inspect	camera-inspect/camera_inspect_060.sh	相机素材检查
camera-inspect-061	camera-inspect	camera-inspect/camera_inspect_061.sh	相机素材检查
camera-inspect-062	camera-inspect	camera-inspect/camera_inspect_062.sh	相机素材检查
camera-inspect-063	camera-inspect	camera-inspect/camera_inspect_063.sh	相机素材检查
camera-inspect-064	camera-inspect	camera-inspect/camera_inspect_064.sh	相机素材检查
camera-inspect-065	camera-inspect	camera-inspect/camera_inspect_065.sh	相机素材检查
camera-inspect-066	camera-inspect	camera-inspect/camera_inspect_066.sh	相机素材检查
camera-inspect-067	camera-inspect	camera-inspect/camera_inspect_067.sh	相机素材检查
camera-inspect-068	camera-inspect	camera-inspect/camera_inspect_068.sh	相机素材检查
camera-inspect-069	camera-inspect	camera-inspect/camera_inspect_069.sh	相机素材检查
camera-inspect-070	camera-inspect	camera-inspect/camera_inspect_070.sh	相机素材检查
camera-inspect-071	camera-inspect	camera-inspect/camera_inspect_071.sh	相机素材检查
camera-inspect-072	camera-inspect	camera-inspect/camera_inspect_072.sh	相机素材检查
camera-inspect-073	camera-inspect	camera-inspect/camera_inspect_073.sh	相机素材检查
camera-inspect-074	camera-inspect	camera-inspect/camera_inspect_074.sh	相机素材检查
camera-inspect-075	camera-inspect	camera-inspect/camera_inspect_075.sh	相机素材检查
camera-inspect-076	camera-inspect	camera-inspect/camera_inspect_076.sh	相机素材检查
camera-inspect-077	camera-inspect	camera-inspect/camera_inspect_077.sh	相机素材检查
camera-inspect-078	camera-inspect	camera-inspect/camera_inspect_078.sh	相机素材检查
camera-inspect-079	camera-inspect	camera-inspect/camera_inspect_079.sh	相机素材检查
camera-inspect-080	camera-inspect	camera-inspect/camera_inspect_080.sh	相机素材检查
camera-inspect-081	camera-inspect	camera-inspect/camera_inspect_081.sh	相机素材检查
camera-inspect-082	camera-inspect	camera-inspect/camera_inspect_082.sh	相机素材检查
camera-inspect-083	camera-inspect	camera-inspect/camera_inspect_083.sh	相机素材检查
camera-inspect-084	camera-inspect	camera-inspect/camera_inspect_084.sh	相机素材检查
camera-inspect-085	camera-inspect	camera-inspect/camera_inspect_085.sh	相机素材检查
camera-inspect-086	camera-inspect	camera-inspect/camera_inspect_086.sh	相机素材检查
camera-inspect-087	camera-inspect	camera-inspect/camera_inspect_087.sh	相机素材检查
camera-inspect-088	camera-inspect	camera-inspect/camera_inspect_088.sh	相机素材检查
camera-inspect-089	camera-inspect	camera-inspect/camera_inspect_089.sh	相机素材检查
camera-inspect-090	camera-inspect	camera-inspect/camera_inspect_090.sh	相机素材检查
camera-inspect-091	camera-inspect	camera-inspect/camera_inspect_091.sh	相机素材检查
camera-inspect-092	camera-inspect	camera-inspect/camera_inspect_092.sh	相机素材检查
camera-inspect-093	camera-inspect	camera-inspect/camera_inspect_093.sh	相机素材检查
camera-inspect-094	camera-inspect	camera-inspect/camera_inspect_094.sh	相机素材检查
camera-inspect-095	camera-inspect	camera-inspect/camera_inspect_095.sh	相机素材检查
camera-inspect-096	camera-inspect	camera-inspect/camera_inspect_096.sh	相机素材检查
camera-inspect-097	camera-inspect	camera-inspect/camera_inspect_097.sh	相机素材检查
camera-inspect-098	camera-inspect	camera-inspect/camera_inspect_098.sh	相机素材检查
camera-inspect-099	camera-inspect	camera-inspect/camera_inspect_099.sh	相机素材检查
camera-inspect-100	camera-inspect	camera-inspect/camera_inspect_100.sh	相机素材检查
camera-inspect-101	camera-inspect	camera-inspect/camera_inspect_101.sh	相机素材检查
camera-inspect-102	camera-inspect	camera-inspect/camera_inspect_102.sh	相机素材检查
camera-inspect-103	camera-inspect	camera-inspect/camera_inspect_103.sh	相机素材检查
camera-inspect-104	camera-inspect	camera-inspect/camera_inspect_104.sh	相机素材检查
camera-inspect-105	camera-inspect	camera-inspect/camera_inspect_105.sh	相机素材检查
camera-inspect-106	camera-inspect	camera-inspect/camera_inspect_106.sh	相机素材检查
camera-inspect-107	camera-inspect	camera-inspect/camera_inspect_107.sh	相机素材检查
camera-inspect-108	camera-inspect	camera-inspect/camera_inspect_108.sh	相机素材检查
camera-inspect-109	camera-inspect	camera-inspect/camera_inspect_109.sh	相机素材检查
camera-inspect-110	camera-inspect	camera-inspect/camera_inspect_110.sh	相机素材检查
camera-inspect-111	camera-inspect	camera-inspect/camera_inspect_111.sh	相机素材检查
camera-inspect-112	camera-inspect	camera-inspect/camera_inspect_112.sh	相机素材检查
camera-inspect-113	camera-inspect	camera-inspect/camera_inspect_113.sh	相机素材检查
camera-inspect-114	camera-inspect	camera-inspect/camera_inspect_114.sh	相机素材检查
camera-inspect-115	camera-inspect	camera-inspect/camera_inspect_115.sh	相机素材检查
camera-inspect-116	camera-inspect	camera-inspect/camera_inspect_116.sh	相机素材检查
camera-inspect-117	camera-inspect	camera-inspect/camera_inspect_117.sh	相机素材检查
camera-inspect-118	camera-inspect	camera-inspect/camera_inspect_118.sh	相机素材检查
camera-inspect-119	camera-inspect	camera-inspect/camera_inspect_119.sh	相机素材检查
camera-inspect-120	camera-inspect	camera-inspect/camera_inspect_120.sh	相机素材检查
camera-inspect-121	camera-inspect	camera-inspect/camera_inspect_121.sh	相机素材检查
camera-inspect-122	camera-inspect	camera-inspect/camera_inspect_122.sh	相机素材检查
camera-inspect-123	camera-inspect	camera-inspect/camera_inspect_123.sh	相机素材检查
camera-inspect-124	camera-inspect	camera-inspect/camera_inspect_124.sh	相机素材检查
camera-inspect-125	camera-inspect	camera-inspect/camera_inspect_125.sh	相机素材检查
camera-inspect-126	camera-inspect	camera-inspect/camera_inspect_126.sh	相机素材检查
camera-inspect-127	camera-inspect	camera-inspect/camera_inspect_127.sh	相机素材检查
camera-inspect-128	camera-inspect	camera-inspect/camera_inspect_128.sh	相机素材检查
camera-inspect-129	camera-inspect	camera-inspect/camera_inspect_129.sh	相机素材检查
camera-inspect-130	camera-inspect	camera-inspect/camera_inspect_130.sh	相机素材检查
camera-inspect-131	camera-inspect	camera-inspect/camera_inspect_131.sh	相机素材检查
camera-inspect-132	camera-inspect	camera-inspect/camera_inspect_132.sh	相机素材检查
camera-inspect-133	camera-inspect	camera-inspect/camera_inspect_133.sh	相机素材检查
camera-inspect-134	camera-inspect	camera-inspect/camera_inspect_134.sh	相机素材检查
camera-inspect-135	camera-inspect	camera-inspect/camera_inspect_135.sh	相机素材检查
camera-inspect-136	camera-inspect	camera-inspect/camera_inspect_136.sh	相机素材检查
camera-inspect-137	camera-inspect	camera-inspect/camera_inspect_137.sh	相机素材检查
camera-inspect-138	camera-inspect	camera-inspect/camera_inspect_138.sh	相机素材检查
camera-inspect-139	camera-inspect	camera-inspect/camera_inspect_139.sh	相机素材检查
camera-inspect-140	camera-inspect	camera-inspect/camera_inspect_140.sh	相机素材检查
camera-inspect-141	camera-inspect	camera-inspect/camera_inspect_141.sh	相机素材检查
camera-inspect-142	camera-inspect	camera-inspect/camera_inspect_142.sh	相机素材检查
camera-inspect-143	camera-inspect	camera-inspect/camera_inspect_143.sh	相机素材检查
camera-inspect-144	camera-inspect	camera-inspect/camera_inspect_144.sh	相机素材检查
camera-inspect-145	camera-inspect	camera-inspect/camera_inspect_145.sh	相机素材检查
camera-inspect-146	camera-inspect	camera-inspect/camera_inspect_146.sh	相机素材检查
camera-inspect-147	camera-inspect	camera-inspect/camera_inspect_147.sh	相机素材检查
camera-inspect-148	camera-inspect	camera-inspect/camera_inspect_148.sh	相机素材检查
camera-inspect-149	camera-inspect	camera-inspect/camera_inspect_149.sh	相机素材检查
camera-inspect-150	camera-inspect	camera-inspect/camera_inspect_150.sh	相机素材检查
camera-inspect-151	camera-inspect	camera-inspect/camera_inspect_151.sh	相机素材检查
camera-inspect-152	camera-inspect	camera-inspect/camera_inspect_152.sh	相机素材检查
camera-inspect-153	camera-inspect	camera-inspect/camera_inspect_153.sh	相机素材检查
camera-inspect-154	camera-inspect	camera-inspect/camera_inspect_154.sh	相机素材检查
camera-inspect-155	camera-inspect	camera-inspect/camera_inspect_155.sh	相机素材检查
camera-inspect-156	camera-inspect	camera-inspect/camera_inspect_156.sh	相机素材检查
camera-inspect-157	camera-inspect	camera-inspect/camera_inspect_157.sh	相机素材检查
camera-inspect-158	camera-inspect	camera-inspect/camera_inspect_158.sh	相机素材检查
camera-inspect-159	camera-inspect	camera-inspect/camera_inspect_159.sh	相机素材检查
camera-inspect-160	camera-inspect	camera-inspect/camera_inspect_160.sh	相机素材检查
camera-inspect-161	camera-inspect	camera-inspect/camera_inspect_161.sh	相机素材检查
camera-inspect-162	camera-inspect	camera-inspect/camera_inspect_162.sh	相机素材检查
camera-inspect-163	camera-inspect	camera-inspect/camera_inspect_163.sh	相机素材检查
camera-inspect-164	camera-inspect	camera-inspect/camera_inspect_164.sh	相机素材检查
camera-inspect-165	camera-inspect	camera-inspect/camera_inspect_165.sh	相机素材检查
camera-inspect-166	camera-inspect	camera-inspect/camera_inspect_166.sh	相机素材检查
camera-inspect-167	camera-inspect	camera-inspect/camera_inspect_167.sh	相机素材检查
camera-inspect-168	camera-inspect	camera-inspect/camera_inspect_168.sh	相机素材检查
camera-inspect-169	camera-inspect	camera-inspect/camera_inspect_169.sh	相机素材检查
camera-inspect-170	camera-inspect	camera-inspect/camera_inspect_170.sh	相机素材检查
camera-inspect-171	camera-inspect	camera-inspect/camera_inspect_171.sh	相机素材检查
camera-inspect-172	camera-inspect	camera-inspect/camera_inspect_172.sh	相机素材检查
camera-inspect-173	camera-inspect	camera-inspect/camera_inspect_173.sh	相机素材检查
camera-inspect-174	camera-inspect	camera-inspect/camera_inspect_174.sh	相机素材检查
camera-inspect-175	camera-inspect	camera-inspect/camera_inspect_175.sh	相机素材检查
camera-inspect-176	camera-inspect	camera-inspect/camera_inspect_176.sh	相机素材检查
camera-inspect-177	camera-inspect	camera-inspect/camera_inspect_177.sh	相机素材检查
camera-inspect-178	camera-inspect	camera-inspect/camera_inspect_178.sh	相机素材检查
camera-inspect-179	camera-inspect	camera-inspect/camera_inspect_179.sh	相机素材检查
camera-inspect-180	camera-inspect	camera-inspect/camera_inspect_180.sh	相机素材检查
camera-inspect-181	camera-inspect	camera-inspect/camera_inspect_181.sh	相机素材检查
camera-inspect-182	camera-inspect	camera-inspect/camera_inspect_182.sh	相机素材检查
camera-inspect-183	camera-inspect	camera-inspect/camera_inspect_183.sh	相机素材检查
camera-inspect-184	camera-inspect	camera-inspect/camera_inspect_184.sh	相机素材检查
camera-inspect-185	camera-inspect	camera-inspect/camera_inspect_185.sh	相机素材检查
camera-inspect-186	camera-inspect	camera-inspect/camera_inspect_186.sh	相机素材检查
camera-inspect-187	camera-inspect	camera-inspect/camera_inspect_187.sh	相机素材检查
camera-inspect-188	camera-inspect	camera-inspect/camera_inspect_188.sh	相机素材检查
camera-inspect-189	camera-inspect	camera-inspect/camera_inspect_189.sh	相机素材检查
camera-inspect-190	camera-inspect	camera-inspect/camera_inspect_190.sh	相机素材检查
camera-inspect-191	camera-inspect	camera-inspect/camera_inspect_191.sh	相机素材检查
camera-inspect-192	camera-inspect	camera-inspect/camera_inspect_192.sh	相机素材检查
camera-inspect-193	camera-inspect	camera-inspect/camera_inspect_193.sh	相机素材检查
camera-inspect-194	camera-inspect	camera-inspect/camera_inspect_194.sh	相机素材检查
camera-inspect-195	camera-inspect	camera-inspect/camera_inspect_195.sh	相机素材检查
camera-inspect-196	camera-inspect	camera-inspect/camera_inspect_196.sh	相机素材检查
camera-inspect-197	camera-inspect	camera-inspect/camera_inspect_197.sh	相机素材检查
camera-inspect-198	camera-inspect	camera-inspect/camera_inspect_198.sh	相机素材检查
camera-inspect-199	camera-inspect	camera-inspect/camera_inspect_199.sh	相机素材检查
camera-inspect-200	camera-inspect	camera-inspect/camera_inspect_200.sh	相机素材检查
camera-inspect-201	camera-inspect	camera-inspect/camera_inspect_201.sh	相机素材检查
camera-inspect-202	camera-inspect	camera-inspect/camera_inspect_202.sh	相机素材检查
camera-inspect-203	camera-inspect	camera-inspect/camera_inspect_203.sh	相机素材检查
camera-inspect-204	camera-inspect	camera-inspect/camera_inspect_204.sh	相机素材检查
camera-inspect-205	camera-inspect	camera-inspect/camera_inspect_205.sh	相机素材检查
camera-inspect-206	camera-inspect	camera-inspect/camera_inspect_206.sh	相机素材检查
camera-inspect-207	camera-inspect	camera-inspect/camera_inspect_207.sh	相机素材检查
camera-inspect-208	camera-inspect	camera-inspect/camera_inspect_208.sh	相机素材检查
camera-inspect-209	camera-inspect	camera-inspect/camera_inspect_209.sh	相机素材检查
camera-inspect-210	camera-inspect	camera-inspect/camera_inspect_210.sh	相机素材检查
camera-inspect-211	camera-inspect	camera-inspect/camera_inspect_211.sh	相机素材检查
camera-inspect-212	camera-inspect	camera-inspect/camera_inspect_212.sh	相机素材检查
camera-inspect-213	camera-inspect	camera-inspect/camera_inspect_213.sh	相机素材检查
camera-inspect-214	camera-inspect	camera-inspect/camera_inspect_214.sh	相机素材检查
camera-inspect-215	camera-inspect	camera-inspect/camera_inspect_215.sh	相机素材检查
camera-inspect-216	camera-inspect	camera-inspect/camera_inspect_216.sh	相机素材检查
camera-inspect-217	camera-inspect	camera-inspect/camera_inspect_217.sh	相机素材检查
camera-inspect-218	camera-inspect	camera-inspect/camera_inspect_218.sh	相机素材检查
camera-inspect-219	camera-inspect	camera-inspect/camera_inspect_219.sh	相机素材检查
camera-inspect-220	camera-inspect	camera-inspect/camera_inspect_220.sh	相机素材检查
camera-inspect-221	camera-inspect	camera-inspect/camera_inspect_221.sh	相机素材检查
camera-inspect-222	camera-inspect	camera-inspect/camera_inspect_222.sh	相机素材检查
camera-inspect-223	camera-inspect	camera-inspect/camera_inspect_223.sh	相机素材检查
camera-inspect-224	camera-inspect	camera-inspect/camera_inspect_224.sh	相机素材检查
camera-inspect-225	camera-inspect	camera-inspect/camera_inspect_225.sh	相机素材检查
camera-inspect-226	camera-inspect	camera-inspect/camera_inspect_226.sh	相机素材检查
camera-inspect-227	camera-inspect	camera-inspect/camera_inspect_227.sh	相机素材检查
camera-inspect-228	camera-inspect	camera-inspect/camera_inspect_228.sh	相机素材检查
camera-inspect-229	camera-inspect	camera-inspect/camera_inspect_229.sh	相机素材检查
camera-inspect-230	camera-inspect	camera-inspect/camera_inspect_230.sh	相机素材检查
camera-inspect-231	camera-inspect	camera-inspect/camera_inspect_231.sh	相机素材检查
camera-inspect-232	camera-inspect	camera-inspect/camera_inspect_232.sh	相机素材检查
camera-inspect-233	camera-inspect	camera-inspect/camera_inspect_233.sh	相机素材检查
camera-inspect-234	camera-inspect	camera-inspect/camera_inspect_234.sh	相机素材检查
camera-inspect-235	camera-inspect	camera-inspect/camera_inspect_235.sh	相机素材检查
camera-inspect-236	camera-inspect	camera-inspect/camera_inspect_236.sh	相机素材检查
camera-inspect-237	camera-inspect	camera-inspect/camera_inspect_237.sh	相机素材检查
camera-inspect-238	camera-inspect	camera-inspect/camera_inspect_238.sh	相机素材检查
camera-inspect-239	camera-inspect	camera-inspect/camera_inspect_239.sh	相机素材检查
camera-inspect-240	camera-inspect	camera-inspect/camera_inspect_240.sh	相机素材检查
camera-inspect-241	camera-inspect	camera-inspect/camera_inspect_241.sh	相机素材检查
camera-inspect-242	camera-inspect	camera-inspect/camera_inspect_242.sh	相机素材检查
camera-inspect-243	camera-inspect	camera-inspect/camera_inspect_243.sh	相机素材检查
camera-inspect-244	camera-inspect	camera-inspect/camera_inspect_244.sh	相机素材检查
camera-inspect-245	camera-inspect	camera-inspect/camera_inspect_245.sh	相机素材检查
camera-inspect-246	camera-inspect	camera-inspect/camera_inspect_246.sh	相机素材检查
camera-inspect-247	camera-inspect	camera-inspect/camera_inspect_247.sh	相机素材检查
camera-inspect-248	camera-inspect	camera-inspect/camera_inspect_248.sh	相机素材检查
camera-inspect-249	camera-inspect	camera-inspect/camera_inspect_249.sh	相机素材检查
camera-inspect-250	camera-inspect	camera-inspect/camera_inspect_250.sh	相机素材检查
camera-inspect-251	camera-inspect	camera-inspect/camera_inspect_251.sh	相机素材检查
camera-inspect-252	camera-inspect	camera-inspect/camera_inspect_252.sh	相机素材检查
camera-inspect-253	camera-inspect	camera-inspect/camera_inspect_253.sh	相机素材检查
camera-inspect-254	camera-inspect	camera-inspect/camera_inspect_254.sh	相机素材检查
camera-inspect-255	camera-inspect	camera-inspect/camera_inspect_255.sh	相机素材检查
camera-inspect-256	camera-inspect	camera-inspect/camera_inspect_256.sh	相机素材检查
camera-inspect-257	camera-inspect	camera-inspect/camera_inspect_257.sh	相机素材检查
camera-inspect-258	camera-inspect	camera-inspect/camera_inspect_258.sh	相机素材检查
camera-inspect-259	camera-inspect	camera-inspect/camera_inspect_259.sh	相机素材检查
camera-inspect-260	camera-inspect	camera-inspect/camera_inspect_260.sh	相机素材检查
camera-inspect-261	camera-inspect	camera-inspect/camera_inspect_261.sh	相机素材检查
camera-inspect-262	camera-inspect	camera-inspect/camera_inspect_262.sh	相机素材检查
camera-inspect-263	camera-inspect	camera-inspect/camera_inspect_263.sh	相机素材检查
camera-inspect-264	camera-inspect	camera-inspect/camera_inspect_264.sh	相机素材检查
camera-inspect-265	camera-inspect	camera-inspect/camera_inspect_265.sh	相机素材检查
camera-inspect-266	camera-inspect	camera-inspect/camera_inspect_266.sh	相机素材检查
camera-inspect-267	camera-inspect	camera-inspect/camera_inspect_267.sh	相机素材检查
camera-inspect-268	camera-inspect	camera-inspect/camera_inspect_268.sh	相机素材检查
camera-inspect-269	camera-inspect	camera-inspect/camera_inspect_269.sh	相机素材检查
camera-inspect-270	camera-inspect	camera-inspect/camera_inspect_270.sh	相机素材检查
camera-inspect-271	camera-inspect	camera-inspect/camera_inspect_271.sh	相机素材检查
camera-inspect-272	camera-inspect	camera-inspect/camera_inspect_272.sh	相机素材检查
camera-inspect-273	camera-inspect	camera-inspect/camera_inspect_273.sh	相机素材检查
camera-inspect-274	camera-inspect	camera-inspect/camera_inspect_274.sh	相机素材检查
camera-inspect-275	camera-inspect	camera-inspect/camera_inspect_275.sh	相机素材检查
camera-inspect-276	camera-inspect	camera-inspect/camera_inspect_276.sh	相机素材检查
camera-inspect-277	camera-inspect	camera-inspect/camera_inspect_277.sh	相机素材检查
camera-inspect-278	camera-inspect	camera-inspect/camera_inspect_278.sh	相机素材检查
camera-inspect-279	camera-inspect	camera-inspect/camera_inspect_279.sh	相机素材检查
camera-inspect-280	camera-inspect	camera-inspect/camera_inspect_280.sh	相机素材检查
camera-inspect-281	camera-inspect	camera-inspect/camera_inspect_281.sh	相机素材检查
camera-inspect-282	camera-inspect	camera-inspect/camera_inspect_282.sh	相机素材检查
camera-inspect-283	camera-inspect	camera-inspect/camera_inspect_283.sh	相机素材检查
camera-inspect-284	camera-inspect	camera-inspect/camera_inspect_284.sh	相机素材检查
camera-inspect-285	camera-inspect	camera-inspect/camera_inspect_285.sh	相机素材检查
camera-inspect-286	camera-inspect	camera-inspect/camera_inspect_286.sh	相机素材检查
camera-inspect-287	camera-inspect	camera-inspect/camera_inspect_287.sh	相机素材检查
camera-inspect-288	camera-inspect	camera-inspect/camera_inspect_288.sh	相机素材检查
camera-inspect-289	camera-inspect	camera-inspect/camera_inspect_289.sh	相机素材检查
camera-inspect-290	camera-inspect	camera-inspect/camera_inspect_290.sh	相机素材检查
camera-inspect-291	camera-inspect	camera-inspect/camera_inspect_291.sh	相机素材检查
camera-inspect-292	camera-inspect	camera-inspect/camera_inspect_292.sh	相机素材检查
camera-inspect-293	camera-inspect	camera-inspect/camera_inspect_293.sh	相机素材检查
camera-inspect-294	camera-inspect	camera-inspect/camera_inspect_294.sh	相机素材检查
camera-inspect-295	camera-inspect	camera-inspect/camera_inspect_295.sh	相机素材检查
camera-inspect-296	camera-inspect	camera-inspect/camera_inspect_296.sh	相机素材检查
camera-inspect-297	camera-inspect	camera-inspect/camera_inspect_297.sh	相机素材检查
camera-inspect-298	camera-inspect	camera-inspect/camera_inspect_298.sh	相机素材检查
camera-inspect-299	camera-inspect	camera-inspect/camera_inspect_299.sh	相机素材检查
camera-inspect-300	camera-inspect	camera-inspect/camera_inspect_300.sh	相机素材检查
camera-inspect-301	camera-inspect	camera-inspect/camera_inspect_301.sh	相机素材检查
camera-inspect-302	camera-inspect	camera-inspect/camera_inspect_302.sh	相机素材检查
camera-inspect-303	camera-inspect	camera-inspect/camera_inspect_303.sh	相机素材检查
camera-inspect-304	camera-inspect	camera-inspect/camera_inspect_304.sh	相机素材检查
camera-inspect-305	camera-inspect	camera-inspect/camera_inspect_305.sh	相机素材检查
camera-inspect-306	camera-inspect	camera-inspect/camera_inspect_306.sh	相机素材检查
camera-inspect-307	camera-inspect	camera-inspect/camera_inspect_307.sh	相机素材检查
camera-inspect-308	camera-inspect	camera-inspect/camera_inspect_308.sh	相机素材检查
camera-inspect-309	camera-inspect	camera-inspect/camera_inspect_309.sh	相机素材检查
camera-inspect-310	camera-inspect	camera-inspect/camera_inspect_310.sh	相机素材检查
camera-inspect-311	camera-inspect	camera-inspect/camera_inspect_311.sh	相机素材检查
camera-inspect-312	camera-inspect	camera-inspect/camera_inspect_312.sh	相机素材检查
camera-inspect-313	camera-inspect	camera-inspect/camera_inspect_313.sh	相机素材检查
camera-inspect-314	camera-inspect	camera-inspect/camera_inspect_314.sh	相机素材检查
camera-inspect-315	camera-inspect	camera-inspect/camera_inspect_315.sh	相机素材检查
camera-inspect-316	camera-inspect	camera-inspect/camera_inspect_316.sh	相机素材检查
camera-inspect-317	camera-inspect	camera-inspect/camera_inspect_317.sh	相机素材检查
camera-inspect-318	camera-inspect	camera-inspect/camera_inspect_318.sh	相机素材检查
camera-inspect-319	camera-inspect	camera-inspect/camera_inspect_319.sh	相机素材检查
camera-inspect-320	camera-inspect	camera-inspect/camera_inspect_320.sh	相机素材检查
camera-inspect-321	camera-inspect	camera-inspect/camera_inspect_321.sh	相机素材检查
camera-inspect-322	camera-inspect	camera-inspect/camera_inspect_322.sh	相机素材检查
camera-inspect-323	camera-inspect	camera-inspect/camera_inspect_323.sh	相机素材检查
camera-inspect-324	camera-inspect	camera-inspect/camera_inspect_324.sh	相机素材检查
camera-inspect-325	camera-inspect	camera-inspect/camera_inspect_325.sh	相机素材检查
camera-inspect-326	camera-inspect	camera-inspect/camera_inspect_326.sh	相机素材检查
camera-inspect-327	camera-inspect	camera-inspect/camera_inspect_327.sh	相机素材检查
camera-inspect-328	camera-inspect	camera-inspect/camera_inspect_328.sh	相机素材检查
camera-inspect-329	camera-inspect	camera-inspect/camera_inspect_329.sh	相机素材检查
camera-inspect-330	camera-inspect	camera-inspect/camera_inspect_330.sh	相机素材检查
camera-inspect-331	camera-inspect	camera-inspect/camera_inspect_331.sh	相机素材检查
camera-inspect-332	camera-inspect	camera-inspect/camera_inspect_332.sh	相机素材检查
camera-inspect-333	camera-inspect	camera-inspect/camera_inspect_333.sh	相机素材检查
camera-inspect-334	camera-inspect	camera-inspect/camera_inspect_334.sh	相机素材检查
camera-inspect-335	camera-inspect	camera-inspect/camera_inspect_335.sh	相机素材检查
camera-inspect-336	camera-inspect	camera-inspect/camera_inspect_336.sh	相机素材检查
camera-inspect-337	camera-inspect	camera-inspect/camera_inspect_337.sh	相机素材检查
camera-inspect-338	camera-inspect	camera-inspect/camera_inspect_338.sh	相机素材检查
camera-inspect-339	camera-inspect	camera-inspect/camera_inspect_339.sh	相机素材检查
camera-inspect-340	camera-inspect	camera-inspect/camera_inspect_340.sh	相机素材检查
camera-inspect-341	camera-inspect	camera-inspect/camera_inspect_341.sh	相机素材检查
camera-inspect-342	camera-inspect	camera-inspect/camera_inspect_342.sh	相机素材检查
camera-inspect-343	camera-inspect	camera-inspect/camera_inspect_343.sh	相机素材检查
camera-inspect-344	camera-inspect	camera-inspect/camera_inspect_344.sh	相机素材检查
camera-inspect-345	camera-inspect	camera-inspect/camera_inspect_345.sh	相机素材检查
camera-inspect-346	camera-inspect	camera-inspect/camera_inspect_346.sh	相机素材检查
camera-inspect-347	camera-inspect	camera-inspect/camera_inspect_347.sh	相机素材检查
camera-inspect-348	camera-inspect	camera-inspect/camera_inspect_348.sh	相机素材检查
camera-inspect-349	camera-inspect	camera-inspect/camera_inspect_349.sh	相机素材检查
camera-inspect-350	camera-inspect	camera-inspect/camera_inspect_350.sh	相机素材检查
camera-inspect-351	camera-inspect	camera-inspect/camera_inspect_351.sh	相机素材检查
camera-inspect-352	camera-inspect	camera-inspect/camera_inspect_352.sh	相机素材检查
camera-inspect-353	camera-inspect	camera-inspect/camera_inspect_353.sh	相机素材检查
camera-inspect-354	camera-inspect	camera-inspect/camera_inspect_354.sh	相机素材检查
camera-inspect-355	camera-inspect	camera-inspect/camera_inspect_355.sh	相机素材检查
camera-inspect-356	camera-inspect	camera-inspect/camera_inspect_356.sh	相机素材检查
camera-inspect-357	camera-inspect	camera-inspect/camera_inspect_357.sh	相机素材检查
camera-inspect-358	camera-inspect	camera-inspect/camera_inspect_358.sh	相机素材检查
camera-inspect-359	camera-inspect	camera-inspect/camera_inspect_359.sh	相机素材检查
camera-inspect-360	camera-inspect	camera-inspect/camera_inspect_360.sh	相机素材检查
camera-inspect-361	camera-inspect	camera-inspect/camera_inspect_361.sh	相机素材检查
camera-inspect-362	camera-inspect	camera-inspect/camera_inspect_362.sh	相机素材检查
camera-inspect-363	camera-inspect	camera-inspect/camera_inspect_363.sh	相机素材检查
camera-inspect-364	camera-inspect	camera-inspect/camera_inspect_364.sh	相机素材检查
camera-inspect-365	camera-inspect	camera-inspect/camera_inspect_365.sh	相机素材检查
camera-inspect-366	camera-inspect	camera-inspect/camera_inspect_366.sh	相机素材检查
camera-inspect-367	camera-inspect	camera-inspect/camera_inspect_367.sh	相机素材检查
camera-inspect-368	camera-inspect	camera-inspect/camera_inspect_368.sh	相机素材检查
camera-inspect-369	camera-inspect	camera-inspect/camera_inspect_369.sh	相机素材检查
camera-inspect-370	camera-inspect	camera-inspect/camera_inspect_370.sh	相机素材检查
camera-inspect-371	camera-inspect	camera-inspect/camera_inspect_371.sh	相机素材检查
camera-inspect-372	camera-inspect	camera-inspect/camera_inspect_372.sh	相机素材检查
camera-inspect-373	camera-inspect	camera-inspect/camera_inspect_373.sh	相机素材检查
camera-inspect-374	camera-inspect	camera-inspect/camera_inspect_374.sh	相机素材检查
camera-inspect-375	camera-inspect	camera-inspect/camera_inspect_375.sh	相机素材检查
camera-inspect-376	camera-inspect	camera-inspect/camera_inspect_376.sh	相机素材检查
camera-inspect-377	camera-inspect	camera-inspect/camera_inspect_377.sh	相机素材检查
camera-inspect-378	camera-inspect	camera-inspect/camera_inspect_378.sh	相机素材检查
camera-inspect-379	camera-inspect	camera-inspect/camera_inspect_379.sh	相机素材检查
camera-inspect-380	camera-inspect	camera-inspect/camera_inspect_380.sh	相机素材检查
camera-inspect-381	camera-inspect	camera-inspect/camera_inspect_381.sh	相机素材检查
camera-inspect-382	camera-inspect	camera-inspect/camera_inspect_382.sh	相机素材检查
camera-inspect-383	camera-inspect	camera-inspect/camera_inspect_383.sh	相机素材检查
camera-inspect-384	camera-inspect	camera-inspect/camera_inspect_384.sh	相机素材检查
camera-inspect-385	camera-inspect	camera-inspect/camera_inspect_385.sh	相机素材检查
camera-inspect-386	camera-inspect	camera-inspect/camera_inspect_386.sh	相机素材检查
camera-inspect-387	camera-inspect	camera-inspect/camera_inspect_387.sh	相机素材检查
camera-inspect-388	camera-inspect	camera-inspect/camera_inspect_388.sh	相机素材检查
camera-inspect-389	camera-inspect	camera-inspect/camera_inspect_389.sh	相机素材检查
camera-inspect-390	camera-inspect	camera-inspect/camera_inspect_390.sh	相机素材检查
camera-inspect-391	camera-inspect	camera-inspect/camera_inspect_391.sh	相机素材检查
camera-inspect-392	camera-inspect	camera-inspect/camera_inspect_392.sh	相机素材检查
camera-inspect-393	camera-inspect	camera-inspect/camera_inspect_393.sh	相机素材检查
camera-inspect-394	camera-inspect	camera-inspect/camera_inspect_394.sh	相机素材检查
camera-inspect-395	camera-inspect	camera-inspect/camera_inspect_395.sh	相机素材检查
camera-inspect-396	camera-inspect	camera-inspect/camera_inspect_396.sh	相机素材检查
camera-inspect-397	camera-inspect	camera-inspect/camera_inspect_397.sh	相机素材检查
camera-inspect-398	camera-inspect	camera-inspect/camera_inspect_398.sh	相机素材检查
camera-inspect-399	camera-inspect	camera-inspect/camera_inspect_399.sh	相机素材检查
camera-inspect-400	camera-inspect	camera-inspect/camera_inspect_400.sh	相机素材检查
camera-inspect-401	camera-inspect	camera-inspect/camera_inspect_401.sh	相机素材检查
camera-inspect-402	camera-inspect	camera-inspect/camera_inspect_402.sh	相机素材检查
camera-inspect-403	camera-inspect	camera-inspect/camera_inspect_403.sh	相机素材检查
camera-inspect-404	camera-inspect	camera-inspect/camera_inspect_404.sh	相机素材检查
camera-inspect-405	camera-inspect	camera-inspect/camera_inspect_405.sh	相机素材检查
camera-inspect-406	camera-inspect	camera-inspect/camera_inspect_406.sh	相机素材检查
camera-inspect-407	camera-inspect	camera-inspect/camera_inspect_407.sh	相机素材检查
camera-inspect-408	camera-inspect	camera-inspect/camera_inspect_408.sh	相机素材检查
camera-inspect-409	camera-inspect	camera-inspect/camera_inspect_409.sh	相机素材检查
camera-inspect-410	camera-inspect	camera-inspect/camera_inspect_410.sh	相机素材检查
camera-inspect-411	camera-inspect	camera-inspect/camera_inspect_411.sh	相机素材检查
camera-inspect-412	camera-inspect	camera-inspect/camera_inspect_412.sh	相机素材检查
camera-inspect-413	camera-inspect	camera-inspect/camera_inspect_413.sh	相机素材检查
camera-inspect-414	camera-inspect	camera-inspect/camera_inspect_414.sh	相机素材检查
camera-inspect-415	camera-inspect	camera-inspect/camera_inspect_415.sh	相机素材检查
camera-inspect-416	camera-inspect	camera-inspect/camera_inspect_416.sh	相机素材检查
camera-inspect-417	camera-inspect	camera-inspect/camera_inspect_417.sh	相机素材检查
camera-inspect-418	camera-inspect	camera-inspect/camera_inspect_418.sh	相机素材检查
camera-inspect-419	camera-inspect	camera-inspect/camera_inspect_419.sh	相机素材检查
camera-inspect-420	camera-inspect	camera-inspect/camera_inspect_420.sh	相机素材检查
camera-inspect-421	camera-inspect	camera-inspect/camera_inspect_421.sh	相机素材检查
camera-inspect-422	camera-inspect	camera-inspect/camera_inspect_422.sh	相机素材检查
camera-inspect-423	camera-inspect	camera-inspect/camera_inspect_423.sh	相机素材检查
camera-inspect-424	camera-inspect	camera-inspect/camera_inspect_424.sh	相机素材检查
camera-inspect-425	camera-inspect	camera-inspect/camera_inspect_425.sh	相机素材检查
camera-inspect-426	camera-inspect	camera-inspect/camera_inspect_426.sh	相机素材检查
camera-inspect-427	camera-inspect	camera-inspect/camera_inspect_427.sh	相机素材检查
camera-inspect-428	camera-inspect	camera-inspect/camera_inspect_428.sh	相机素材检查
camera-inspect-429	camera-inspect	camera-inspect/camera_inspect_429.sh	相机素材检查
camera-inspect-430	camera-inspect	camera-inspect/camera_inspect_430.sh	相机素材检查
camera-inspect-431	camera-inspect	camera-inspect/camera_inspect_431.sh	相机素材检查
camera-inspect-432	camera-inspect	camera-inspect/camera_inspect_432.sh	相机素材检查
camera-inspect-433	camera-inspect	camera-inspect/camera_inspect_433.sh	相机素材检查
camera-inspect-434	camera-inspect	camera-inspect/camera_inspect_434.sh	相机素材检查
camera-inspect-435	camera-inspect	camera-inspect/camera_inspect_435.sh	相机素材检查
camera-inspect-436	camera-inspect	camera-inspect/camera_inspect_436.sh	相机素材检查
camera-inspect-437	camera-inspect	camera-inspect/camera_inspect_437.sh	相机素材检查
camera-inspect-438	camera-inspect	camera-inspect/camera_inspect_438.sh	相机素材检查
camera-inspect-439	camera-inspect	camera-inspect/camera_inspect_439.sh	相机素材检查
camera-inspect-440	camera-inspect	camera-inspect/camera_inspect_440.sh	相机素材检查
camera-inspect-441	camera-inspect	camera-inspect/camera_inspect_441.sh	相机素材检查
camera-inspect-442	camera-inspect	camera-inspect/camera_inspect_442.sh	相机素材检查
camera-inspect-443	camera-inspect	camera-inspect/camera_inspect_443.sh	相机素材检查
camera-inspect-444	camera-inspect	camera-inspect/camera_inspect_444.sh	相机素材检查
camera-inspect-445	camera-inspect	camera-inspect/camera_inspect_445.sh	相机素材检查
camera-inspect-446	camera-inspect	camera-inspect/camera_inspect_446.sh	相机素材检查
camera-inspect-447	camera-inspect	camera-inspect/camera_inspect_447.sh	相机素材检查
camera-inspect-448	camera-inspect	camera-inspect/camera_inspect_448.sh	相机素材检查
camera-inspect-449	camera-inspect	camera-inspect/camera_inspect_449.sh	相机素材检查
camera-inspect-450	camera-inspect	camera-inspect/camera_inspect_450.sh	相机素材检查
camera-inspect-451	camera-inspect	camera-inspect/camera_inspect_451.sh	相机素材检查
camera-inspect-452	camera-inspect	camera-inspect/camera_inspect_452.sh	相机素材检查
camera-inspect-453	camera-inspect	camera-inspect/camera_inspect_453.sh	相机素材检查
camera-inspect-454	camera-inspect	camera-inspect/camera_inspect_454.sh	相机素材检查
camera-inspect-455	camera-inspect	camera-inspect/camera_inspect_455.sh	相机素材检查
camera-inspect-456	camera-inspect	camera-inspect/camera_inspect_456.sh	相机素材检查
camera-inspect-457	camera-inspect	camera-inspect/camera_inspect_457.sh	相机素材检查
camera-inspect-458	camera-inspect	camera-inspect/camera_inspect_458.sh	相机素材检查
camera-inspect-459	camera-inspect	camera-inspect/camera_inspect_459.sh	相机素材检查
camera-inspect-460	camera-inspect	camera-inspect/camera_inspect_460.sh	相机素材检查
camera-inspect-461	camera-inspect	camera-inspect/camera_inspect_461.sh	相机素材检查
camera-inspect-462	camera-inspect	camera-inspect/camera_inspect_462.sh	相机素材检查
camera-inspect-463	camera-inspect	camera-inspect/camera_inspect_463.sh	相机素材检查
camera-inspect-464	camera-inspect	camera-inspect/camera_inspect_464.sh	相机素材检查
camera-inspect-465	camera-inspect	camera-inspect/camera_inspect_465.sh	相机素材检查
camera-inspect-466	camera-inspect	camera-inspect/camera_inspect_466.sh	相机素材检查
camera-inspect-467	camera-inspect	camera-inspect/camera_inspect_467.sh	相机素材检查
camera-inspect-468	camera-inspect	camera-inspect/camera_inspect_468.sh	相机素材检查
camera-inspect-469	camera-inspect	camera-inspect/camera_inspect_469.sh	相机素材检查
camera-inspect-470	camera-inspect	camera-inspect/camera_inspect_470.sh	相机素材检查
camera-inspect-471	camera-inspect	camera-inspect/camera_inspect_471.sh	相机素材检查
camera-inspect-472	camera-inspect	camera-inspect/camera_inspect_472.sh	相机素材检查
camera-inspect-473	camera-inspect	camera-inspect/camera_inspect_473.sh	相机素材检查
camera-inspect-474	camera-inspect	camera-inspect/camera_inspect_474.sh	相机素材检查
camera-inspect-475	camera-inspect	camera-inspect/camera_inspect_475.sh	相机素材检查
camera-inspect-476	camera-inspect	camera-inspect/camera_inspect_476.sh	相机素材检查
camera-inspect-477	camera-inspect	camera-inspect/camera_inspect_477.sh	相机素材检查
camera-inspect-478	camera-inspect	camera-inspect/camera_inspect_478.sh	相机素材检查
camera-inspect-479	camera-inspect	camera-inspect/camera_inspect_479.sh	相机素材检查
camera-inspect-480	camera-inspect	camera-inspect/camera_inspect_480.sh	相机素材检查
camera-inspect-481	camera-inspect	camera-inspect/camera_inspect_481.sh	相机素材检查
camera-inspect-482	camera-inspect	camera-inspect/camera_inspect_482.sh	相机素材检查
camera-inspect-483	camera-inspect	camera-inspect/camera_inspect_483.sh	相机素材检查
camera-inspect-484	camera-inspect	camera-inspect/camera_inspect_484.sh	相机素材检查
camera-inspect-485	camera-inspect	camera-inspect/camera_inspect_485.sh	相机素材检查
camera-inspect-486	camera-inspect	camera-inspect/camera_inspect_486.sh	相机素材检查
camera-inspect-487	camera-inspect	camera-inspect/camera_inspect_487.sh	相机素材检查
camera-inspect-488	camera-inspect	camera-inspect/camera_inspect_488.sh	相机素材检查
media-pipeline-001	media-pipeline	media-pipeline/media_pipeline_001.sh	媒体管线检查
media-pipeline-002	media-pipeline	media-pipeline/media_pipeline_002.sh	媒体管线检查
media-pipeline-003	media-pipeline	media-pipeline/media_pipeline_003.sh	媒体管线检查
media-pipeline-004	media-pipeline	media-pipeline/media_pipeline_004.sh	媒体管线检查
media-pipeline-005	media-pipeline	media-pipeline/media_pipeline_005.sh	媒体管线检查
media-pipeline-006	media-pipeline	media-pipeline/media_pipeline_006.sh	媒体管线检查
media-pipeline-007	media-pipeline	media-pipeline/media_pipeline_007.sh	媒体管线检查
media-pipeline-008	media-pipeline	media-pipeline/media_pipeline_008.sh	媒体管线检查
